{
"type": "FeatureCollection",
"name": "Formas estaciones metrovalencia",
"features": [
{"type":"Feature","properties":{"fid":1,"id":"1737","autoridad_area_cas":"GVA","autoridad_area_val":"GVA","transbordo_cas":"No","transbordo_val":"No","tipo_uso_cas":"Pasajeros","tipo_uso_val":"Passatgers","tipo_estfc_cas":"Apeadero","tipo_estfc_val":"Baixador","situacionvertical_cas":"En superficie","situacionvertical_val":"En superfície","n_andenes_cas":"1","n_andenes_val":"1","inifintrayecto_cas":"No","inifintrayecto_val":"No","ficticio_cas":"Verdadero","ficticio_val":"Vertader","estadofis_cas":"En uso","estadofis_val":"En ús","estado_cas":"Vigente","estado_val":"Vigent","id_estfc":"462440000001","id_areafc":"462440000001","bajabd":"","created_user":"ICV","last_edited_user":"ICV","last_edited_date":"20240214113604","altabd":"20230908120333","globalid":"{3896199C-837E-428D-8B51-FF89DB4A4348}","nombre":"Col.legi El Vedat","st_area_shape_":"817.9742000009998","st_perimeter_shape_":"153.273739021405"},"geometry":{"type":"Polygon","coordinates":[[[-0.4603097,39.4111871],[-0.4601611,39.4111826],[-0.4601522,39.4114723],[-0.4601519,39.411762],[-0.4602955,39.4117611],[-0.4603097,39.4111871]]]}},
{"type":"Feature","properties":{"fid":2,"id":"1641","autoridad_area_cas":"GVA","autoridad_area_val":"GVA","transbordo_cas":"No","transbordo_val":"No","tipo_uso_cas":"Pasajeros","tipo_uso_val":"Passatgers","tipo_estfc_cas":"Apeadero","tipo_estfc_val":"Baixador","situacionvertical_cas":"En superficie","situacionvertical_val":"En superfície","n_andenes_cas":"1","n_andenes_val":"1","inifintrayecto_cas":"No","inifintrayecto_val":"No","ficticio_cas":"Verdadero","ficticio_val":"Vertader","estadofis_cas":"En uso","estadofis_val":"En ús","estado_cas":"Vigente","estado_val":"Vigent","id_estfc":"461900000005","id_areafc":"461900000005","bajabd":"","created_user":"ICV","last_edited_user":"ICV","last_edited_date":"20240214113604","altabd":"20230908120333","globalid":"{4F58348B-3BCF-4A8A-939B-F924720A0596}","nombre":"Santa Rita","st_area_shape_":"680.5904499845758","st_perimeter_shape_":"159.89531479969017"},"geometry":{"type":"Polygon","coordinates":[[[-0.4556294,39.5061158],[-0.4557037,39.5060457],[-0.4550814,39.5056487],[-0.4550152,39.5057118],[-0.4551931,39.505825],[-0.4551779,39.5058392],[-0.4552235,39.5058575],[-0.4556294,39.5061158]]]}},
{"type":"Feature","properties":{"fid":3,"id":"1733","autoridad_area_cas":"GVA","autoridad_area_val":"GVA","transbordo_cas":"No","transbordo_val":"No","tipo_uso_cas":"Pasajeros","tipo_uso_val":"Passatgers","tipo_estfc_cas":"Apeadero","tipo_estfc_val":"Baixador","situacionvertical_cas":"En superficie","situacionvertical_val":"En superfície","n_andenes_cas":"1","n_andenes_val":"1","inifintrayecto_cas":"No","inifintrayecto_val":"No","ficticio_cas":"Verdadero","ficticio_val":"Vertader","estadofis_cas":"En uso","estadofis_val":"En ús","estado_cas":"Vigente","estado_val":"Vigent","id_estfc":"460190000001","id_areafc":"460190000001","bajabd":"","created_user":"ICV","last_edited_user":"ICV","last_edited_date":"20240214113604","altabd":"20230908120333","globalid":"{B4835177-3AF3-4538-95D7-A3945565A519}","nombre":"Montortal","st_area_shape_":"726.5112000088963","st_perimeter_shape_":"167.13226747557002"},"geometry":{"type":"Polygon","coordinates":[[[-0.5157896,39.174695],[-0.5156943,39.1740352],[-0.515581,39.1740453],[-0.5156763,39.1747049],[-0.5157896,39.174695]]]}},
{"type":"Feature","properties":{"fid":4,"id":"1736","autoridad_area_cas":"GVA","autoridad_area_val":"GVA","transbordo_cas":"No","transbordo_val":"No","tipo_uso_cas":"Pasajeros","tipo_uso_val":"Passatgers","tipo_estfc_cas":"Apeadero","tipo_estfc_val":"Baixador","situacionvertical_cas":"En superficie","situacionvertical_val":"En superfície","n_andenes_cas":"1","n_andenes_val":"1","inifintrayecto_cas":"No","inifintrayecto_val":"No","ficticio_cas":"Verdadero","ficticio_val":"Vertader","estadofis_cas":"En uso","estadofis_val":"En ús","estado_cas":"Vigente","estado_val":"Vigent","id_estfc":"461940000002","id_areafc":"461940000002","bajabd":"","created_user":"ICV","last_edited_user":"ICV","last_edited_date":"20240214113604","altabd":"20230908120333","globalid":"{E203FB2C-27F6-46CB-B1D1-F23641203D92}","nombre":"Sant Ramón","st_area_shape_":"693.9639499978257","st_perimeter_shape_":"155.9635074815793"},"geometry":{"type":"Polygon","coordinates":[[[-0.4672438,39.3845284],[-0.4675,39.3839886],[-0.4674133,39.3839616],[-0.4672833,39.3842207],[-0.4672356,39.3842512],[-0.4672144,39.3842946],[-0.4671721,39.3842818],[-0.4670948,39.3844458],[-0.4671569,39.3844625],[-0.4671407,39.3844986],[-0.4672438,39.3845284]]]}},
{"type":"Feature","properties":{"fid":6,"id":"1732","autoridad_area_cas":"GVA","autoridad_area_val":"GVA","transbordo_cas":"No","transbordo_val":"No","tipo_uso_cas":"Pasajeros","tipo_uso_val":"Passatgers","tipo_estfc_cas":"Apeadero","tipo_estfc_val":"Baixador","situacionvertical_cas":"En superficie","situacionvertical_val":"En superfície","n_andenes_cas":"1","n_andenes_val":"1","inifintrayecto_cas":"No","inifintrayecto_val":"No","ficticio_cas":"Verdadero","ficticio_val":"Vertader","estadofis_cas":"En uso","estadofis_val":"En ús","estado_cas":"Vigente","estado_val":"Vigent","id_estfc":"461620000001","id_areafc":"461620000001","bajabd":"","created_user":"ICV","last_edited_user":"ICV","last_edited_date":"20240214113604","altabd":"20230908120333","globalid":"{6942FACE-E997-4AC9-B4B1-9BA7A1D7CE23}","nombre":"Massalavés","st_area_shape_":"1189.4765500027434","st_perimeter_shape_":"212.76004088953542"},"geometry":{"type":"Polygon","coordinates":[[[-0.5183915,39.1440802],[-0.5181898,39.1440751],[-0.5181807,39.1442884],[-0.5183811,39.1442935],[-0.5183739,39.1444435],[-0.5184866,39.1444499],[-0.5185224,39.143736],[-0.5184082,39.1437327],[-0.5183915,39.1440802]]]}},
{"type":"Feature","properties":{"fid":9,"id":"1728","autoridad_area_cas":"GVA","autoridad_area_val":"GVA","transbordo_cas":"No","transbordo_val":"No","tipo_uso_cas":"Pasajeros","tipo_uso_val":"Passatgers","tipo_estfc_cas":"Apeadero","tipo_estfc_val":"Baixador","situacionvertical_cas":"En superficie","situacionvertical_val":"En superfície","n_andenes_cas":"1","n_andenes_val":"1","inifintrayecto_cas":"No","inifintrayecto_val":"No","ficticio_cas":"Verdadero","ficticio_val":"Vertader","estadofis_cas":"En uso","estadofis_val":"En ús","estado_cas":"Vigente","estado_val":"Vigent","id_estfc":"460700000002","id_areafc":"460700000002","bajabd":"","created_user":"ICV","last_edited_user":"ICV","last_edited_date":"20240214113604","altabd":"20230908120333","globalid":"{C3F2C4ED-FD59-4BB7-A181-A66640F5E55F}","nombre":"Horta Vella","st_area_shape_":"506.5618499698309","st_perimeter_shape_":"149.44121130943802"},"geometry":{"type":"Polygon","coordinates":[[[-0.4430641,39.5821644],[-0.4426937,39.581898],[-0.4427091,39.5818852],[-0.4425851,39.5817961],[-0.4425697,39.5818088],[-0.4425062,39.5817631],[-0.4424476,39.5818117],[-0.4430071,39.5822123],[-0.4430641,39.5821644]]]}},
{"type":"Feature","properties":{"fid":13,"id":"1768","autoridad_area_cas":"GVA","autoridad_area_val":"GVA","transbordo_cas":"No","transbordo_val":"No","tipo_uso_cas":"Pasajeros","tipo_uso_val":"Passatgers","tipo_estfc_cas":"Apeadero","tipo_estfc_val":"Baixador","situacionvertical_cas":"En superficie","situacionvertical_val":"En superfície","n_andenes_cas":"1","n_andenes_val":"1","inifintrayecto_cas":"No","inifintrayecto_val":"No","ficticio_cas":"Verdadero","ficticio_val":"Vertader","estadofis_cas":"En uso","estadofis_val":"En ús","estado_cas":"Vigente","estado_val":"Vigent","id_estfc":"461940000003","id_areafc":"461940000003","bajabd":"","created_user":"ICV","last_edited_user":"ICV","last_edited_date":"20240214113604","altabd":"20230908120333","globalid":"{8DEE218E-3245-4C8F-918D-D049EC7729A5}","nombre":"Omet","st_area_shape_":"782.407649983439","st_perimeter_shape_":"178.00322439889757"},"geometry":{"type":"Polygon","coordinates":[[[-0.4737234,39.3528142],[-0.4735528,39.353513],[-0.4736652,39.3535299],[-0.4738368,39.3528288],[-0.4737234,39.3528142]]]}},
{"type":"Feature","properties":{"fid":17,"id":"1734","autoridad_area_cas":"GVA","autoridad_area_val":"GVA","transbordo_cas":"No","transbordo_val":"No","tipo_uso_cas":"Pasajeros","tipo_uso_val":"Passatgers","tipo_estfc_cas":"Apeadero","tipo_estfc_val":"Baixador","situacionvertical_cas":"En superficie","situacionvertical_val":"En superfície","n_andenes_cas":"1","n_andenes_val":"1","inifintrayecto_cas":"No","inifintrayecto_val":"No","ficticio_cas":"Verdadero","ficticio_val":"Vertader","estadofis_cas":"En uso","estadofis_val":"En ús","estado_cas":"Vigente","estado_val":"Vigent","id_estfc":"460850000003","id_areafc":"460850000003","bajabd":"","created_user":"ICV","last_edited_user":"ICV","last_edited_date":"20240214113604","altabd":"20230908120333","globalid":"{38E1A823-2E22-4AD7-B58C-E96C3C034E53}","nombre":"Ausiàs March","st_area_shape_":"911.450399961947","st_perimeter_shape_":"205.30016784858637"},"geometry":{"type":"Polygon","coordinates":[[[-0.4923728,39.2492833],[-0.49229,39.2492237],[-0.491559,39.2498367],[-0.4916431,39.2498973],[-0.4923728,39.2492833]]]}},
{"type":"Feature","properties":{"fid":18,"id":"1640","autoridad_area_cas":"GVA","autoridad_area_val":"GVA","transbordo_cas":"No","transbordo_val":"No","tipo_uso_cas":"Pasajeros","tipo_uso_val":"Passatgers","tipo_estfc_cas":"Apeadero","tipo_estfc_val":"Baixador","situacionvertical_cas":"En superficie","situacionvertical_val":"En superfície","n_andenes_cas":"1","n_andenes_val":"1","inifintrayecto_cas":"No","inifintrayecto_val":"No","ficticio_cas":"Verdadero","ficticio_val":"Vertader","estadofis_cas":"En uso","estadofis_val":"En ús","estado_cas":"Vigente","estado_val":"Vigent","id_estfc":"461900000009","id_areafc":"461900000009","bajabd":"","created_user":"ICV","last_edited_user":"ICV","last_edited_date":"20240214113604","altabd":"20230908120333","globalid":"{72C93327-5680-47EB-8C89-8D219EE4C1EC}","nombre":"La Vallesa","st_area_shape_":"631.9996500183299","st_perimeter_shape_":"155.9624785967245"},"geometry":{"type":"Polygon","coordinates":[[[-0.4988714,39.5384075],[-0.4982808,39.537989],[-0.4982087,39.53805],[-0.4987222,39.5384139],[-0.4987986,39.538468],[-0.4988714,39.5384075]]]}},
{"type":"Feature","properties":{"fid":20,"id":"1735","autoridad_area_cas":"GVA","autoridad_area_val":"GVA","transbordo_cas":"No","transbordo_val":"No","tipo_uso_cas":"Pasajeros","tipo_uso_val":"Passatgers","tipo_estfc_cas":"Apeadero","tipo_estfc_val":"Baixador","situacionvertical_cas":"En superficie","situacionvertical_val":"En superfície","n_andenes_cas":"1","n_andenes_val":"1","inifintrayecto_cas":"No","inifintrayecto_val":"No","ficticio_cas":"Verdadero","ficticio_val":"Vertader","estadofis_cas":"En uso","estadofis_val":"En ús","estado_cas":"Vigente","estado_val":"Vigent","id_estfc":"461940000001","id_areafc":"461940000001","bajabd":"","created_user":"ICV","last_edited_user":"ICV","last_edited_date":"20240214113604","altabd":"20230908120333","globalid":"{5AF972EB-77E6-453F-BD27-DF7FC7768EFC}","nombre":"Espioca","st_area_shape_":"775.2992000144714","st_perimeter_shape_":"177.3911631148142"},"geometry":{"type":"Polygon","coordinates":[[[-0.4689464,39.3268084],[-0.4685491,39.3261687],[-0.4684464,39.3262073],[-0.4688439,39.3268468],[-0.4689464,39.3268084]]]}},
{"type":"Feature","properties":{"fid":22,"id":"1663","autoridad_area_cas":"GVA","autoridad_area_val":"GVA","transbordo_cas":"No","transbordo_val":"No","tipo_uso_cas":"Pasajeros","tipo_uso_val":"Passatgers","tipo_estfc_cas":"Apeadero","tipo_estfc_val":"Baixador","situacionvertical_cas":"En superficie","situacionvertical_val":"En superfície","n_andenes_cas":"1","n_andenes_val":"1","inifintrayecto_cas":"No","inifintrayecto_val":"No","ficticio_cas":"Verdadero","ficticio_val":"Vertader","estadofis_cas":"En uso","estadofis_val":"En ús","estado_cas":"Vigente","estado_val":"Vigent","id_estfc":"462500000058","id_areafc":"462500000058","bajabd":"","created_user":"ICV","last_edited_user":"ICV","last_edited_date":"20240214113604","altabd":"20230908120333","globalid":"{9CE18591-C180-4D93-8792-40670572472F}","nombre":"Cabanyal","st_area_shape_":"546.1679999835258","st_perimeter_shape_":"128.22223104464473"},"geometry":{"type":"Polygon","coordinates":[[[-0.3274563,39.4725205],[-0.3275731,39.4725308],[-0.3276436,39.4720476],[-0.3275269,39.4720374],[-0.3274563,39.4725205]]]}},
{"type":"Feature","properties":{"fid":23,"id":"1664","autoridad_area_cas":"GVA","autoridad_area_val":"GVA","transbordo_cas":"No","transbordo_val":"No","tipo_uso_cas":"Pasajeros","tipo_uso_val":"Passatgers","tipo_estfc_cas":"Apeadero","tipo_estfc_val":"Baixador","situacionvertical_cas":"En superficie","situacionvertical_val":"En superfície","n_andenes_cas":"1","n_andenes_val":"1","inifintrayecto_cas":"No","inifintrayecto_val":"No","ficticio_cas":"Verdadero","ficticio_val":"Vertader","estadofis_cas":"En uso","estadofis_val":"En ús","estado_cas":"Vigente","estado_val":"Vigent","id_estfc":"462500000029","id_areafc":"462500000029","bajabd":"","created_user":"ICV","last_edited_user":"ICV","last_edited_date":"20240214113604","altabd":"20230908120333","globalid":"{EC9BF782-35E9-44D7-B98B-DBC2151BBA98}","nombre":"Platja les Arenes","st_area_shape_":"508.9282999981108","st_perimeter_shape_":"126.861391902865"},"geometry":{"type":"Polygon","coordinates":[[[-0.3257155,39.4691568],[-0.3257182,39.4686705],[-0.3256087,39.4686702],[-0.325606,39.4691566],[-0.3257155,39.4691568]]]}},
{"type":"Feature","properties":{"fid":26,"id":"1585","autoridad_area_cas":"GVA","autoridad_area_val":"GVA","transbordo_cas":"No","transbordo_val":"No","tipo_uso_cas":"Pasajeros","tipo_uso_val":"Passatgers","tipo_estfc_cas":"Apeadero","tipo_estfc_val":"Baixador","situacionvertical_cas":"En superficie","situacionvertical_val":"En superfície","n_andenes_cas":"1","n_andenes_val":"1","inifintrayecto_cas":"No","inifintrayecto_val":"No","ficticio_cas":"Verdadero","ficticio_val":"Vertader","estadofis_cas":"En uso","estadofis_val":"En ús","estado_cas":"Vigente","estado_val":"Vigent","id_estfc":"460850000002","id_areafc":"460850000002","bajabd":"","created_user":"ICV","last_edited_user":"ICV","last_edited_date":"20240214113604","altabd":"20230908120333","globalid":"{52A72409-9E37-4090-BECC-F00A5A73467A}","nombre":"Benimodo","st_area_shape_":"1023.7286499957158","st_perimeter_shape_":"201.53063630900493"},"geometry":{"type":"Polygon","coordinates":[[[-0.5193201,39.2162425],[-0.5192714,39.2162606],[-0.5196627,39.2168972],[-0.5197659,39.2168592],[-0.5195826,39.2165586],[-0.5197125,39.2165102],[-0.5196147,39.2163499],[-0.5194828,39.2163985],[-0.5193751,39.2162219],[-0.5193201,39.2162425]]]}},
{"type":"Feature","properties":{"fid":29,"id":"1787","autoridad_area_cas":"GVA","autoridad_area_val":"GVA","transbordo_cas":"No","transbordo_val":"No","tipo_uso_cas":"Pasajeros","tipo_uso_val":"Passatgers","tipo_estfc_cas":"Apeadero","tipo_estfc_val":"Baixador","situacionvertical_cas":"En superficie","situacionvertical_val":"En superfície","n_andenes_cas":"1","n_andenes_val":"1","inifintrayecto_cas":"No","inifintrayecto_val":"No","ficticio_cas":"Verdadero","ficticio_val":"Vertader","estadofis_cas":"En uso","estadofis_val":"En ús","estado_cas":"Vigente","estado_val":"Vigent","id_estfc":"462140000004","id_areafc":"462140000004","bajabd":"","created_user":"ICV","last_edited_user":"ICV","last_edited_date":"20240214113604","altabd":"20230908120333","globalid":"{91FCCE0B-28CE-477C-B5E9-A045B6DF10AE}","nombre":"València la Vella","st_area_shape_":"1070.8764500143195","st_perimeter_shape_":"224.3759874833629"},"geometry":{"type":"Polygon","coordinates":[[[-0.5347101,39.5308386],[-0.5340321,39.5301745],[-0.5339375,39.5302324],[-0.5340643,39.5303567],[-0.5339929,39.5304003],[-0.5340819,39.5304874],[-0.5341532,39.5304437],[-0.5346156,39.5308965],[-0.5347101,39.5308386]]]}},
{"type":"Feature","properties":{"fid":32,"id":"1661","autoridad_area_cas":"GVA","autoridad_area_val":"GVA","transbordo_cas":"No","transbordo_val":"No","tipo_uso_cas":"Pasajeros","tipo_uso_val":"Passatgers","tipo_estfc_cas":"Apeadero","tipo_estfc_val":"Baixador","situacionvertical_cas":"En superficie","situacionvertical_val":"En superfície","n_andenes_cas":"1","n_andenes_val":"1","inifintrayecto_cas":"No","inifintrayecto_val":"No","ficticio_cas":"Verdadero","ficticio_val":"Vertader","estadofis_cas":"En uso","estadofis_val":"En ús","estado_cas":"Vigente","estado_val":"Vigent","id_estfc":"462500000021","id_areafc":"462500000021","bajabd":"","created_user":"ICV","last_edited_user":"ICV","last_edited_date":"20240214113604","altabd":"20230908120333","globalid":"{130C0A7C-5EAA-4515-806F-29F7AA7B8625}","nombre":"Platja Malva-rosa","st_area_shape_":"511.8935999801416","st_perimeter_shape_":"126.92776545655536"},"geometry":{"type":"Polygon","coordinates":[[[-0.3256884,39.4741591],[-0.32569,39.4736727],[-0.3255804,39.4736745],[-0.3255776,39.4741602],[-0.3256884,39.4741591]]]}},
{"type":"Feature","properties":{"fid":35,"id":"1762","autoridad_area_cas":"GVA","autoridad_area_val":"GVA","transbordo_cas":"No","transbordo_val":"No","tipo_uso_cas":"Pasajeros","tipo_uso_val":"Passatgers","tipo_estfc_cas":"Apeadero","tipo_estfc_val":"Baixador","situacionvertical_cas":"En superficie","situacionvertical_val":"En superfície","n_andenes_cas":"1","n_andenes_val":"1","inifintrayecto_cas":"No","inifintrayecto_val":"No","ficticio_cas":"Verdadero","ficticio_val":"Vertader","estadofis_cas":"En uso","estadofis_val":"En ús","estado_cas":"Vigente","estado_val":"Vigent","id_estfc":"461160000001","id_areafc":"461160000001","bajabd":"","created_user":"ICV","last_edited_user":"ICV","last_edited_date":"20240214113604","altabd":"20230908120333","globalid":"{66AF467E-4285-4689-B61F-543FF87FE48C}","nombre":"Gallipont - Torre del Virrei","st_area_shape_":"849.6307500034495","st_perimeter_shape_":"193.68312134711658"},"geometry":{"type":"Polygon","coordinates":[[[-0.5420459,39.5688951],[-0.5422777,39.5691413],[-0.5423696,39.5692388],[-0.5424631,39.5691822],[-0.5419472,39.5686376],[-0.5418496,39.5686864],[-0.5419924,39.5688383],[-0.5418862,39.5688984],[-0.5419401,39.5689552],[-0.5420459,39.5688951]]]}},
{"type":"Feature","properties":{"fid":36,"id":"1681","autoridad_area_cas":"GVA","autoridad_area_val":"GVA","transbordo_cas":"No","transbordo_val":"No","tipo_uso_cas":"Pasajeros","tipo_uso_val":"Passatgers","tipo_estfc_cas":"Estación","tipo_estfc_val":"Estació","situacionvertical_cas":"Subterráneo","situacionvertical_val":"Subterrani","n_andenes_cas":"1","n_andenes_val":"1","inifintrayecto_cas":"No","inifintrayecto_val":"No","ficticio_cas":"Verdadero","ficticio_val":"Vertader","estadofis_cas":"En uso","estadofis_val":"En ús","estado_cas":"Vigente","estado_val":"Vigent","id_estfc":"461590000003","id_areafc":"461590000003","bajabd":"","created_user":"ICV","last_edited_user":"ICV","last_edited_date":"20240214113604","altabd":"20230908120333","globalid":"{50177DD4-7031-4E38-9290-CA58B0E1EC8E}","nombre":"Manises","st_area_shape_":"3814.5001999975043","st_perimeter_shape_":"433.4521314816113"},"geometry":{"type":"Polygon","coordinates":[[[-0.4610035,39.4903227],[-0.4609181,39.4902679],[-0.4597789,39.4896463],[-0.459302,39.489386],[-0.4590945,39.4893026],[-0.4589831,39.489425],[-0.4590328,39.4894508],[-0.4591729,39.4895282],[-0.4596498,39.4897884],[-0.4603899,39.4901922],[-0.460789,39.4904101],[-0.4608863,39.4904515],[-0.4610035,39.4903227]]]}},
{"type":"Feature","properties":{"fid":37,"id":"1597","autoridad_area_cas":"GVA","autoridad_area_val":"GVA","transbordo_cas":"No","transbordo_val":"No","tipo_uso_cas":"Pasajeros","tipo_uso_val":"Passatgers","tipo_estfc_cas":"Estación","tipo_estfc_val":"Estació","situacionvertical_cas":"Subterráneo","situacionvertical_val":"Subterrani","n_andenes_cas":"1","n_andenes_val":"1","inifintrayecto_cas":"No","inifintrayecto_val":"No","ficticio_cas":"Verdadero","ficticio_val":"Vertader","estadofis_cas":"En uso","estadofis_val":"En ús","estado_cas":"Vigente","estado_val":"Vigent","id_estfc":"461020000001","id_areafc":"461020000001","bajabd":"","created_user":"ICV","last_edited_user":"ICV","last_edited_date":"20240214113604","altabd":"20230908120333","globalid":"{59AFC19B-D6E6-4596-AE13-B5748FA286A2}","nombre":"Faitanar","st_area_shape_":"3254.327799901271","st_perimeter_shape_":"379.0430587488381"},"geometry":{"type":"Polygon","coordinates":[[[-0.4318177,39.4770156],[-0.4317273,39.4771727],[-0.4320084,39.4772699],[-0.4323505,39.4773882],[-0.4329554,39.4775974],[-0.4332753,39.4777081],[-0.4335355,39.4777982],[-0.433626,39.4776411],[-0.4333659,39.4775512],[-0.4330458,39.4774404],[-0.4318177,39.4770156]]]}},
{"type":"Feature","properties":{"fid":38,"id":"1604","autoridad_area_cas":"GVA","autoridad_area_val":"GVA","transbordo_cas":"No","transbordo_val":"No","tipo_uso_cas":"Pasajeros","tipo_uso_val":"Passatgers","tipo_estfc_cas":"Estación","tipo_estfc_val":"Estació","situacionvertical_cas":"Subterráneo","situacionvertical_val":"Subterrani","n_andenes_cas":"1","n_andenes_val":"1","inifintrayecto_cas":"No","inifintrayecto_val":"No","ficticio_cas":"Verdadero","ficticio_val":"Vertader","estadofis_cas":"En uso","estadofis_val":"En ús","estado_cas":"Vigente","estado_val":"Vigent","id_estfc":"462500000051","id_areafc":"462500000051","bajabd":"","created_user":"ICV","last_edited_user":"ICV","last_edited_date":"20240214113604","altabd":"20230908120333","globalid":"{7825FCD4-644C-4E3E-8313-355FE3A1894F}","nombre":"Bailén","st_area_shape_":"5483.373050021588","st_perimeter_shape_":"731.2139101069006"},"geometry":{"type":"Polygon","coordinates":[[[-0.3790112,39.4631103],[-0.3792914,39.4631429],[-0.3792356,39.4633203],[-0.3792271,39.4633478],[-0.3792229,39.4633609],[-0.3792171,39.463378],[-0.3792055,39.4634163],[-0.3791219,39.4636852],[-0.3790203,39.4638258],[-0.3790019,39.4638767],[-0.3790366,39.4638842],[-0.3790062,39.4639683],[-0.3790616,39.4639805],[-0.3789495,39.4642355],[-0.3791083,39.4642763],[-0.3792333,39.4639835],[-0.3792354,39.4639787],[-0.3792599,39.4639849],[-0.3793237,39.4639764],[-0.3793863,39.4640162],[-0.3794065,39.4639973],[-0.3792653,39.4639071],[-0.3792992,39.4638224],[-0.3793202,39.4637677],[-0.3793364,39.4637242],[-0.3793521,39.4636805],[-0.3793673,39.4636368],[-0.3793821,39.4635931],[-0.3793964,39.4635492],[-0.379421,39.463471],[-0.3794197,39.4634707],[-0.3794342,39.463421],[-0.3794512,39.4633624],[-0.3794842,39.4632457],[-0.3795175,39.463128],[-0.3796464,39.4631545],[-0.3796556,39.4631274],[-0.3795256,39.4630998],[-0.3795426,39.4630389],[-0.3796302,39.4627576],[-0.3797205,39.4624801],[-0.3797302,39.4624496],[-0.3798746,39.4624798],[-0.3798836,39.4624542],[-0.3797376,39.4624236],[-0.3797407,39.4624128],[-0.3797577,39.4623828],[-0.3797787,39.4623214],[-0.3798097,39.4622354],[-0.3798437,39.4621504],[-0.379862,39.4621085],[-0.3798881,39.4620531],[-0.3800258,39.4618187],[-0.3798608,39.4617671],[-0.3797082,39.4619738],[-0.3795856,39.4622426],[-0.3795595,39.4623002],[-0.3795368,39.4623588],[-0.3795271,39.4623871],[-0.379508,39.4624471],[-0.3793553,39.4629374],[-0.3793324,39.4630111],[-0.3792995,39.46302],[-0.3792795,39.4630839],[-0.3792877,39.4630905],[-0.3790378,39.4630615],[-0.3790112,39.4631103]]]}},
{"type":"Feature","properties":{"fid":39,"id":"1759","autoridad_area_cas":"GVA","autoridad_area_val":"GVA","transbordo_cas":"No","transbordo_val":"No","tipo_uso_cas":"Pasajeros","tipo_uso_val":"Passatgers","tipo_estfc_cas":"Estación","tipo_estfc_val":"Estació","situacionvertical_cas":"Subterráneo","situacionvertical_val":"Subterrani","n_andenes_cas":"1","n_andenes_val":"1","inifintrayecto_cas":"No","inifintrayecto_val":"No","ficticio_cas":"Verdadero","ficticio_val":"Vertader","estadofis_cas":"En uso","estadofis_val":"En ús","estado_cas":"Vigente","estado_val":"Vigent","id_estfc":"462500000040","id_areafc":"462500000040","bajabd":"","created_user":"ICV","last_edited_user":"ICV","last_edited_date":"20240214113604","altabd":"20230908120333","globalid":"{54938642-6ED1-4858-AE35-4EFE4DED03AE}","nombre":"Benimàmet","st_area_shape_":"3573.706099944047","st_perimeter_shape_":"436.39105640564173"},"geometry":{"type":"Polygon","coordinates":[[[-0.4184305,39.5018037],[-0.4184135,39.5018041],[-0.4183904,39.5018046],[-0.4183747,39.5018049],[-0.418356,39.5018057],[-0.4183341,39.5018068],[-0.4183119,39.5018081],[-0.4182651,39.5018111],[-0.4182181,39.5018146],[-0.4181713,39.5018188],[-0.4181494,39.501821],[-0.4181275,39.5018232],[-0.4181058,39.5018255],[-0.4180841,39.501828],[-0.4180624,39.5018305],[-0.4180408,39.501833],[-0.4180191,39.5018356],[-0.4179977,39.5018382],[-0.4179761,39.5018407],[-0.417972,39.5018412],[-0.4179791,39.5019818],[-0.4183887,39.5019676],[-0.4184962,39.5019621],[-0.4185889,39.5019574],[-0.4186649,39.5019536],[-0.4196648,39.501919],[-0.4196997,39.5019183],[-0.4197873,39.5019166],[-0.4198702,39.501915],[-0.4198908,39.5019146],[-0.4199043,39.5019143],[-0.4199315,39.5019138],[-0.4199514,39.5019134],[-0.4199544,39.5019133],[-0.4199758,39.5019124],[-0.4199971,39.5019113],[-0.4200184,39.5019102],[-0.4200397,39.501909],[-0.4200612,39.5019075],[-0.4200825,39.501906],[-0.4201041,39.5019043],[-0.4201427,39.5019005],[-0.4201813,39.5018962],[-0.4202197,39.5018912],[-0.420258,39.5018856],[-0.4202962,39.5018792],[-0.4203084,39.5018771],[-0.4202879,39.5017347],[-0.4202835,39.5017352],[-0.4202384,39.5017384],[-0.420217,39.5017397],[-0.4201956,39.5017408],[-0.4201741,39.5017418],[-0.4201525,39.5017428],[-0.4201308,39.5017437],[-0.4201092,39.5017445],[-0.4200875,39.5017452],[-0.4200658,39.501746],[-0.4199232,39.501751],[-0.4197446,39.5017602],[-0.4196558,39.5017648],[-0.4189839,39.5017877],[-0.4189827,39.5017667],[-0.4184295,39.5017859],[-0.4184305,39.5018037]]]}},
{"type":"Feature","properties":{"fid":40,"id":"1680","autoridad_area_cas":"GVA","autoridad_area_val":"GVA","transbordo_cas":"No","transbordo_val":"No","tipo_uso_cas":"Pasajeros","tipo_uso_val":"Passatgers","tipo_estfc_cas":"Estación","tipo_estfc_val":"Estació","situacionvertical_cas":"Subterráneo","situacionvertical_val":"Subterrani","n_andenes_cas":"1","n_andenes_val":"1","inifintrayecto_cas":"No","inifintrayecto_val":"No","ficticio_cas":"Verdadero","ficticio_val":"Vertader","estadofis_cas":"En uso","estadofis_val":"En ús","estado_cas":"Vigente","estado_val":"Vigent","id_estfc":"461590000005","id_areafc":"461590000005","bajabd":"","created_user":"ICV","last_edited_user":"ICV","last_edited_date":"20240214113604","altabd":"20230908120333","globalid":"{B3D450D8-C27E-47A1-B038-FF1B70C725BD}","nombre":"Salt de l'Aigua","st_area_shape_":"6489.936950029206","st_perimeter_shape_":"551.4934302079976"},"geometry":{"type":"Polygon","coordinates":[[[-0.4517096,39.4859778],[-0.4518283,39.4858303],[-0.4517043,39.4857702],[-0.4516645,39.4857511],[-0.4516027,39.4857212],[-0.4514806,39.4856621],[-0.4513589,39.4856035],[-0.4512356,39.485547],[-0.4511362,39.4855038],[-0.4511772,39.4854433],[-0.4510742,39.4854015],[-0.451137,39.4853084],[-0.4500825,39.4848797],[-0.4499789,39.4850327],[-0.4498166,39.4849666],[-0.44985,39.4849176],[-0.4497905,39.4848931],[-0.4497569,39.4849424],[-0.4497146,39.4849253],[-0.4497484,39.4848759],[-0.4496364,39.4848299],[-0.4496025,39.4848796],[-0.4495306,39.4848493],[-0.4494285,39.4849948],[-0.4495002,39.4850343],[-0.4509493,39.4856234],[-0.4509801,39.4856362],[-0.4511437,39.4857065],[-0.4513038,39.4857815],[-0.4517096,39.4859778]]]}},
{"type":"Feature","properties":{"fid":41,"id":"1760","autoridad_area_cas":"GVA","autoridad_area_val":"GVA","transbordo_cas":"No","transbordo_val":"No","tipo_uso_cas":"Pasajeros","tipo_uso_val":"Passatgers","tipo_estfc_cas":"Estación","tipo_estfc_val":"Estació","situacionvertical_cas":"Subterráneo","situacionvertical_val":"Subterrani","n_andenes_cas":"1","n_andenes_val":"1","inifintrayecto_cas":"No","inifintrayecto_val":"No","ficticio_cas":"Verdadero","ficticio_val":"Vertader","estadofis_cas":"En uso","estadofis_val":"En ús","estado_cas":"Vigente","estado_val":"Vigent","id_estfc":"462500000047","id_areafc":"462500000047","bajabd":"","created_user":"ICV","last_edited_user":"ICV","last_edited_date":"20240214113604","altabd":"20230908120333","globalid":"{68F7D1B5-87AD-4762-868D-FD8CBB439E7C}","nombre":"Les Carolines-Fira","st_area_shape_":"3413.81075002033","st_perimeter_shape_":"404.52317520911686"},"geometry":{"type":"Polygon","coordinates":[[[-0.4248075,39.4991934],[-0.4248228,39.499203],[-0.4251723,39.4988703],[-0.4251564,39.4988602],[-0.4252955,39.4987274],[-0.4251393,39.4986242],[-0.4250974,39.4986596],[-0.4250564,39.4986955],[-0.4249996,39.4987479],[-0.4249445,39.4988003],[-0.4248713,39.4988702],[-0.4247871,39.4989505],[-0.4242122,39.4994995],[-0.4241389,39.4995694],[-0.4240499,39.4996554],[-0.4239958,39.4997098],[-0.4239303,39.4997795],[-0.4238802,39.4998356],[-0.4238254,39.4998986],[-0.4238059,39.499921],[-0.4239487,39.5000089],[-0.4239891,39.4999727],[-0.4240439,39.4999221],[-0.4241241,39.4998458],[-0.4243779,39.4996036],[-0.4248075,39.4991934]]]}},
{"type":"Feature","properties":{"fid":42,"id":"1794","autoridad_area_cas":"GVA","autoridad_area_val":"GVA","transbordo_cas":"No","transbordo_val":"No","tipo_uso_cas":"Pasajeros","tipo_uso_val":"Passatgers","tipo_estfc_cas":"Estación","tipo_estfc_val":"Estació","situacionvertical_cas":"Subterráneo","situacionvertical_val":"Subterrani","n_andenes_cas":"1","n_andenes_val":"1","inifintrayecto_cas":"No","inifintrayecto_val":"No","ficticio_cas":"Verdadero","ficticio_val":"Vertader","estadofis_cas":"En uso","estadofis_val":"En ús","estado_cas":"Vigente","estado_val":"Vigent","id_estfc":"462500000071","id_areafc":"462500000071","bajabd":"","created_user":"ICV","last_edited_user":"ICV","last_edited_date":"20240214113604","altabd":"20230908120333","globalid":"{B644021D-6F34-4902-96D2-C6161CE3972B}","nombre":"Russafa","st_area_shape_":"3469.2441999901744","st_perimeter_shape_":"532.7932116093956"},"geometry":{"type":"Polygon","coordinates":[[[-0.3703513,39.464274],[-0.370383,39.4641867],[-0.3703328,39.4641759],[-0.370333,39.4641754],[-0.3703098,39.4641702],[-0.3702956,39.4641476],[-0.3702972,39.4641429],[-0.3701882,39.4641195],[-0.3701885,39.4641187],[-0.3701567,39.4641118],[-0.3701565,39.4641121],[-0.3701209,39.4641044],[-0.3701209,39.4641047],[-0.3700382,39.464087],[-0.3700382,39.4640863],[-0.3699971,39.4640855],[-0.3699971,39.4640861],[-0.3699545,39.464077],[-0.3699543,39.4640772],[-0.3698604,39.464057],[-0.3698606,39.464056],[-0.3698262,39.4640487],[-0.369826,39.4640491],[-0.369825,39.4640485],[-0.3698158,39.4640438],[-0.3697907,39.464031],[-0.3697571,39.4640205],[-0.3697568,39.4640212],[-0.369747,39.4640182],[-0.3697518,39.4639939],[-0.3697534,39.4639941],[-0.3697581,39.4639701],[-0.3697573,39.46397],[-0.3697628,39.4639424],[-0.3697626,39.4639424],[-0.3697727,39.4638916],[-0.3697721,39.4638916],[-0.3697822,39.4638456],[-0.3695591,39.4637671],[-0.3695542,39.463764],[-0.369514,39.4638018],[-0.3695148,39.4638023],[-0.3694473,39.4638658],[-0.3694479,39.4638662],[-0.3694002,39.463911],[-0.3693533,39.4639397],[-0.369317,39.4639318],[-0.3693175,39.4639303],[-0.3692571,39.4639173],[-0.3692575,39.4639161],[-0.3692259,39.4639092],[-0.3692262,39.4639085],[-0.369184,39.4638994],[-0.369184,39.4638993],[-0.3691437,39.4638906],[-0.3691436,39.4638908],[-0.3690941,39.4638801],[-0.3690943,39.4638797],[-0.3690472,39.4638696],[-0.3690474,39.4638693],[-0.3690089,39.4638611],[-0.3689831,39.4638445],[-0.3689834,39.4638437],[-0.3689762,39.4638422],[-0.3689366,39.4638337],[-0.3689364,39.4638339],[-0.3688874,39.4638234],[-0.3688877,39.4638228],[-0.3688449,39.4638136],[-0.3688447,39.4638144],[-0.3688053,39.4638174],[-0.3687575,39.4638071],[-0.3687581,39.4638055],[-0.3686618,39.4637847],[-0.3686619,39.4637845],[-0.3686178,39.463775],[-0.3686179,39.4637747],[-0.3685705,39.4637645],[-0.3685706,39.463764],[-0.3685292,39.4637552],[-0.368529,39.4637557],[-0.3684869,39.4637466],[-0.3684872,39.463746],[-0.3683987,39.463727],[-0.3683989,39.4637266],[-0.3683463,39.4637153],[-0.3682999,39.4636822],[-0.3682717,39.4636559],[-0.3682466,39.4636287],[-0.368234,39.463615],[-0.3682131,39.4635922],[-0.3681875,39.4635556],[-0.3681869,39.4635559],[-0.3681726,39.4635354],[-0.3681714,39.4635359],[-0.3681277,39.4634745],[-0.3681289,39.4634739],[-0.3681175,39.4634583],[-0.3680194,39.4635007],[-0.3680369,39.4635289],[-0.3680562,39.4635575],[-0.3680625,39.4635667],[-0.3680752,39.4635834],[-0.3680922,39.4636055],[-0.3680973,39.4636123],[-0.3681181,39.4636352],[-0.368149,39.4636684],[-0.3681147,39.4637173],[-0.3680848,39.463711],[-0.3680845,39.4637118],[-0.3680199,39.4636979],[-0.3679978,39.46376],[-0.3680576,39.4637728],[-0.3680578,39.4637724],[-0.368105,39.4637826],[-0.3681041,39.4637852],[-0.3682059,39.463807],[-0.3682058,39.4638075],[-0.3682352,39.4638138],[-0.3682353,39.4638135],[-0.3682728,39.4638215],[-0.3682725,39.4638221],[-0.368337,39.463836],[-0.3683371,39.4638359],[-0.3685401,39.4638793],[-0.3685401,39.46388],[-0.3685396,39.4638806],[-0.3685696,39.4638871],[-0.36857,39.4638859],[-0.3686099,39.4638946],[-0.3686101,39.463894],[-0.368671,39.4639072],[-0.3686714,39.4639059],[-0.3687453,39.4639218],[-0.3687456,39.4639212],[-0.3687774,39.4639282],[-0.3687775,39.4639277],[-0.3688085,39.4639344],[-0.3688083,39.4639352],[-0.3688998,39.4639549],[-0.3689006,39.4639528],[-0.3689701,39.4639678],[-0.3689692,39.4639703],[-0.3689998,39.463977],[-0.369,39.4639765],[-0.3690343,39.4639839],[-0.3690345,39.4639834],[-0.3691013,39.4639978],[-0.3691012,39.4639983],[-0.369212,39.4640225],[-0.3692124,39.4640213],[-0.3692753,39.4640348],[-0.3692744,39.4640372],[-0.3693482,39.4640527],[-0.3693484,39.4640522],[-0.3694163,39.4640668],[-0.369416,39.4640677],[-0.3694494,39.4640749],[-0.3694496,39.4640745],[-0.3694944,39.464084],[-0.3694948,39.4640827],[-0.3695329,39.4640909],[-0.3695321,39.4640929],[-0.3695619,39.4640993],[-0.3695621,39.4640988],[-0.369596,39.4641062],[-0.3695958,39.4641063],[-0.3696633,39.4641209],[-0.3696635,39.4641203],[-0.3696986,39.4641278],[-0.3696982,39.4641288],[-0.3697324,39.4641362],[-0.3697327,39.4641354],[-0.3697776,39.4641449],[-0.3697769,39.4641466],[-0.3698035,39.4641524],[-0.3698032,39.4641534],[-0.3698388,39.464161],[-0.3698385,39.4641619],[-0.3698833,39.4641715],[-0.369883,39.4641723],[-0.369948,39.4641858],[-0.3699479,39.4641865],[-0.3701305,39.4642258],[-0.3701304,39.4642262],[-0.3702661,39.4642551],[-0.3702658,39.4642557],[-0.3703513,39.464274]]]}},
{"type":"Feature","properties":{"fid":43,"id":"1622","autoridad_area_cas":"GVA","autoridad_area_val":"GVA","transbordo_cas":"No","transbordo_val":"No","tipo_uso_cas":"Pasajeros","tipo_uso_val":"Passatgers","tipo_estfc_cas":"Estación","tipo_estfc_val":"Estació","situacionvertical_cas":"Subterráneo","situacionvertical_val":"Subterrani","n_andenes_cas":"1","n_andenes_val":"1","inifintrayecto_cas":"No","inifintrayecto_val":"No","ficticio_cas":"Verdadero","ficticio_val":"Vertader","estadofis_cas":"En uso","estadofis_val":"En ús","estado_cas":"Vigente","estado_val":"Vigent","id_estfc":"460130000002","id_areafc":"460130000002","bajabd":"","created_user":"ICV","last_edited_user":"ICV","last_edited_date":"20240214113604","altabd":"20230908120333","globalid":"{69922620-7ED9-49DE-B428-1770E74BF652}","nombre":"Alboraia Palmaret","st_area_shape_":"4165.683099988475","st_perimeter_shape_":"523.3462309563124"},"geometry":{"type":"Polygon","coordinates":[[[-0.3559726,39.4955134],[-0.3558981,39.4955814],[-0.355826,39.4956512],[-0.3558026,39.4956745],[-0.3558008,39.4956735],[-0.3557535,39.4957205],[-0.3555591,39.4956034],[-0.3556939,39.4955351],[-0.3556469,39.4954792],[-0.3555648,39.4955208],[-0.3555043,39.4954492],[-0.3549679,39.4957212],[-0.3550073,39.4957679],[-0.3552968,39.4956207],[-0.3553182,39.4956461],[-0.3553157,39.4956473],[-0.3555528,39.4959233],[-0.3550905,39.4963839],[-0.3550923,39.496385],[-0.3550415,39.4964366],[-0.3550397,39.4964355],[-0.3550024,39.4964739],[-0.3549668,39.4965133],[-0.3549328,39.4965535],[-0.3548886,39.4966092],[-0.3548466,39.4966659],[-0.3549032,39.4966891],[-0.3549545,39.4967153],[-0.3549574,39.4967119],[-0.3550132,39.4967351],[-0.355065,39.496679],[-0.3551494,39.4965877],[-0.3551853,39.4965527],[-0.3552555,39.4964835],[-0.3555677,39.4961726],[-0.3556751,39.4960655],[-0.3556835,39.4960755],[-0.355807,39.4960127],[-0.3557707,39.4959703],[-0.3559696,39.4957751],[-0.3559676,39.495774],[-0.3559834,39.4957585],[-0.356087,39.4956552],[-0.3561225,39.4956201],[-0.3561335,39.4956095],[-0.3559726,39.4955134]]]}},
{"type":"Feature","properties":{"fid":44,"id":"1621","autoridad_area_cas":"GVA","autoridad_area_val":"GVA","transbordo_cas":"No","transbordo_val":"No","tipo_uso_cas":"Pasajeros","tipo_uso_val":"Passatgers","tipo_estfc_cas":"Estación","tipo_estfc_val":"Estació","situacionvertical_cas":"Subterráneo","situacionvertical_val":"Subterrani","n_andenes_cas":"1","n_andenes_val":"1","inifintrayecto_cas":"No","inifintrayecto_val":"No","ficticio_cas":"Verdadero","ficticio_val":"Vertader","estadofis_cas":"En uso","estadofis_val":"En ús","estado_cas":"Vigente","estado_val":"Vigent","id_estfc":"461020000002","id_areafc":"461020000002","bajabd":"","created_user":"ICV","last_edited_user":"ICV","last_edited_date":"20240214113604","altabd":"20230908120333","globalid":"{0724A6F0-DE12-4718-A92C-9D6C0ECAD860}","nombre":"Quart de Poblet","st_area_shape_":"3730.409800004399","st_perimeter_shape_":"433.30035405625875"},"geometry":{"type":"Polygon","coordinates":[[[-0.4423321,39.4809734],[-0.4418319,39.4807325],[-0.4410916,39.480376],[-0.4405148,39.4800982],[-0.4403939,39.4802489],[-0.4409708,39.4805266],[-0.441711,39.4808832],[-0.4419827,39.481014],[-0.4419079,39.4811143],[-0.4419895,39.4811516],[-0.4420623,39.4810523],[-0.4422113,39.4811241],[-0.4423321,39.4809734]]]}},
{"type":"Feature","properties":{"fid":46,"id":"1742","autoridad_area_cas":"GVA","autoridad_area_val":"GVA","transbordo_cas":"Sí","transbordo_val":"Sí","tipo_uso_cas":"Pasajeros","tipo_uso_val":"Passatgers","tipo_estfc_cas":"Estación","tipo_estfc_val":"Estació","situacionvertical_cas":"Subterráneo","situacionvertical_val":"Subterrani","n_andenes_cas":"1","n_andenes_val":"1","inifintrayecto_cas":"No","inifintrayecto_val":"No","ficticio_cas":"Verdadero","ficticio_val":"Vertader","estadofis_cas":"En uso","estadofis_val":"En ús","estado_cas":"Vigente","estado_val":"Vigent","id_estfc":"461590000004","id_areafc":"461590000004","bajabd":"","created_user":"ICV","last_edited_user":"ICV","last_edited_date":"20240214113604","altabd":"20230908120333","globalid":"{14BFE942-1D1E-4F93-A984-29E1C95189C2}","nombre":"Roses","st_area_shape_":"4591.89484997409","st_perimeter_shape_":"459.21322302963875"},"geometry":{"type":"Polygon","coordinates":[[[-0.4677159,39.4927774],[-0.4675644,39.4927095],[-0.4668877,39.4924684],[-0.4669451,39.4923719],[-0.4662734,39.4921325],[-0.4662161,39.4922291],[-0.4657542,39.4920645],[-0.4655874,39.4920223],[-0.4655097,39.492153],[-0.4656604,39.4922224],[-0.4674706,39.4928674],[-0.4676359,39.4929121],[-0.4677159,39.4927774]]]}},
{"type":"Feature","properties":{"fid":47,"id":"1674","autoridad_area_cas":"GVA","autoridad_area_val":"GVA","transbordo_cas":"Sí","transbordo_val":"Sí","tipo_uso_cas":"Pasajeros","tipo_uso_val":"Passatgers","tipo_estfc_cas":"Estación","tipo_estfc_val":"Estació","situacionvertical_cas":"Subterráneo","situacionvertical_val":"Subterrani","n_andenes_cas":"1","n_andenes_val":"1","inifintrayecto_cas":"No","inifintrayecto_val":"No","ficticio_cas":"Verdadero","ficticio_val":"Vertader","estadofis_cas":"En uso","estadofis_val":"En ús","estado_cas":"Vigente","estado_val":"Vigent","id_estfc":"462500000010","id_areafc":"462500000010","bajabd":"","created_user":"ICV","last_edited_user":"ICV","last_edited_date":"20240214113604","altabd":"20230908120333","globalid":"{32AFAE52-4E53-44FD-922F-289D6D74177D}","nombre":"Colón","st_area_shape_":"3111.6236999824755","st_perimeter_shape_":"374.33963410413764"},"geometry":{"type":"Polygon","coordinates":[[[-0.3712271,39.4695347],[-0.3712253,39.4695333],[-0.3711956,39.4695634],[-0.3709945,39.469708],[-0.3707978,39.4698563],[-0.3704302,39.4701543],[-0.3703902,39.4701778],[-0.3703921,39.4701792],[-0.3702869,39.4702693],[-0.3704712,39.4703986],[-0.3705766,39.4703085],[-0.3705785,39.4703099],[-0.3706047,39.4702766],[-0.3706214,39.4702622],[-0.3706151,39.4702576],[-0.3707261,39.4701654],[-0.3707324,39.47017],[-0.3708032,39.4701124],[-0.3708597,39.4701555],[-0.3708564,39.4702088],[-0.37085,39.4703104],[-0.3709586,39.4703145],[-0.3709713,39.4701412],[-0.3710618,39.4700686],[-0.371071,39.4699328],[-0.3710518,39.4699179],[-0.3713537,39.4696985],[-0.3713943,39.4696788],[-0.3713926,39.4696773],[-0.3715099,39.4695966],[-0.3714992,39.4695875],[-0.3715995,39.4695176],[-0.371573,39.4694948],[-0.3714729,39.4695647],[-0.3713437,39.4694534],[-0.3712271,39.4695347]]]}},
{"type":"Feature","properties":{"fid":48,"id":"1766","autoridad_area_cas":"GVA","autoridad_area_val":"GVA","transbordo_cas":"No","transbordo_val":"No","tipo_uso_cas":"Pasajeros","tipo_uso_val":"Passatgers","tipo_estfc_cas":"Estación","tipo_estfc_val":"Estació","situacionvertical_cas":"En superficie","situacionvertical_val":"En superfície","n_andenes_cas":"2","n_andenes_val":"2","inifintrayecto_cas":"No","inifintrayecto_val":"No","ficticio_cas":"Verdadero","ficticio_val":"Vertader","estadofis_cas":"En uso","estadofis_val":"En ús","estado_cas":"Vigente","estado_val":"Vigent","id_estfc":"460310000001","id_areafc":"460310000001","bajabd":"","created_user":"ICV","last_edited_user":"ICV","last_edited_date":"20240214113604","altabd":"20230908120333","globalid":"{79DDC7A4-DF84-4F92-A9C2-00C8511A189E}","nombre":"Alginet","st_area_shape_":"1932.8224499695993","st_perimeter_shape_":"225.26261090029257"},"geometry":{"type":"Polygon","coordinates":[[[-0.4749882,39.2633288],[-0.4750452,39.2632083],[-0.4750744,39.2632165],[-0.4753274,39.2626676],[-0.4750952,39.2626046],[-0.4749906,39.2628299],[-0.4748527,39.2627918],[-0.4747595,39.2629952],[-0.4748997,39.263034],[-0.4747913,39.2632741],[-0.4749882,39.2633288]]]}},
{"type":"Feature","properties":{"fid":49,"id":"1723","autoridad_area_cas":"GVA","autoridad_area_val":"GVA","transbordo_cas":"No","transbordo_val":"No","tipo_uso_cas":"Pasajeros","tipo_uso_val":"Passatgers","tipo_estfc_cas":"Estación","tipo_estfc_val":"Estació","situacionvertical_cas":"En superficie","situacionvertical_val":"En superfície","n_andenes_cas":"2","n_andenes_val":"2","inifintrayecto_cas":"No","inifintrayecto_val":"No","ficticio_cas":"Verdadero","ficticio_val":"Vertader","estadofis_cas":"En uso","estadofis_val":"En ús","estado_cas":"Vigente","estado_val":"Vigent","id_estfc":"462160000001","id_areafc":"462160000001","bajabd":"","created_user":"ICV","last_edited_user":"ICV","last_edited_date":"20240214113604","altabd":"20230908120333","globalid":"{A2E73E23-4903-459B-95F4-12B508E9B9E3}","nombre":"Rocafort","st_area_shape_":"1611.7918000145644","st_perimeter_shape_":"224.4239069719924"},"geometry":{"type":"Polygon","coordinates":[[[-0.4069642,39.5294985],[-0.4071113,39.5295447],[-0.4071617,39.5294483],[-0.4072157,39.5294655],[-0.4072696,39.5293601],[-0.4073116,39.5292797],[-0.4074048,39.5293089],[-0.4074802,39.529169],[-0.4073652,39.5291332],[-0.407365,39.5291331],[-0.4074926,39.5288875],[-0.4074599,39.5288773],[-0.4074796,39.5288376],[-0.4073253,39.5287914],[-0.4069642,39.5294985]]]}},
{"type":"Feature","properties":{"fid":50,"id":"1630","autoridad_area_cas":"GVA","autoridad_area_val":"GVA","transbordo_cas":"No","transbordo_val":"No","tipo_uso_cas":"Pasajeros","tipo_uso_val":"Passatgers","tipo_estfc_cas":"Estación","tipo_estfc_val":"Estació","situacionvertical_cas":"En superficie","situacionvertical_val":"En superfície","n_andenes_cas":"2","n_andenes_val":"2","inifintrayecto_cas":"No","inifintrayecto_val":"No","ficticio_cas":"Verdadero","ficticio_val":"Vertader","estadofis_cas":"En uso","estadofis_val":"En ús","estado_cas":"Vigente","estado_val":"Vigent","id_estfc":"461660000001","id_areafc":"461660000001","bajabd":"","created_user":"ICV","last_edited_user":"ICV","last_edited_date":"20240214113604","altabd":"20230908120333","globalid":"{C016BB26-1326-49A9-BC3F-3CD216B9359F}","nombre":"Meliana","st_area_shape_":"1651.0795999715288","st_perimeter_shape_":"228.97022413697775"},"geometry":{"type":"Polygon","coordinates":[[[-0.3516227,39.527917],[-0.351508,39.527955],[-0.3516147,39.5281478],[-0.3517291,39.5281115],[-0.3519128,39.5284416],[-0.3520769,39.5283853],[-0.3517999,39.5278686],[-0.3517645,39.5278056],[-0.3517213,39.5277345],[-0.3516688,39.5276558],[-0.3515057,39.5277053],[-0.3516227,39.527917]]]}},
{"type":"Feature","properties":{"fid":52,"id":"1719","autoridad_area_cas":"GVA","autoridad_area_val":"GVA","transbordo_cas":"No","transbordo_val":"No","tipo_uso_cas":"Pasajeros","tipo_uso_val":"Passatgers","tipo_estfc_cas":"Estación","tipo_estfc_val":"Estació","situacionvertical_cas":"En superficie","situacionvertical_val":"En superfície","n_andenes_cas":"2","n_andenes_val":"2","inifintrayecto_cas":"No","inifintrayecto_val":"No","ficticio_cas":"Verdadero","ficticio_val":"Vertader","estadofis_cas":"En uso","estadofis_val":"En ús","estado_cas":"Vigente","estado_val":"Vigent","id_estfc":"461160000002","id_areafc":"461160000002","bajabd":"","created_user":"ICV","last_edited_user":"ICV","last_edited_date":"20240214113604","altabd":"20230908120333","globalid":"{9DB46F44-4B5F-4197-9DC3-8165A240EF80}","nombre":"L'Eliana","st_area_shape_":"1690.8300999766009","st_perimeter_shape_":"207.67681446842226"},"geometry":{"type":"Polygon","coordinates":[[[-0.5357474,39.5615884],[-0.5357576,39.5615858],[-0.5358483,39.5617927],[-0.5359228,39.5617732],[-0.5359245,39.5617772],[-0.5359573,39.5618527],[-0.5359335,39.561859],[-0.5359651,39.5619313],[-0.5359887,39.5619252],[-0.5360053,39.5619605],[-0.5361828,39.5619106],[-0.5361588,39.5618561],[-0.5361832,39.5618497],[-0.5359248,39.5612613],[-0.5357473,39.561308],[-0.535784,39.5613919],[-0.535674,39.5614208],[-0.5357474,39.5615884]]]}},
{"type":"Feature","properties":{"fid":53,"id":"1771","autoridad_area_cas":"GVA","autoridad_area_val":"GVA","transbordo_cas":"No","transbordo_val":"No","tipo_uso_cas":"Pasajeros","tipo_uso_val":"Passatgers","tipo_estfc_cas":"Estación","tipo_estfc_val":"Estació","situacionvertical_cas":"En superficie","situacionvertical_val":"En superfície","n_andenes_cas":"2","n_andenes_val":"2","inifintrayecto_cas":"No","inifintrayecto_val":"No","ficticio_cas":"Verdadero","ficticio_val":"Vertader","estadofis_cas":"En uso","estadofis_val":"En ús","estado_cas":"Vigente","estado_val":"Vigent","id_estfc":"462500000050","id_areafc":"462500000050","bajabd":"","created_user":"ICV","last_edited_user":"ICV","last_edited_date":"20240214113604","altabd":"20230908120333","globalid":"{1891CFF7-E7CC-4A8E-968E-A6B15B5967F4}","nombre":"Sant Isidre","st_area_shape_":"3219.30875008692","st_perimeter_shape_":"366.0097098594531"},"geometry":{"type":"Polygon","coordinates":[[[-0.4024848,39.4509849],[-0.402382,39.4510847],[-0.4025004,39.4511571],[-0.4025382,39.4511199],[-0.4025984,39.4511571],[-0.4026578,39.4510993],[-0.4026756,39.4510816],[-0.4027206,39.4510383],[-0.4035404,39.4502361],[-0.4036293,39.450228],[-0.403693,39.4501644],[-0.4037428,39.4501147],[-0.4034923,39.4499614],[-0.4033165,39.4501339],[-0.4033379,39.4501471],[-0.4024848,39.4509849]]]}},
{"type":"Feature","properties":{"fid":54,"id":"1638","autoridad_area_cas":"GVA","autoridad_area_val":"GVA","transbordo_cas":"No","transbordo_val":"No","tipo_uso_cas":"Pasajeros","tipo_uso_val":"Passatgers","tipo_estfc_cas":"Estación","tipo_estfc_val":"Estació","situacionvertical_cas":"En superficie","situacionvertical_val":"En superfície","n_andenes_cas":"2","n_andenes_val":"2","inifintrayecto_cas":"No","inifintrayecto_val":"No","ficticio_cas":"Verdadero","ficticio_val":"Vertader","estadofis_cas":"En uso","estadofis_val":"En ús","estado_cas":"Vigente","estado_val":"Vigent","id_estfc":"461900000002","id_areafc":"461900000002","bajabd":"","created_user":"ICV","last_edited_user":"ICV","last_edited_date":"20240214113604","altabd":"20230908120333","globalid":"{5950F152-B2F7-4384-9928-69AFDE4C0781}","nombre":"Campament","st_area_shape_":"2275.7032000533613","st_perimeter_shape_":"295.48186426142354"},"geometry":{"type":"Polygon","coordinates":[[[-0.4358835,39.4960687],[-0.4359372,39.4959415],[-0.4357447,39.4958927],[-0.4357638,39.4958534],[-0.4346377,39.4955637],[-0.4345918,39.495687],[-0.4348341,39.4957498],[-0.4348174,39.4957877],[-0.4350712,39.4958548],[-0.4351416,39.4958733],[-0.4351065,39.4959541],[-0.4353287,39.496012],[-0.4353637,39.4959315],[-0.4358835,39.4960687]]]}},
{"type":"Feature","properties":{"fid":55,"id":"1724","autoridad_area_cas":"GVA","autoridad_area_val":"GVA","transbordo_cas":"No","transbordo_val":"No","tipo_uso_cas":"Pasajeros","tipo_uso_val":"Passatgers","tipo_estfc_cas":"Estación","tipo_estfc_val":"Estació","situacionvertical_cas":"En superficie","situacionvertical_val":"En superfície","n_andenes_cas":"2","n_andenes_val":"2","inifintrayecto_cas":"No","inifintrayecto_val":"No","ficticio_cas":"Verdadero","ficticio_val":"Vertader","estadofis_cas":"En uso","estadofis_val":"En ús","estado_cas":"Vigente","estado_val":"Vigent","id_estfc":"462500000037","id_areafc":"462500000037","bajabd":"","created_user":"ICV","last_edited_user":"ICV","last_edited_date":"20240214113604","altabd":"20230908120333","globalid":"{B9981837-3D2C-4092-B27A-FF3A91FE1A5F}","nombre":"Massarrojos","st_area_shape_":"1226.049249985286","st_perimeter_shape_":"187.86242403498056"},"geometry":{"type":"Polygon","coordinates":[[[-0.403319,39.5362568],[-0.4032023,39.5361733],[-0.4031127,39.536244],[-0.4030203,39.5363126],[-0.4029254,39.5363789],[-0.4029176,39.5363718],[-0.4028154,39.5364372],[-0.4027112,39.5365005],[-0.4026049,39.5365618],[-0.4027074,39.536682],[-0.4028205,39.5366182],[-0.4028392,39.5366355],[-0.402979,39.5365461],[-0.4030301,39.5365913],[-0.4031784,39.5364906],[-0.4031117,39.5364316],[-0.403102,39.5364235],[-0.4031767,39.5363698],[-0.4032491,39.5363142],[-0.403319,39.5362568]]]}},
{"type":"Feature","properties":{"fid":56,"id":"1767","autoridad_area_cas":"GVA","autoridad_area_val":"GVA","transbordo_cas":"No","transbordo_val":"No","tipo_uso_cas":"Pasajeros","tipo_uso_val":"Passatgers","tipo_estfc_cas":"Estación","tipo_estfc_val":"Estació","situacionvertical_cas":"En superficie","situacionvertical_val":"En superfície","n_andenes_cas":"2","n_andenes_val":"2","inifintrayecto_cas":"No","inifintrayecto_val":"No","ficticio_cas":"Verdadero","ficticio_val":"Vertader","estadofis_cas":"En uso","estadofis_val":"En ús","estado_cas":"Vigente","estado_val":"Vigent","id_estfc":"460600000002","id_areafc":"460600000002","bajabd":"","created_user":"ICV","last_edited_user":"ICV","last_edited_date":"20240214113604","altabd":"20230908120333","globalid":"{AB5DD871-1E52-404D-9954-85483E3EB763}","nombre":"Font d'Almaguer","st_area_shape_":"1739.5812499947613","st_perimeter_shape_":"220.0947480536929"},"geometry":{"type":"Polygon","coordinates":[[[-0.4642702,39.2897385],[-0.4644896,39.2897465],[-0.4645036,39.2894474],[-0.4645767,39.2894498],[-0.4645783,39.28942],[-0.4645806,39.2893725],[-0.464663,39.289375],[-0.4646681,39.289265],[-0.4645129,39.2892605],[-0.4645193,39.2890521],[-0.4642828,39.2890478],[-0.4642702,39.2897385]]]}},
{"type":"Feature","properties":{"fid":57,"id":"1763","autoridad_area_cas":"GVA","autoridad_area_val":"GVA","transbordo_cas":"No","transbordo_val":"No","tipo_uso_cas":"Pasajeros","tipo_uso_val":"Passatgers","tipo_estfc_cas":"Estación","tipo_estfc_val":"Estació","situacionvertical_cas":"En superficie","situacionvertical_val":"En superfície","n_andenes_cas":"2","n_andenes_val":"2","inifintrayecto_cas":"No","inifintrayecto_val":"No","ficticio_cas":"Verdadero","ficticio_val":"Vertader","estadofis_cas":"En uso","estadofis_val":"En ús","estado_cas":"Vigente","estado_val":"Vigent","id_estfc":"460110000001","id_areafc":"460110000001","bajabd":"","created_user":"ICV","last_edited_user":"ICV","last_edited_date":"20240214113604","altabd":"20230908120333","globalid":"{DFC15405-7BB9-4AE4-A0AA-174C9D5EBE41}","nombre":"Alberic","st_area_shape_":"1981.4804499795978","st_perimeter_shape_":"221.63299487317886"},"geometry":{"type":"Polygon","coordinates":[[[-0.5237339,39.1166556],[-0.5235917,39.1169176],[-0.5234814,39.1168819],[-0.5233616,39.1171076],[-0.5234522,39.1171371],[-0.5234427,39.1171543],[-0.5234623,39.1171605],[-0.5233798,39.1173126],[-0.5236092,39.1173858],[-0.5239632,39.1167313],[-0.5239169,39.1167173],[-0.5237339,39.1166556]]]}},
{"type":"Feature","properties":{"fid":58,"id":"1631","autoridad_area_cas":"GVA","autoridad_area_val":"GVA","transbordo_cas":"No","transbordo_val":"No","tipo_uso_cas":"Pasajeros","tipo_uso_val":"Passatgers","tipo_estfc_cas":"Estación","tipo_estfc_val":"Estació","situacionvertical_cas":"En superficie","situacionvertical_val":"En superfície","n_andenes_cas":"2","n_andenes_val":"2","inifintrayecto_cas":"No","inifintrayecto_val":"No","ficticio_cas":"Verdadero","ficticio_val":"Vertader","estadofis_cas":"En uso","estadofis_val":"En ús","estado_cas":"Vigente","estado_val":"Vigent","id_estfc":"460320000001","id_areafc":"460320000001","bajabd":"","created_user":"ICV","last_edited_user":"ICV","last_edited_date":"20240214113604","altabd":"20230908120333","globalid":"{69BFCFCA-DF55-4A46-A791-EECD469046E8}","nombre":"Almàssera","st_area_shape_":"1727.8582500050004","st_perimeter_shape_":"230.36264065231586"},"geometry":{"type":"Polygon","coordinates":[[[-0.3541828,39.5124703],[-0.3541729,39.5122912],[-0.3543002,39.5122899],[-0.3542941,39.5121304],[-0.3541643,39.5121334],[-0.3541401,39.5116943],[-0.3539338,39.5116998],[-0.3539761,39.5124758],[-0.3541828,39.5124703]]]}},
{"type":"Feature","properties":{"fid":59,"id":"1779","autoridad_area_cas":"GVA","autoridad_area_val":"GVA","transbordo_cas":"No","transbordo_val":"No","tipo_uso_cas":"Pasajeros","tipo_uso_val":"Passatgers","tipo_estfc_cas":"Estación","tipo_estfc_val":"Estació","situacionvertical_cas":"En superficie","situacionvertical_val":"En superfície","n_andenes_cas":"2","n_andenes_val":"2","inifintrayecto_cas":"No","inifintrayecto_val":"No","ficticio_cas":"Verdadero","ficticio_val":"Vertader","estadofis_cas":"En uso","estadofis_val":"En ús","estado_cas":"Vigente","estado_val":"Vigent","id_estfc":"460780000002","id_areafc":"460780000002","bajabd":"","created_user":"ICV","last_edited_user":"ICV","last_edited_date":"20240214113604","altabd":"20230908120333","globalid":"{812E6B45-B572-4AE0-A740-FDF3E47A5084}","nombre":"Burjassot-Godella","st_area_shape_":"1572.6177000269622","st_perimeter_shape_":"224.31865841376109"},"geometry":{"type":"Polygon","coordinates":[[[-0.4116325,39.5135413],[-0.411811,39.5134929],[-0.411685,39.5132063],[-0.4116769,39.5131881],[-0.4117449,39.5131699],[-0.4116928,39.5130531],[-0.4116239,39.5130717],[-0.4114878,39.5127681],[-0.4114194,39.5127865],[-0.4114933,39.5129505],[-0.411346,39.5129844],[-0.4114373,39.5132216],[-0.4114508,39.5132568],[-0.4115629,39.5135276],[-0.411576,39.5135566],[-0.4116325,39.5135413]]]}},
{"type":"Feature","properties":{"fid":60,"id":"1783","autoridad_area_cas":"GVA","autoridad_area_val":"GVA","transbordo_cas":"No","transbordo_val":"No","tipo_uso_cas":"Pasajeros","tipo_uso_val":"Passatgers","tipo_estfc_cas":"Estación","tipo_estfc_val":"Estació","situacionvertical_cas":"En superficie","situacionvertical_val":"En superfície","n_andenes_cas":"2","n_andenes_val":"2","inifintrayecto_cas":"No","inifintrayecto_val":"No","ficticio_cas":"Verdadero","ficticio_val":"Vertader","estadofis_cas":"En uso","estadofis_val":"En ús","estado_cas":"Vigente","estado_val":"Vigent","id_estfc":"461590000006","id_areafc":"461590000006","bajabd":"","created_user":"ICV","last_edited_user":"ICV","last_edited_date":"20240214113604","altabd":"20230908120333","globalid":"{65FDD74B-593C-40E4-98B5-3ED7A9A2F638}","nombre":"La Cova","st_area_shape_":"1666.770299978594","st_perimeter_shape_":"223.95080974191845"},"geometry":{"type":"Polygon","coordinates":[[[-0.4848985,39.4991587],[-0.4849782,39.4990264],[-0.4848377,39.4989752],[-0.4848467,39.4989605],[-0.4839987,39.4986517],[-0.4839099,39.498798],[-0.4848985,39.4991587]]]}},
{"type":"Feature","properties":{"fid":62,"id":"1721","autoridad_area_cas":"GVA","autoridad_area_val":"GVA","transbordo_cas":"No","transbordo_val":"No","tipo_uso_cas":"Pasajeros","tipo_uso_val":"Passatgers","tipo_estfc_cas":"Estación","tipo_estfc_val":"Estació","situacionvertical_cas":"En superficie","situacionvertical_val":"En superfície","n_andenes_cas":"2","n_andenes_val":"2","inifintrayecto_cas":"No","inifintrayecto_val":"No","ficticio_cas":"Verdadero","ficticio_val":"Vertader","estadofis_cas":"En uso","estadofis_val":"En ús","estado_cas":"Vigente","estado_val":"Vigent","id_estfc":"460510000001","id_areafc":"460510000001","bajabd":"","created_user":"ICV","last_edited_user":"ICV","last_edited_date":"20240214113604","altabd":"20230908120333","globalid":"{32714C1A-F022-41B6-AE1A-64491F6D1E3F}","nombre":"Fondo de Benaguasil","st_area_shape_":"1676.5848500173945","st_perimeter_shape_":"218.67153933882304"},"geometry":{"type":"Polygon","coordinates":[[[-0.5783163,39.5930013],[-0.5784476,39.5929327],[-0.5783653,39.5928383],[-0.5784857,39.5927756],[-0.5782798,39.5925386],[-0.5781636,39.5925992],[-0.578159,39.5926016],[-0.5780478,39.5924741],[-0.5780127,39.5924901],[-0.5779657,39.5924387],[-0.5778615,39.5924894],[-0.5780415,39.5926917],[-0.5779046,39.5927635],[-0.5780596,39.5929402],[-0.5781806,39.5928766],[-0.5782226,39.592925],[-0.5782413,39.5929158],[-0.5783163,39.5930013]]]}},
{"type":"Feature","properties":{"fid":63,"id":"1588","autoridad_area_cas":"GVA","autoridad_area_val":"GVA","transbordo_cas":"No","transbordo_val":"No","tipo_uso_cas":"Pasajeros","tipo_uso_val":"Passatgers","tipo_estfc_cas":"Estación","tipo_estfc_val":"Estació","situacionvertical_cas":"En superficie","situacionvertical_val":"En superfície","n_andenes_cas":"2","n_andenes_val":"2","inifintrayecto_cas":"No","inifintrayecto_val":"No","ficticio_cas":"Verdadero","ficticio_val":"Vertader","estadofis_cas":"En uso","estadofis_val":"En ús","estado_cas":"Vigente","estado_val":"Vigent","id_estfc":"460510000002","id_areafc":"460510000002","bajabd":"","created_user":"ICV","last_edited_user":"ICV","last_edited_date":"20240214113604","altabd":"20230908120333","globalid":"{4B949913-1EEC-46B7-A7A5-28F0F474222A}","nombre":"Benaguasil","st_area_shape_":"1309.858199987419","st_perimeter_shape_":"206.77504605117127"},"geometry":{"type":"Polygon","coordinates":[[[-0.5843872,39.5993424],[-0.5845001,39.5992534],[-0.5842657,39.5990666],[-0.5843576,39.5989962],[-0.5841948,39.5988689],[-0.5841117,39.5989325],[-0.5841041,39.5989382],[-0.5838649,39.5987484],[-0.5837474,39.5988344],[-0.5843872,39.5993424]]]}},
{"type":"Feature","properties":{"fid":65,"id":"1792","autoridad_area_cas":"GVA","autoridad_area_val":"GVA","transbordo_cas":"No","transbordo_val":"No","tipo_uso_cas":"Pasajeros","tipo_uso_val":"Passatgers","tipo_estfc_cas":"Estación","tipo_estfc_val":"Estació","situacionvertical_cas":"En superficie","situacionvertical_val":"En superfície","n_andenes_cas":"2","n_andenes_val":"2","inifintrayecto_cas":"No","inifintrayecto_val":"No","ficticio_cas":"Verdadero","ficticio_val":"Vertader","estadofis_cas":"En uso","estadofis_val":"En ús","estado_cas":"Vigente","estado_val":"Vigent","id_estfc":"461860000001","id_areafc":"461860000001","bajabd":"","created_user":"ICV","last_edited_user":"ICV","last_edited_date":"20240214113604","altabd":"20230908120333","globalid":"{AC01726F-EEB8-4FFB-BFF1-9E8AF70872FC}","nombre":"Paiporta","st_area_shape_":"2937.8876500072165","st_perimeter_shape_":"337.8275010633053"},"geometry":{"type":"Polygon","coordinates":[[[-0.4188789,39.432133],[-0.4188375,39.4320625],[-0.4188036,39.4320755],[-0.4187197,39.4319442],[-0.4187088,39.4319484],[-0.4186966,39.4319282],[-0.4184562,39.4320265],[-0.4184663,39.4320427],[-0.4183441,39.4320925],[-0.4182846,39.4320023],[-0.4180746,39.4320838],[-0.4181319,39.4321745],[-0.4179598,39.4322379],[-0.4179403,39.4322447],[-0.4179193,39.4322088],[-0.4179116,39.4322114],[-0.4178944,39.4321849],[-0.4178198,39.432211],[-0.4178127,39.4321988],[-0.4177936,39.4322066],[-0.4177813,39.4321865],[-0.4176273,39.4322442],[-0.4176897,39.4323441],[-0.4175729,39.432389],[-0.4175746,39.4323915],[-0.417544,39.4324032],[-0.4175795,39.4324589],[-0.4176102,39.4324471],[-0.4176376,39.4324902],[-0.417607,39.4325019],[-0.4176427,39.4325576],[-0.4177866,39.4325022],[-0.4177886,39.4325053],[-0.4180528,39.4324037],[-0.4182197,39.4323401],[-0.4183117,39.4323064],[-0.4183663,39.4322866],[-0.418454,39.4322589],[-0.4185327,39.4322359],[-0.4185528,39.4322296],[-0.4185604,39.4322427],[-0.4187319,39.4321835],[-0.4187356,39.4321903],[-0.4188154,39.4321657],[-0.418812,39.4321582],[-0.4188789,39.432133]]]}},
{"type":"Feature","properties":{"fid":67,"id":"1587","autoridad_area_cas":"GVA","autoridad_area_val":"GVA","transbordo_cas":"No","transbordo_val":"No","tipo_uso_cas":"Pasajeros","tipo_uso_val":"Passatgers","tipo_estfc_cas":"Estación","tipo_estfc_val":"Estació","situacionvertical_cas":"En superficie","situacionvertical_val":"En superfície","n_andenes_cas":"2","n_andenes_val":"2","inifintrayecto_cas":"No","inifintrayecto_val":"No","ficticio_cas":"Verdadero","ficticio_val":"Vertader","estadofis_cas":"En uso","estadofis_val":"En ús","estado_cas":"Vigente","estado_val":"Vigent","id_estfc":"461640000001","id_areafc":"461640000001","bajabd":"","created_user":"ICV","last_edited_user":"ICV","last_edited_date":"20240214113604","altabd":"20230908120333","globalid":"{ADF4812D-D18F-41EE-83EE-9C9523667767}","nombre":"Massamagrell","st_area_shape_":"1676.8202999961827","st_perimeter_shape_":"231.8470704514408"},"geometry":{"type":"Polygon","coordinates":[[[-0.3331241,39.5700807],[-0.3329681,39.5700231],[-0.3329478,39.570056],[-0.3329178,39.5701048],[-0.3328978,39.5700974],[-0.3328,39.5702562],[-0.3327854,39.5702509],[-0.332674,39.5704321],[-0.3325792,39.5703971],[-0.3324915,39.5705394],[-0.3325341,39.5705557],[-0.3324977,39.5706124],[-0.3325712,39.5706407],[-0.3325648,39.5706508],[-0.3325772,39.5706554],[-0.3325404,39.5707152],[-0.332687,39.5707691],[-0.3327236,39.5707094],[-0.3327342,39.5707133],[-0.3328137,39.5705842],[-0.3328327,39.5705912],[-0.3328777,39.5705181],[-0.3328588,39.5705111],[-0.3329355,39.5703866],[-0.3329545,39.5703936],[-0.3329995,39.5703204],[-0.3329806,39.5703135],[-0.3331241,39.5700807]]]}},
{"type":"Feature","properties":{"fid":68,"id":"1765","autoridad_area_cas":"GVA","autoridad_area_val":"GVA","transbordo_cas":"No","transbordo_val":"No","tipo_uso_cas":"Pasajeros","tipo_uso_val":"Passatgers","tipo_estfc_cas":"Estación","tipo_estfc_val":"Estació","situacionvertical_cas":"En superficie","situacionvertical_val":"En superfície","n_andenes_cas":"2","n_andenes_val":"2","inifintrayecto_cas":"No","inifintrayecto_val":"No","ficticio_cas":"Verdadero","ficticio_val":"Vertader","estadofis_cas":"En uso","estadofis_val":"En ús","estado_cas":"Vigente","estado_val":"Vigent","id_estfc":"460850000001","id_areafc":"460850000001","bajabd":"","created_user":"ICV","last_edited_user":"ICV","last_edited_date":"20240214113604","altabd":"20230908120333","globalid":"{A97373B5-FB87-405C-A79A-284B266519D3}","nombre":"Carlet","st_area_shape_":"2184.0748499947167","st_perimeter_shape_":"235.5777610122821"},"geometry":{"type":"Polygon","coordinates":[[[-0.5252571,39.2279214],[-0.5255397,39.2272409],[-0.5254922,39.2272286],[-0.5252787,39.2271746],[-0.5252287,39.2272969],[-0.5250872,39.2272646],[-0.5250693,39.2273066],[-0.5250463,39.2273009],[-0.5249992,39.2274135],[-0.5250555,39.2274264],[-0.5250394,39.2274664],[-0.5251465,39.2274961],[-0.5249976,39.2278595],[-0.5252571,39.2279214]]]}},
{"type":"Feature","properties":{"fid":69,"id":"1781","autoridad_area_cas":"GVA","autoridad_area_val":"GVA","transbordo_cas":"No","transbordo_val":"No","tipo_uso_cas":"Pasajeros","tipo_uso_val":"Passatgers","tipo_estfc_cas":"Estación","tipo_estfc_val":"Estació","situacionvertical_cas":"En superficie","situacionvertical_val":"En superfície","n_andenes_cas":"2","n_andenes_val":"2","inifintrayecto_cas":"No","inifintrayecto_val":"No","ficticio_cas":"Verdadero","ficticio_val":"Vertader","estadofis_cas":"En uso","estadofis_val":"En ús","estado_cas":"Vigente","estado_val":"Vigent","id_estfc":"461990000001","id_areafc":"461990000001","bajabd":"","created_user":"ICV","last_edited_user":"ICV","last_edited_date":"20240214113604","altabd":"20230908120333","globalid":"{416DDD10-F44D-47DD-BEB5-B7F9B87C0E93}","nombre":"La Pobla de Farnals","st_area_shape_":"926.7051499677043","st_perimeter_shape_":"212.80734583176178"},"geometry":{"type":"Polygon","coordinates":[[[-0.330069,39.5784357],[-0.3300969,39.5788704],[-0.3300044,39.578874],[-0.3300095,39.5789542],[-0.3301021,39.5789506],[-0.3301203,39.5792344],[-0.3302322,39.5792301],[-0.330181,39.5784314],[-0.330069,39.5784357]]]}},
{"type":"Feature","properties":{"fid":70,"id":"1780","autoridad_area_cas":"GVA","autoridad_area_val":"GVA","transbordo_cas":"No","transbordo_val":"No","tipo_uso_cas":"Pasajeros","tipo_uso_val":"Passatgers","tipo_estfc_cas":"Estación","tipo_estfc_val":"Estació","situacionvertical_cas":"En superficie","situacionvertical_val":"En superfície","n_andenes_cas":"2","n_andenes_val":"2","inifintrayecto_cas":"No","inifintrayecto_val":"No","ficticio_cas":"Verdadero","ficticio_val":"Vertader","estadofis_cas":"En uso","estadofis_val":"En ús","estado_cas":"Vigente","estado_val":"Vigent","id_estfc":"461350000001","id_areafc":"461350000001","bajabd":"","created_user":"ICV","last_edited_user":"ICV","last_edited_date":"20240214113604","altabd":"20230908120333","globalid":"{3A2510F1-FE67-4B16-881D-7620CA3159BD}","nombre":"Godella","st_area_shape_":"1298.866400008622","st_perimeter_shape_":"174.3159425989003"},"geometry":{"type":"Polygon","coordinates":[[[-0.4143813,39.5193802],[-0.4143688,39.5192978],[-0.4143516,39.5192342],[-0.4143316,39.5191711],[-0.4143089,39.5191086],[-0.4142835,39.5190467],[-0.4142553,39.5189856],[-0.4142245,39.5189251],[-0.414191,39.5188656],[-0.4141549,39.518807],[-0.4140062,39.5188533],[-0.4141229,39.5191086],[-0.4140022,39.5191354],[-0.4140561,39.5192815],[-0.4140853,39.5193606],[-0.4141938,39.5194024],[-0.4143813,39.5193802]]]}},
{"type":"Feature","properties":{"fid":71,"id":"1609","autoridad_area_cas":"GVA","autoridad_area_val":"GVA","transbordo_cas":"No","transbordo_val":"No","tipo_uso_cas":"Pasajeros","tipo_uso_val":"Passatgers","tipo_estfc_cas":"Estación","tipo_estfc_val":"Estació","situacionvertical_cas":"En superficie","situacionvertical_val":"En superfície","n_andenes_cas":"2","n_andenes_val":"2","inifintrayecto_cas":"No","inifintrayecto_val":"No","ficticio_cas":"Verdadero","ficticio_val":"Vertader","estadofis_cas":"En uso","estadofis_val":"En ús","estado_cas":"Vigente","estado_val":"Vigent","id_estfc":"461260000001","id_areafc":"461260000001","bajabd":"","created_user":"ICV","last_edited_user":"ICV","last_edited_date":"20240214113604","altabd":"20230908120333","globalid":"{5F81D219-A0E6-470B-92D6-5699460F77D7}","nombre":"Foios","st_area_shape_":"1658.2710000156712","st_perimeter_shape_":"241.44204302086843"},"geometry":{"type":"Polygon","coordinates":[[[-0.3539795,39.5370129],[-0.3538935,39.5369773],[-0.3538822,39.5369937],[-0.3538078,39.536963],[-0.3536576,39.5371454],[-0.3535417,39.5372864],[-0.3534983,39.537348],[-0.353525,39.5373596],[-0.3534173,39.5375122],[-0.3533905,39.5375008],[-0.353333,39.5375825],[-0.3533594,39.5375939],[-0.3533029,39.5376724],[-0.3533697,39.5377],[-0.3533873,39.5376746],[-0.3534733,39.5377102],[-0.3535925,39.5375376],[-0.3536108,39.5375455],[-0.3537604,39.5373319],[-0.3538471,39.5373683],[-0.3539442,39.5372277],[-0.3538563,39.5371913],[-0.3539795,39.5370129]]]}},
{"type":"Feature","properties":{"fid":72,"id":"1782","autoridad_area_cas":"GVA","autoridad_area_val":"GVA","transbordo_cas":"No","transbordo_val":"No","tipo_uso_cas":"Pasajeros","tipo_uso_val":"Passatgers","tipo_estfc_cas":"Estación","tipo_estfc_val":"Estació","situacionvertical_cas":"En superficie","situacionvertical_val":"En superfície","n_andenes_cas":"2","n_andenes_val":"2","inifintrayecto_cas":"No","inifintrayecto_val":"No","ficticio_cas":"Verdadero","ficticio_val":"Vertader","estadofis_cas":"En uso","estadofis_val":"En ús","estado_cas":"Vigente","estado_val":"Vigent","id_estfc":"461770000001","id_areafc":"461770000001","bajabd":"","created_user":"ICV","last_edited_user":"ICV","last_edited_date":"20240214113604","altabd":"20230908120333","globalid":"{32CC55B8-C185-43FB-BE7E-F9A89BA680AA}","nombre":"Museros","st_area_shape_":"2233.2044499752465","st_perimeter_shape_":"254.1686305579769"},"geometry":{"type":"Polygon","coordinates":[[[-0.3409735,39.5614566],[-0.3408543,39.5613606],[-0.3401479,39.5619515],[-0.3402901,39.5620508],[-0.3403134,39.5620308],[-0.3403236,39.5620379],[-0.3403997,39.5619728],[-0.3404151,39.5619835],[-0.3405764,39.5618455],[-0.3405611,39.5618348],[-0.3406194,39.561785],[-0.3407157,39.5618525],[-0.3408671,39.561723],[-0.3409047,39.5617493],[-0.3410964,39.5615855],[-0.341048,39.5615516],[-0.3411047,39.561503],[-0.3410028,39.5614316],[-0.3409735,39.5614566]]]}},
{"type":"Feature","properties":{"fid":73,"id":"1644","autoridad_area_cas":"GVA","autoridad_area_val":"GVA","transbordo_cas":"No","transbordo_val":"No","tipo_uso_cas":"Pasajeros","tipo_uso_val":"Passatgers","tipo_estfc_cas":"Estación","tipo_estfc_val":"Estació","situacionvertical_cas":"En superficie","situacionvertical_val":"En superfície","n_andenes_cas":"2","n_andenes_val":"2","inifintrayecto_cas":"No","inifintrayecto_val":"No","ficticio_cas":"Verdadero","ficticio_val":"Vertader","estadofis_cas":"En uso","estadofis_val":"En ús","estado_cas":"Vigente","estado_val":"Vigent","id_estfc":"461900000003","id_areafc":"461900000003","bajabd":"","created_user":"ICV","last_edited_user":"ICV","last_edited_date":"20240214113604","altabd":"20230908120333","globalid":"{277B05CC-4AE8-4538-BB86-621FFAE931FE}","nombre":"La Canyada","st_area_shape_":"1455.1990499893604","st_perimeter_shape_":"182.82504330047203"},"geometry":{"type":"Polygon","coordinates":[[[-0.4871979,39.5270188],[-0.4872377,39.5270605],[-0.4873723,39.5269878],[-0.4873032,39.5268984],[-0.4872355,39.5268226],[-0.487205,39.5267921],[-0.4871848,39.5267722],[-0.4870228,39.5266219],[-0.4870035,39.5266095],[-0.4868987,39.526521],[-0.4867734,39.5266224],[-0.4868865,39.5267198],[-0.4869149,39.5267457],[-0.4868839,39.5267634],[-0.4869047,39.5267833],[-0.4868292,39.5268272],[-0.4870807,39.5270868],[-0.4871979,39.5270188]]]}},
{"type":"Feature","properties":{"fid":74,"id":"1785","autoridad_area_cas":"GVA","autoridad_area_val":"GVA","transbordo_cas":"No","transbordo_val":"No","tipo_uso_cas":"Pasajeros","tipo_uso_val":"Passatgers","tipo_estfc_cas":"Estación","tipo_estfc_val":"Estació","situacionvertical_cas":"En superficie","situacionvertical_val":"En superfície","n_andenes_cas":"2","n_andenes_val":"2","inifintrayecto_cas":"No","inifintrayecto_val":"No","ficticio_cas":"Verdadero","ficticio_val":"Vertader","estadofis_cas":"En uso","estadofis_val":"En ús","estado_cas":"Vigente","estado_val":"Vigent","id_estfc":"462140000003","id_areafc":"462140000003","bajabd":"","created_user":"ICV","last_edited_user":"ICV","last_edited_date":"20240214113604","altabd":"20230908120333","globalid":"{5E886AFA-557F-41E3-B491-998C5EA21D47}","nombre":"Masia de Traver","st_area_shape_":"1754.947500016028","st_perimeter_shape_":"229.13445077936635"},"geometry":{"type":"Polygon","coordinates":[[[-0.5462302,39.537908],[-0.5461293,39.5380582],[-0.5465945,39.538244],[-0.5465851,39.5382581],[-0.5466494,39.5382839],[-0.5466589,39.5382697],[-0.5469979,39.5384053],[-0.5470075,39.5383905],[-0.5471117,39.5384319],[-0.5472014,39.5382972],[-0.5462302,39.537908]]]}},
{"type":"Feature","properties":{"fid":76,"id":"1639","autoridad_area_cas":"GVA","autoridad_area_val":"GVA","transbordo_cas":"No","transbordo_val":"No","tipo_uso_cas":"Pasajeros","tipo_uso_val":"Passatgers","tipo_estfc_cas":"Estación","tipo_estfc_val":"Estació","situacionvertical_cas":"En superficie","situacionvertical_val":"En superfície","n_andenes_cas":"2","n_andenes_val":"2","inifintrayecto_cas":"No","inifintrayecto_val":"No","ficticio_cas":"Verdadero","ficticio_val":"Vertader","estadofis_cas":"En uso","estadofis_val":"En ús","estado_cas":"Vigente","estado_val":"Vigent","id_estfc":"460780000001","id_areafc":"460780000001","bajabd":"","created_user":"ICV","last_edited_user":"ICV","last_edited_date":"20240214113604","altabd":"20230908120333","globalid":"{1ABB930A-3483-47A0-894E-0AC74AB5D4C2}","nombre":"Cantereria","st_area_shape_":"1991.9155499844503","st_perimeter_shape_":"264.6261277949782"},"geometry":{"type":"Polygon","coordinates":[[[-0.4120783,39.5024754],[-0.4120299,39.5023195],[-0.4117331,39.5023664],[-0.4115635,39.5023834],[-0.4108348,39.5024403],[-0.4108535,39.502584],[-0.4114379,39.5025384],[-0.4114404,39.5025575],[-0.4117562,39.502529],[-0.4118099,39.5025202],[-0.4118326,39.5026023],[-0.4120764,39.5025618],[-0.4120538,39.5024797],[-0.4120783,39.5024754]]]}},
{"type":"Feature","properties":{"fid":77,"id":"1778","autoridad_area_cas":"GVA","autoridad_area_val":"GVA","transbordo_cas":"No","transbordo_val":"No","tipo_uso_cas":"Pasajeros","tipo_uso_val":"Passatgers","tipo_estfc_cas":"Estación","tipo_estfc_val":"Estació","situacionvertical_cas":"En superficie","situacionvertical_val":"En superfície","n_andenes_cas":"2","n_andenes_val":"2","inifintrayecto_cas":"No","inifintrayecto_val":"No","ficticio_cas":"Verdadero","ficticio_val":"Vertader","estadofis_cas":"En uso","estadofis_val":"En ús","estado_cas":"Vigente","estado_val":"Vigent","id_estfc":"460780000006","id_areafc":"460780000006","bajabd":"","created_user":"ICV","last_edited_user":"ICV","last_edited_date":"20240214113604","altabd":"20230908120333","globalid":"{EE76A5E8-8E56-4062-AA6B-48434289A4EE}","nombre":"Burjassot","st_area_shape_":"1432.662450016505","st_perimeter_shape_":"210.40185742317516"},"geometry":{"type":"Polygon","coordinates":[[[-0.4071022,39.5085901],[-0.4069643,39.5084701],[-0.4069818,39.508458],[-0.4069313,39.5084132],[-0.4069138,39.5084251],[-0.4068623,39.5083799],[-0.4068418,39.5083625],[-0.4069171,39.5083109],[-0.4067882,39.5081978],[-0.4066861,39.5082676],[-0.406629,39.5082175],[-0.4066888,39.508177],[-0.4066207,39.5081156],[-0.4065595,39.5081562],[-0.4065458,39.5081438],[-0.406426,39.5082251],[-0.4064559,39.5082505],[-0.406494,39.5082833],[-0.4064729,39.5082981],[-0.4069451,39.5087006],[-0.4071022,39.5085901]]]}},
{"type":"Feature","properties":{"fid":78,"id":"1730","autoridad_area_cas":"GVA","autoridad_area_val":"GVA","transbordo_cas":"No","transbordo_val":"No","tipo_uso_cas":"Pasajeros","tipo_uso_val":"Passatgers","tipo_estfc_cas":"Estación","tipo_estfc_val":"Estació","situacionvertical_cas":"En superficie","situacionvertical_val":"En superfície","n_andenes_cas":"2","n_andenes_val":"2","inifintrayecto_cas":"No","inifintrayecto_val":"No","ficticio_cas":"Verdadero","ficticio_val":"Vertader","estadofis_cas":"En uso","estadofis_val":"En ús","estado_cas":"Vigente","estado_val":"Vigent","id_estfc":"461930000001","id_areafc":"461930000001","bajabd":"","created_user":"ICV","last_edited_user":"ICV","last_edited_date":"20240214113604","altabd":"20230908120333","globalid":"{67CF662B-8332-40E5-8420-7E285C079BEC}","nombre":"Picanya","st_area_shape_":"1737.8617500088203","st_perimeter_shape_":"233.48439543722438"},"geometry":{"type":"Polygon","coordinates":[[[-0.4376158,39.4331329],[-0.4367796,39.432956],[-0.4367405,39.4330719],[-0.436578,39.4330355],[-0.4365449,39.4331366],[-0.4369739,39.4332284],[-0.4369651,39.4332544],[-0.4371882,39.4333],[-0.4372312,39.4331812],[-0.4375737,39.433254],[-0.4376158,39.4331329]]]}},
{"type":"Feature","properties":{"fid":79,"id":"1784","autoridad_area_cas":"GVA","autoridad_area_val":"GVA","transbordo_cas":"No","transbordo_val":"No","tipo_uso_cas":"Pasajeros","tipo_uso_val":"Passatgers","tipo_estfc_cas":"Estación","tipo_estfc_val":"Estació","situacionvertical_cas":"En superficie","situacionvertical_val":"En superfície","n_andenes_cas":"2","n_andenes_val":"2","inifintrayecto_cas":"No","inifintrayecto_val":"No","ficticio_cas":"Verdadero","ficticio_val":"Vertader","estadofis_cas":"En uso","estadofis_val":"En ús","estado_cas":"Vigente","estado_val":"Vigent","id_estfc":"461590000001","id_areafc":"461590000001","bajabd":"","created_user":"ICV","last_edited_user":"ICV","last_edited_date":"20240214113604","altabd":"20230908120333","globalid":"{E7CA1043-D690-4219-A988-9E1C15916525}","nombre":"La Presa","st_area_shape_":"1721.0851500074345","st_perimeter_shape_":"231.3085465873966"},"geometry":{"type":"Polygon","coordinates":[[[-0.516385,39.5174109],[-0.5158077,39.5169485],[-0.5158243,39.5169359],[-0.5157662,39.5168893],[-0.5157495,39.5169018],[-0.515625,39.5168021],[-0.5154744,39.5169154],[-0.5156157,39.5170286],[-0.5156025,39.5170386],[-0.5156496,39.5170764],[-0.515663,39.5170665],[-0.5162341,39.5175239],[-0.516385,39.5174109]]]}},
{"type":"Feature","properties":{"fid":80,"id":"1725","autoridad_area_cas":"GVA","autoridad_area_val":"GVA","transbordo_cas":"No","transbordo_val":"No","tipo_uso_cas":"Pasajeros","tipo_uso_val":"Passatgers","tipo_estfc_cas":"Estación","tipo_estfc_val":"Estació","situacionvertical_cas":"En superficie","situacionvertical_val":"En superfície","n_andenes_cas":"2","n_andenes_val":"2","inifintrayecto_cas":"No","inifintrayecto_val":"No","ficticio_cas":"Verdadero","ficticio_val":"Vertader","estadofis_cas":"En uso","estadofis_val":"En ús","estado_cas":"Vigente","estado_val":"Vigent","id_estfc":"461710000002","id_areafc":"461710000002","bajabd":"","created_user":"ICV","last_edited_user":"ICV","last_edited_date":"20240214113604","altabd":"20230908120333","globalid":"{5A2013A2-C854-4516-BAF3-241A7A8103B0}","nombre":"Moncada-Alfara","st_area_shape_":"1367.8231500174238","st_perimeter_shape_":"193.65028842555222"},"geometry":{"type":"Polygon","coordinates":[[[-0.3884789,39.5431572],[-0.3884353,39.5431592],[-0.3882936,39.5431654],[-0.3883015,39.5433487],[-0.3883399,39.5437828],[-0.3885537,39.5437735],[-0.3885376,39.5435859],[-0.388652,39.54358],[-0.3886508,39.5435624],[-0.388643,39.5434483],[-0.3886416,39.5434303],[-0.3885013,39.5434369],[-0.3884789,39.5431572]]]}},
{"type":"Feature","properties":{"fid":81,"id":"1758","autoridad_area_cas":"GVA","autoridad_area_val":"GVA","transbordo_cas":"No","transbordo_val":"No","tipo_uso_cas":"Pasajeros","tipo_uso_val":"Passatgers","tipo_estfc_cas":"Estación","tipo_estfc_val":"Estació","situacionvertical_cas":"En superficie","situacionvertical_val":"En superfície","n_andenes_cas":"2","n_andenes_val":"2","inifintrayecto_cas":"No","inifintrayecto_val":"No","ficticio_cas":"Verdadero","ficticio_val":"Vertader","estadofis_cas":"En uso","estadofis_val":"En ús","estado_cas":"Vigente","estado_val":"Vigent","id_estfc":"460090000001","id_areafc":"460090000001","bajabd":"","created_user":"ICV","last_edited_user":"ICV","last_edited_date":"20240214113604","altabd":"20230908120333","globalid":"{4E40EABB-104C-4A47-809A-7251A550C1B0}","nombre":"Albalat dels Sorells","st_area_shape_":"1677.475649996432","st_perimeter_shape_":"220.74925970300404"},"geometry":{"type":"Polygon","coordinates":[[[-0.3485012,39.544985],[-0.3483496,39.5449225],[-0.3482919,39.5450052],[-0.3482116,39.5450618],[-0.3480553,39.5452782],[-0.3479672,39.5452417],[-0.3478712,39.5453807],[-0.3479866,39.5454303],[-0.3478789,39.5455861],[-0.348057,39.5456606],[-0.3482433,39.5453845],[-0.3482759,39.5453357],[-0.3484222,39.5451102],[-0.3484628,39.545048],[-0.3485012,39.544985]]]}},
{"type":"Feature","properties":{"fid":83,"id":"1665","autoridad_area_cas":"GVA","autoridad_area_val":"GVA","transbordo_cas":"No","transbordo_val":"No","tipo_uso_cas":"Pasajeros","tipo_uso_val":"Passatgers","tipo_estfc_cas":"Apeadero","tipo_estfc_val":"Baixador","situacionvertical_cas":"En superficie","situacionvertical_val":"En superfície","n_andenes_cas":"2","n_andenes_val":"2","inifintrayecto_cas":"No","inifintrayecto_val":"No","ficticio_cas":"Verdadero","ficticio_val":"Vertader","estadofis_cas":"En uso","estadofis_val":"En ús","estado_cas":"Vigente","estado_val":"Vigent","id_estfc":"462500000027","id_areafc":"462500000027","bajabd":"","created_user":"ICV","last_edited_user":"ICV","last_edited_date":"20240214113604","altabd":"20230908120333","globalid":"{6E2DA420-304E-4D45-9C14-AE4E9F5A641A}","nombre":"Beteró","st_area_shape_":"942.2149999630544","st_perimeter_shape_":"142.89833137719498"},"geometry":{"type":"Polygon","coordinates":[[[-0.3348466,39.4767434],[-0.3342584,39.4765742],[-0.3341877,39.4767214],[-0.3347759,39.4768907],[-0.3348466,39.4767434]]]}},
{"type":"Feature","properties":{"fid":84,"id":"1658","autoridad_area_cas":"GVA","autoridad_area_val":"GVA","transbordo_cas":"No","transbordo_val":"No","tipo_uso_cas":"Pasajeros","tipo_uso_val":"Passatgers","tipo_estfc_cas":"Apeadero","tipo_estfc_val":"Baixador","situacionvertical_cas":"En superficie","situacionvertical_val":"En superfície","n_andenes_cas":"2","n_andenes_val":"2","inifintrayecto_cas":"No","inifintrayecto_val":"No","ficticio_cas":"Verdadero","ficticio_val":"Vertader","estadofis_cas":"En uso","estadofis_val":"En ús","estado_cas":"Vigente","estado_val":"Vigent","id_estfc":"462500000012","id_areafc":"462500000012","bajabd":"","created_user":"ICV","last_edited_user":"ICV","last_edited_date":"20240214113604","altabd":"20230908120333","globalid":"{876043E5-8AA7-4ED3-BB17-AA8E493DAE3E}","nombre":"U. Politècnica","st_area_shape_":"1007.057350056729","st_perimeter_shape_":"145.29618611626412"},"geometry":{"type":"Polygon","coordinates":[[[-0.3502353,39.4813487],[-0.3503113,39.4811909],[-0.3497229,39.4810216],[-0.3496476,39.4811786],[-0.3502353,39.4813487]]]}},
{"type":"Feature","properties":{"fid":85,"id":"1693","autoridad_area_cas":"GVA","autoridad_area_val":"GVA","transbordo_cas":"No","transbordo_val":"No","tipo_uso_cas":"Pasajeros","tipo_uso_val":"Passatgers","tipo_estfc_cas":"Apeadero","tipo_estfc_val":"Baixador","situacionvertical_cas":"En superficie","situacionvertical_val":"En superfície","n_andenes_cas":"2","n_andenes_val":"2","inifintrayecto_cas":"No","inifintrayecto_val":"No","ficticio_cas":"Verdadero","ficticio_val":"Vertader","estadofis_cas":"En uso","estadofis_val":"En ús","estado_cas":"Vigente","estado_val":"Vigent","id_estfc":"461900000001","id_areafc":"461900000001","bajabd":"","created_user":"ICV","last_edited_user":"ICV","last_edited_date":"20240214113604","altabd":"20230908120333","globalid":"{724EE6BD-412B-442A-8B36-E6828957EEA8}","nombre":"Tomás y Valiente","st_area_shape_":"1034.4062499788542","st_perimeter_shape_":"160.33539165011456"},"geometry":{"type":"Polygon","coordinates":[[[-0.4260252,39.5199219],[-0.4255384,39.5194859],[-0.4253962,39.5195815],[-0.4258836,39.5200171],[-0.4260252,39.5199219]]]}},
{"type":"Feature","properties":{"fid":87,"id":"1660","autoridad_area_cas":"GVA","autoridad_area_val":"GVA","transbordo_cas":"No","transbordo_val":"No","tipo_uso_cas":"Pasajeros","tipo_uso_val":"Passatgers","tipo_estfc_cas":"Apeadero","tipo_estfc_val":"Baixador","situacionvertical_cas":"En superficie","situacionvertical_val":"En superfície","n_andenes_cas":"2","n_andenes_val":"2","inifintrayecto_cas":"No","inifintrayecto_val":"No","ficticio_cas":"Verdadero","ficticio_val":"Vertader","estadofis_cas":"En uso","estadofis_val":"En ús","estado_cas":"Vigente","estado_val":"Vigent","id_estfc":"462500000026","id_areafc":"462500000026","bajabd":"","created_user":"ICV","last_edited_user":"ICV","last_edited_date":"20240214113604","altabd":"20230908120333","globalid":"{1727EADD-EF23-472F-A87B-4760D481671B}","nombre":"La Cadena","st_area_shape_":"1158.6298000185236","st_perimeter_shape_":"164.21215004465074"},"geometry":{"type":"Polygon","coordinates":[[[-0.3297793,39.4752788],[-0.3290822,39.4750782],[-0.3290089,39.475231],[-0.3297062,39.4754317],[-0.3297793,39.4752788]]]}},
{"type":"Feature","properties":{"fid":89,"id":"1653","autoridad_area_cas":"GVA","autoridad_area_val":"GVA","transbordo_cas":"No","transbordo_val":"No","tipo_uso_cas":"Pasajeros","tipo_uso_val":"Passatgers","tipo_estfc_cas":"Apeadero","tipo_estfc_val":"Baixador","situacionvertical_cas":"En superficie","situacionvertical_val":"En superfície","n_andenes_cas":"2","n_andenes_val":"2","inifintrayecto_cas":"No","inifintrayecto_val":"No","ficticio_cas":"Verdadero","ficticio_val":"Vertader","estadofis_cas":"En uso","estadofis_val":"En ús","estado_cas":"Vigente","estado_val":"Vigent","id_estfc":"462500000007","id_areafc":"462500000007","bajabd":"","created_user":"ICV","last_edited_user":"ICV","last_edited_date":"20240214113604","altabd":"20230908120333","globalid":"{869A3AE5-886B-44BD-A623-B01EEF18E827}","nombre":"Estadi Ciutat de València","st_area_shape_":"1187.862650006601","st_perimeter_shape_":"172.41647340871282"},"geometry":{"type":"Polygon","coordinates":[[[-0.3655237,39.4948552],[-0.3653801,39.4947474],[-0.3648224,39.4951938],[-0.3649662,39.4953018],[-0.3655237,39.4948552]]]}},
{"type":"Feature","properties":{"fid":90,"id":"1738","autoridad_area_cas":"GVA","autoridad_area_val":"GVA","transbordo_cas":"No","transbordo_val":"No","tipo_uso_cas":"Pasajeros","tipo_uso_val":"Passatgers","tipo_estfc_cas":"Apeadero","tipo_estfc_val":"Baixador","situacionvertical_cas":"En superficie","situacionvertical_val":"En superfície","n_andenes_cas":"2","n_andenes_val":"2","inifintrayecto_cas":"No","inifintrayecto_val":"No","ficticio_cas":"Verdadero","ficticio_val":"Vertader","estadofis_cas":"En uso","estadofis_val":"En ús","estado_cas":"Vigente","estado_val":"Vigent","id_estfc":"460150000001","id_areafc":"460150000001","bajabd":"","created_user":"ICV","last_edited_user":"ICV","last_edited_date":"20240214113604","altabd":"20230908120333","globalid":"{C25F931D-11DC-4373-83CB-E722715180BA}","nombre":"Realón","st_area_shape_":"1689.8268500109023","st_perimeter_shape_":"242.79160929980083"},"geometry":{"type":"Polygon","coordinates":[[[-0.464117,39.3935919],[-0.463989,39.3935737],[-0.4639446,39.3936681],[-0.4638772,39.3939543],[-0.4638502,39.3939505],[-0.4638297,39.3940372],[-0.4638569,39.394041],[-0.4637545,39.3944761],[-0.4639147,39.3944988],[-0.4639715,39.3942577],[-0.4640125,39.3942636],[-0.4641559,39.393659],[-0.4641029,39.3936514],[-0.464117,39.3935919]]]}},
{"type":"Feature","properties":{"fid":91,"id":"1761","autoridad_area_cas":"GVA","autoridad_area_val":"GVA","transbordo_cas":"No","transbordo_val":"No","tipo_uso_cas":"Pasajeros","tipo_uso_val":"Passatgers","tipo_estfc_cas":"Apeadero","tipo_estfc_val":"Baixador","situacionvertical_cas":"En superficie","situacionvertical_val":"En superfície","n_andenes_cas":"2","n_andenes_val":"2","inifintrayecto_cas":"No","inifintrayecto_val":"No","ficticio_cas":"Verdadero","ficticio_val":"Vertader","estadofis_cas":"En uso","estadofis_val":"En ús","estado_cas":"Vigente","estado_val":"Vigent","id_estfc":"461900000010","id_areafc":"461900000010","bajabd":"","created_user":"ICV","last_edited_user":"ICV","last_edited_date":"20240214113604","altabd":"20230908120333","globalid":"{0B277A78-81A1-4375-83C7-5374C0B7EC92}","nombre":"Entrepins","st_area_shape_":"1182.9017000183828","st_perimeter_shape_":"172.2842671619307"},"geometry":{"type":"Polygon","coordinates":[[[-0.5136186,39.5432818],[-0.513673,39.5434303],[-0.5144451,39.5432611],[-0.5143909,39.5431126],[-0.5136186,39.5432818]]]}},
{"type":"Feature","properties":{"fid":92,"id":"1647","autoridad_area_cas":"GVA","autoridad_area_val":"GVA","transbordo_cas":"No","transbordo_val":"No","tipo_uso_cas":"Pasajeros","tipo_uso_val":"Passatgers","tipo_estfc_cas":"Apeadero","tipo_estfc_val":"Baixador","situacionvertical_cas":"En superficie","situacionvertical_val":"En superfície","n_andenes_cas":"2","n_andenes_val":"2","inifintrayecto_cas":"No","inifintrayecto_val":"No","ficticio_cas":"Verdadero","ficticio_val":"Vertader","estadofis_cas":"En uso","estadofis_val":"En ús","estado_cas":"Vigente","estado_val":"Vigent","id_estfc":"462500000043","id_areafc":"462500000043","bajabd":"","created_user":"ICV","last_edited_user":"ICV","last_edited_date":"20240214113604","altabd":"20230908120333","globalid":"{FE12490B-9210-4394-A157-F44F4FB286AF}","nombre":"Canyamelar","st_area_shape_":"1255.6353000384083","st_perimeter_shape_":"175.48832103039308"},"geometry":{"type":"Polygon","coordinates":[[[-0.3281043,39.4662077],[-0.3278982,39.4661818],[-0.3277694,39.4668018],[-0.3279762,39.4668278],[-0.3281043,39.4662077]]]}},
{"type":"Feature","properties":{"fid":93,"id":"1772","autoridad_area_cas":"GVA","autoridad_area_val":"GVA","transbordo_cas":"No","transbordo_val":"No","tipo_uso_cas":"Pasajeros","tipo_uso_val":"Passatgers","tipo_estfc_cas":"Apeadero","tipo_estfc_val":"Baixador","situacionvertical_cas":"En superficie","situacionvertical_val":"En superfície","n_andenes_cas":"2","n_andenes_val":"2","inifintrayecto_cas":"No","inifintrayecto_val":"No","ficticio_cas":"Verdadero","ficticio_val":"Vertader","estadofis_cas":"En uso","estadofis_val":"En ús","estado_cas":"Vigente","estado_val":"Vigent","id_estfc":"462500000009","id_areafc":"462500000009","bajabd":"","created_user":"ICV","last_edited_user":"ICV","last_edited_date":"20240214113604","altabd":"20230908120333","globalid":"{C17C7111-04EA-4BDB-B477-E76717451F39}","nombre":"Trinitat","st_area_shape_":"938.866899978504","st_perimeter_shape_":"142.8333704846509"},"geometry":{"type":"Polygon","coordinates":[[[-0.3678623,39.4863329],[-0.3672761,39.4861662],[-0.3672024,39.486313],[-0.3677963,39.4864797],[-0.3678623,39.4863329]]]}},
{"type":"Feature","properties":{"fid":95,"id":"1775","autoridad_area_cas":"GVA","autoridad_area_val":"GVA","transbordo_cas":"No","transbordo_val":"No","tipo_uso_cas":"Pasajeros","tipo_uso_val":"Passatgers","tipo_estfc_cas":"Apeadero","tipo_estfc_val":"Baixador","situacionvertical_cas":"En superficie","situacionvertical_val":"En superfície","n_andenes_cas":"2","n_andenes_val":"2","inifintrayecto_cas":"No","inifintrayecto_val":"No","ficticio_cas":"Verdadero","ficticio_val":"Vertader","estadofis_cas":"En uso","estadofis_val":"En ús","estado_cas":"Vigente","estado_val":"Vigent","id_estfc":"462500000014","id_areafc":"462500000014","bajabd":"","created_user":"ICV","last_edited_user":"ICV","last_edited_date":"20240214113604","altabd":"20230908120333","globalid":"{A937CB48-0350-4977-BFC6-73313FA0FEFD}","nombre":"Sagunt","st_area_shape_":"1755.0789500618916","st_perimeter_shape_":"371.8039981496813"},"geometry":{"type":"Polygon","coordinates":[[[-0.3758464,39.4863953],[-0.3745127,39.4865271],[-0.374506,39.4864865],[-0.3738837,39.4865491],[-0.3739016,39.4866565],[-0.3752326,39.4865249],[-0.375239,39.4865629],[-0.3758636,39.4864987],[-0.3758464,39.4863953]]]}},
{"type":"Feature","properties":{"fid":96,"id":"1682","autoridad_area_cas":"GVA","autoridad_area_val":"GVA","transbordo_cas":"No","transbordo_val":"No","tipo_uso_cas":"Pasajeros","tipo_uso_val":"Passatgers","tipo_estfc_cas":"Apeadero","tipo_estfc_val":"Baixador","situacionvertical_cas":"En superficie","situacionvertical_val":"En superfície","n_andenes_cas":"2","n_andenes_val":"2","inifintrayecto_cas":"No","inifintrayecto_val":"No","ficticio_cas":"Verdadero","ficticio_val":"Vertader","estadofis_cas":"En uso","estadofis_val":"En ús","estado_cas":"Vigente","estado_val":"Vigent","id_estfc":"462500000056","id_areafc":"462500000056","bajabd":"","created_user":"ICV","last_edited_user":"ICV","last_edited_date":"20240214113604","altabd":"20230908120333","globalid":"{1BDB5BC1-EBA3-4E11-A230-54E92EBE40A6}","nombre":"Benimaclet","st_area_shape_":"1000.6392500268137","st_perimeter_shape_":"145.06100383471608"},"geometry":{"type":"Polygon","coordinates":[[[-0.3634314,39.4850341],[-0.3628445,39.484862],[-0.3627682,39.4850184],[-0.3633555,39.4851899],[-0.3634314,39.4850341]]]}},
{"type":"Feature","properties":{"fid":99,"id":"1720","autoridad_area_cas":"GVA","autoridad_area_val":"GVA","transbordo_cas":"No","transbordo_val":"No","tipo_uso_cas":"Pasajeros","tipo_uso_val":"Passatgers","tipo_estfc_cas":"Apeadero","tipo_estfc_val":"Baixador","situacionvertical_cas":"En superficie","situacionvertical_val":"En superfície","n_andenes_cas":"2","n_andenes_val":"2","inifintrayecto_cas":"No","inifintrayecto_val":"No","ficticio_cas":"Verdadero","ficticio_val":"Vertader","estadofis_cas":"En uso","estadofis_val":"En ús","estado_cas":"Vigente","estado_val":"Vigent","id_estfc":"462020000001","id_areafc":"462020000001","bajabd":"","created_user":"ICV","last_edited_user":"ICV","last_edited_date":"20240214113604","altabd":"20230908120333","globalid":"{540A8E74-5B49-43CC-A939-06995204AC6C}","nombre":"La Pobla de Vallbona","st_area_shape_":"1381.6330000047644","st_perimeter_shape_":"230.47618958709737"},"geometry":{"type":"Polygon","coordinates":[[[-0.5620413,39.5825311],[-0.5621371,39.5824379],[-0.5621109,39.5824218],[-0.5621239,39.5824091],[-0.5616141,39.5820955],[-0.5613124,39.5819284],[-0.5612878,39.5819523],[-0.5612381,39.5820007],[-0.5614372,39.5821231],[-0.561415,39.5821484],[-0.5614373,39.5821623],[-0.5613728,39.5822243],[-0.5614553,39.5822761],[-0.5614998,39.5822335],[-0.5615205,39.5822134],[-0.5616584,39.5822982],[-0.5616493,39.5823109],[-0.5617983,39.5824019],[-0.5618096,39.582391],[-0.5620413,39.5825311]]]}},
{"type":"Feature","properties":{"fid":100,"id":"1684","autoridad_area_cas":"GVA","autoridad_area_val":"GVA","transbordo_cas":"No","transbordo_val":"No","tipo_uso_cas":"Pasajeros","tipo_uso_val":"Passatgers","tipo_estfc_cas":"Apeadero","tipo_estfc_val":"Baixador","situacionvertical_cas":"En superficie","situacionvertical_val":"En superfície","n_andenes_cas":"2","n_andenes_val":"2","inifintrayecto_cas":"No","inifintrayecto_val":"No","ficticio_cas":"Verdadero","ficticio_val":"Vertader","estadofis_cas":"En uso","estadofis_val":"En ús","estado_cas":"Vigente","estado_val":"Vigent","id_estfc":"462500000020","id_areafc":"462500000020","bajabd":"","created_user":"ICV","last_edited_user":"ICV","last_edited_date":"20240214113604","altabd":"20230908120333","globalid":"{23B2868B-9FFB-47AB-8728-E99D5D7B4E5B}","nombre":"Marxalenes","st_area_shape_":"898.8249499885378","st_perimeter_shape_":"141.52851198573296"},"geometry":{"type":"Polygon","coordinates":[[[-0.3840163,39.4881685],[-0.3838393,39.4877011],[-0.3836547,39.4877446],[-0.3838324,39.4882133],[-0.3840163,39.4881685]]]}},
{"type":"Feature","properties":{"fid":103,"id":"1699","autoridad_area_cas":"GVA","autoridad_area_val":"GVA","transbordo_cas":"No","transbordo_val":"No","tipo_uso_cas":"Pasajeros","tipo_uso_val":"Passatgers","tipo_estfc_cas":"Apeadero","tipo_estfc_val":"Baixador","situacionvertical_cas":"En superficie","situacionvertical_val":"En superfície","n_andenes_cas":"2","n_andenes_val":"2","inifintrayecto_cas":"No","inifintrayecto_val":"No","ficticio_cas":"Verdadero","ficticio_val":"Vertader","estadofis_cas":"En uso","estadofis_val":"En ús","estado_cas":"Vigente","estado_val":"Vigent","id_estfc":"462500000024","id_areafc":"462500000024","bajabd":"","created_user":"ICV","last_edited_user":"ICV","last_edited_date":"20240214113604","altabd":"20230908120333","globalid":"{D8CC7A24-B380-4B5C-A78E-F59CC62E8B20}","nombre":"Moreres","st_area_shape_":"1269.179149954827","st_perimeter_shape_":"196.99843751435185"},"geometry":{"type":"Polygon","coordinates":[[[-0.3389746,39.4500219],[-0.3380426,39.4498191],[-0.3379968,39.4499517],[-0.3389268,39.4501541],[-0.3389746,39.4500219]]]}},
{"type":"Feature","properties":{"fid":104,"id":"1695","autoridad_area_cas":"GVA","autoridad_area_val":"GVA","transbordo_cas":"No","transbordo_val":"No","tipo_uso_cas":"Pasajeros","tipo_uso_val":"Passatgers","tipo_estfc_cas":"Apeadero","tipo_estfc_val":"Baixador","situacionvertical_cas":"En superficie","situacionvertical_val":"En superfície","n_andenes_cas":"2","n_andenes_val":"2","inifintrayecto_cas":"No","inifintrayecto_val":"No","ficticio_cas":"Verdadero","ficticio_val":"Vertader","estadofis_cas":"En uso","estadofis_val":"En ús","estado_cas":"Vigente","estado_val":"Vigent","id_estfc":"462500000044","id_areafc":"462500000044","bajabd":"","created_user":"ICV","last_edited_user":"ICV","last_edited_date":"20240214113604","altabd":"20230908120333","globalid":"{A53B56EC-319B-46B2-B864-C084E6F96129}","nombre":"Oceanogràfic","st_area_shape_":"1703.9092500382458","st_perimeter_shape_":"208.37301412555377"},"geometry":{"type":"Polygon","coordinates":[[[-0.3478523,39.4519672],[-0.3473811,39.451845],[-0.3469131,39.4517372],[-0.3468535,39.451914],[-0.3473156,39.4520213],[-0.3477737,39.4521387],[-0.3478523,39.4519672]]]}},
{"type":"Feature","properties":{"fid":105,"id":"1659","autoridad_area_cas":"GVA","autoridad_area_val":"GVA","transbordo_cas":"No","transbordo_val":"No","tipo_uso_cas":"Pasajeros","tipo_uso_val":"Passatgers","tipo_estfc_cas":"Apeadero","tipo_estfc_val":"Baixador","situacionvertical_cas":"En superficie","situacionvertical_val":"En superfície","n_andenes_cas":"2","n_andenes_val":"2","inifintrayecto_cas":"No","inifintrayecto_val":"No","ficticio_cas":"Verdadero","ficticio_val":"Vertader","estadofis_cas":"En uso","estadofis_val":"En ús","estado_cas":"Vigente","estado_val":"Vigent","id_estfc":"462500000049","id_areafc":"462500000049","bajabd":"","created_user":"ICV","last_edited_user":"ICV","last_edited_date":"20240214113604","altabd":"20230908120333","globalid":"{3B9B5376-9F1F-46C3-9B2A-0F61AB776452}","nombre":"V. Zaragozá","st_area_shape_":"936.167399989746","st_perimeter_shape_":"142.67185337592161"},"geometry":{"type":"Polygon","coordinates":[[[-0.3576348,39.4833418],[-0.3570479,39.4831698],[-0.3569767,39.4833154],[-0.3575633,39.4834881],[-0.3576348,39.4833418]]]}},
{"type":"Feature","properties":{"fid":110,"id":"1654","autoridad_area_cas":"GVA","autoridad_area_val":"GVA","transbordo_cas":"No","transbordo_val":"No","tipo_uso_cas":"Pasajeros","tipo_uso_val":"Passatgers","tipo_estfc_cas":"Apeadero","tipo_estfc_val":"Baixador","situacionvertical_cas":"En superficie","situacionvertical_val":"En superfície","n_andenes_cas":"2","n_andenes_val":"2","inifintrayecto_cas":"No","inifintrayecto_val":"No","ficticio_cas":"Verdadero","ficticio_val":"Vertader","estadofis_cas":"En uso","estadofis_val":"En ús","estado_cas":"Vigente","estado_val":"Vigent","id_estfc":"462500000030","id_areafc":"462500000030","bajabd":"","created_user":"ICV","last_edited_user":"ICV","last_edited_date":"20240214113604","altabd":"20230908120333","globalid":"{E5E1AABE-622D-469F-BB8D-B3DC32EC37F3}","nombre":"Alfauir","st_area_shape_":"1236.4662000237042","st_perimeter_shape_":"173.84555769198258"},"geometry":{"type":"Polygon","coordinates":[[[-0.3658292,39.4895576],[-0.3657061,39.4894281],[-0.365061,39.4897973],[-0.3651849,39.4899276],[-0.3658292,39.4895576]]]}},
{"type":"Feature","properties":{"fid":111,"id":"1773","autoridad_area_cas":"GVA","autoridad_area_val":"GVA","transbordo_cas":"No","transbordo_val":"No","tipo_uso_cas":"Pasajeros","tipo_uso_val":"Passatgers","tipo_estfc_cas":"Apeadero","tipo_estfc_val":"Baixador","situacionvertical_cas":"En superficie","situacionvertical_val":"En superfície","n_andenes_cas":"2","n_andenes_val":"2","inifintrayecto_cas":"No","inifintrayecto_val":"No","ficticio_cas":"Verdadero","ficticio_val":"Vertader","estadofis_cas":"En uso","estadofis_val":"En ús","estado_cas":"Vigente","estado_val":"Vigent","id_estfc":"462500000038","id_areafc":"462500000038","bajabd":"","created_user":"ICV","last_edited_user":"ICV","last_edited_date":"20240214113604","altabd":"20230908120333","globalid":"{9592415F-2C7B-42ED-8E6F-5F1FA3C3DE45}","nombre":"Orriols","st_area_shape_":"1192.6727999976863","st_perimeter_shape_":"172.56984823180787"},"geometry":{"type":"Polygon","coordinates":[[[-0.3678785,39.4929742],[-0.3677323,39.4928645],[-0.3671749,39.4933112],[-0.3673174,39.493418],[-0.3678785,39.4929742]]]}},
{"type":"Feature","properties":{"fid":113,"id":"1697","autoridad_area_cas":"GVA","autoridad_area_val":"GVA","transbordo_cas":"No","transbordo_val":"No","tipo_uso_cas":"Pasajeros","tipo_uso_val":"Passatgers","tipo_estfc_cas":"Apeadero","tipo_estfc_val":"Baixador","situacionvertical_cas":"En superficie","situacionvertical_val":"En superfície","n_andenes_cas":"2","n_andenes_val":"2","inifintrayecto_cas":"No","inifintrayecto_val":"No","ficticio_cas":"Verdadero","ficticio_val":"Vertader","estadofis_cas":"En uso","estadofis_val":"En ús","estado_cas":"Vigente","estado_val":"Vigent","id_estfc":"462500000053","id_areafc":"462500000053","bajabd":"","created_user":"ICV","last_edited_user":"ICV","last_edited_date":"20240214113604","altabd":"20230908120333","globalid":"{8EBEB86B-E6B0-4BC8-81C5-32B39C49794E}","nombre":"Ciutat Arts i Ciències - Justícia","st_area_shape_":"1437.9953499924964","st_perimeter_shape_":"200.27617283097422"},"geometry":{"type":"Polygon","coordinates":[[[-0.3536885,39.4524493],[-0.3528456,39.4528083],[-0.3529436,39.4529451],[-0.3537857,39.4525863],[-0.3536885,39.4524493]]]}},
{"type":"Feature","properties":{"fid":114,"id":"1643","autoridad_area_cas":"GVA","autoridad_area_val":"GVA","transbordo_cas":"No","transbordo_val":"No","tipo_uso_cas":"Pasajeros","tipo_uso_val":"Passatgers","tipo_estfc_cas":"Apeadero","tipo_estfc_val":"Baixador","situacionvertical_cas":"En superficie","situacionvertical_val":"En superfície","n_andenes_cas":"2","n_andenes_val":"2","inifintrayecto_cas":"No","inifintrayecto_val":"No","ficticio_cas":"Verdadero","ficticio_val":"Vertader","estadofis_cas":"En uso","estadofis_val":"En ús","estado_cas":"Vigente","estado_val":"Vigent","id_estfc":"461160000003","id_areafc":"461160000003","bajabd":"","created_user":"ICV","last_edited_user":"ICV","last_edited_date":"20240214113604","altabd":"20230908120333","globalid":"{FE0D6911-F893-4A66-88F6-93499FF1352E}","nombre":"Montesol","st_area_shape_":"1144.4001000162473","st_perimeter_shape_":"179.42260006609803"},"geometry":{"type":"Polygon","coordinates":[[[-0.5316431,39.5551775],[-0.5314665,39.5552559],[-0.5316402,39.5555157],[-0.5316242,39.5555226],[-0.5316667,39.5555825],[-0.5316822,39.555576],[-0.5317231,39.5556336],[-0.5318474,39.5558029],[-0.5320111,39.5557305],[-0.5319779,39.5556853],[-0.531993,39.5556785],[-0.5319515,39.5556224],[-0.5319366,39.555629],[-0.5318464,39.5555043],[-0.5317089,39.5553076],[-0.5316648,39.5552426],[-0.5316815,39.5552351],[-0.5316431,39.5551775]]]}},
{"type":"Feature","properties":{"fid":117,"id":"1685","autoridad_area_cas":"GVA","autoridad_area_val":"GVA","transbordo_cas":"No","transbordo_val":"No","tipo_uso_cas":"Pasajeros","tipo_uso_val":"Passatgers","tipo_estfc_cas":"Apeadero","tipo_estfc_val":"Baixador","situacionvertical_cas":"En superficie","situacionvertical_val":"En superfície","n_andenes_cas":"2","n_andenes_val":"2","inifintrayecto_cas":"No","inifintrayecto_val":"No","ficticio_cas":"Verdadero","ficticio_val":"Vertader","estadofis_cas":"En uso","estadofis_val":"En ús","estado_cas":"Vigente","estado_val":"Vigent","id_estfc":"462500000036","id_areafc":"462500000036","bajabd":"","created_user":"ICV","last_edited_user":"ICV","last_edited_date":"20240214113604","altabd":"20230908120333","globalid":"{B16490AD-5357-4060-B562-DEC710E262CB}","nombre":"Trànsits","st_area_shape_":"1037.2182499879852","st_perimeter_shape_":"147.26054125164413"},"geometry":{"type":"Polygon","coordinates":[[[-0.387302,39.4897006],[-0.3873428,39.4895347],[-0.3870376,39.4894818],[-0.3867351,39.4894208],[-0.3866747,39.4895882],[-0.3869872,39.4896482],[-0.387302,39.4897006]]]}},
{"type":"Feature","properties":{"fid":118,"id":"1603","autoridad_area_cas":"GVA","autoridad_area_val":"GVA","transbordo_cas":"No","transbordo_val":"No","tipo_uso_cas":"Pasajeros","tipo_uso_val":"Passatgers","tipo_estfc_cas":"Apeadero","tipo_estfc_val":"Baixador","situacionvertical_cas":"En superficie","situacionvertical_val":"En superfície","n_andenes_cas":"2","n_andenes_val":"2","inifintrayecto_cas":"No","inifintrayecto_val":"No","ficticio_cas":"Verdadero","ficticio_val":"Vertader","estadofis_cas":"En uso","estadofis_val":"En ús","estado_cas":"Vigente","estado_val":"Vigent","id_estfc":"462500000001","id_areafc":"462500000001","bajabd":"","created_user":"ICV","last_edited_user":"ICV","last_edited_date":"20240214113604","altabd":"20230908120333","globalid":"{BFDC6F89-0B79-4320-91AC-7C4013471E09}","nombre":"Francesc Cubells","st_area_shape_":"1046.8995999768651","st_perimeter_shape_":"169.4897350531107"},"geometry":{"type":"Polygon","coordinates":[[[-0.3346188,39.4634184],[-0.3346462,39.4632846],[-0.3338462,39.4631863],[-0.3338188,39.4633195],[-0.3346188,39.4634184]]]}},
{"type":"Feature","properties":{"fid":119,"id":"1635","autoridad_area_cas":"GVA","autoridad_area_val":"GVA","transbordo_cas":"No","transbordo_val":"No","tipo_uso_cas":"Pasajeros","tipo_uso_val":"Passatgers","tipo_estfc_cas":"Apeadero","tipo_estfc_val":"Baixador","situacionvertical_cas":"En superficie","situacionvertical_val":"En superfície","n_andenes_cas":"2","n_andenes_val":"2","inifintrayecto_cas":"No","inifintrayecto_val":"No","ficticio_cas":"Verdadero","ficticio_val":"Vertader","estadofis_cas":"En uso","estadofis_val":"En ús","estado_cas":"Vigente","estado_val":"Vigent","id_estfc":"461900000006","id_areafc":"461900000006","bajabd":"","created_user":"ICV","last_edited_user":"ICV","last_edited_date":"20240214113604","altabd":"20230908120333","globalid":"{70A9349D-DD23-4C90-B92E-A1E2AD7BEBC1}","nombre":"Fuente del Jarro","st_area_shape_":"2594.9647999817316","st_perimeter_shape_":"284.216994482444"},"geometry":{"type":"Polygon","coordinates":[[[-0.4634359,39.5110111],[-0.464153,39.5114842],[-0.4642083,39.5114335],[-0.4643319,39.5115147],[-0.4644155,39.5115676],[-0.4644712,39.5115148],[-0.4646065,39.5113922],[-0.4645612,39.5113623],[-0.4645538,39.5113689],[-0.4644648,39.5113093],[-0.4644732,39.5113016],[-0.4644102,39.5112592],[-0.4643982,39.5112698],[-0.464387,39.5112623],[-0.4643342,39.5113091],[-0.4643171,39.5112979],[-0.4643098,39.5113044],[-0.4642134,39.511241],[-0.4642207,39.5112346],[-0.4641756,39.511205],[-0.4641973,39.5111856],[-0.4640219,39.5110696],[-0.463992,39.5110984],[-0.4636131,39.5108495],[-0.4634359,39.5110111]]]}},
{"type":"Feature","properties":{"fid":121,"id":"1689","autoridad_area_cas":"GVA","autoridad_area_val":"GVA","transbordo_cas":"No","transbordo_val":"No","tipo_uso_cas":"Pasajeros","tipo_uso_val":"Passatgers","tipo_estfc_cas":"Apeadero","tipo_estfc_val":"Baixador","situacionvertical_cas":"En superficie","situacionvertical_val":"En superfície","n_andenes_cas":"2","n_andenes_val":"2","inifintrayecto_cas":"No","inifintrayecto_val":"No","ficticio_cas":"Verdadero","ficticio_val":"Vertader","estadofis_cas":"En uso","estadofis_val":"En ús","estado_cas":"Vigente","estado_val":"Vigent","id_estfc":"462500000059","id_areafc":"462500000059","bajabd":"","created_user":"ICV","last_edited_user":"ICV","last_edited_date":"20240214113604","altabd":"20230908120333","globalid":"{B5DA72D8-E607-4B8B-A780-D66E0F5D24A7}","nombre":"Pont de Fusta","st_area_shape_":"1652.697249952202","st_perimeter_shape_":"179.943365839259"},"geometry":{"type":"Polygon","coordinates":[[[-0.3731704,39.4819638],[-0.3729421,39.4818756],[-0.3729047,39.481862],[-0.3725681,39.4823777],[-0.372837,39.4824825],[-0.3731704,39.4819638]]]}},
{"type":"Feature","properties":{"fid":122,"id":"1696","autoridad_area_cas":"GVA","autoridad_area_val":"GVA","transbordo_cas":"No","transbordo_val":"No","tipo_uso_cas":"Pasajeros","tipo_uso_val":"Passatgers","tipo_estfc_cas":"Apeadero","tipo_estfc_val":"Baixador","situacionvertical_cas":"En superficie","situacionvertical_val":"En superfície","n_andenes_cas":"2","n_andenes_val":"2","inifintrayecto_cas":"No","inifintrayecto_val":"No","ficticio_cas":"Verdadero","ficticio_val":"Vertader","estadofis_cas":"En uso","estadofis_val":"En ús","estado_cas":"Vigente","estado_val":"Vigent","id_estfc":"462500000081","id_areafc":"462500000081","bajabd":"","created_user":"ICV","last_edited_user":"ICV","last_edited_date":"20240214113604","altabd":"20230908120333","globalid":"{7ED393F2-C8FE-481B-A047-1C8C2F89483B}","nombre":"Quatre Carreres","st_area_shape_":"1260.450050022112","st_perimeter_shape_":"196.65249291029872"},"geometry":{"type":"Polygon","coordinates":[[[-0.3604009,39.4527882],[-0.360555,39.4527223],[-0.3600888,39.4520664],[-0.3599346,39.4521323],[-0.3604009,39.4527882]]]}},
{"type":"Feature","properties":{"fid":123,"id":"1687","autoridad_area_cas":"GVA","autoridad_area_val":"GVA","transbordo_cas":"No","transbordo_val":"No","tipo_uso_cas":"Pasajeros","tipo_uso_val":"Passatgers","tipo_estfc_cas":"Apeadero","tipo_estfc_val":"Baixador","situacionvertical_cas":"En superficie","situacionvertical_val":"En superfície","n_andenes_cas":"2","n_andenes_val":"2","inifintrayecto_cas":"No","inifintrayecto_val":"No","ficticio_cas":"Verdadero","ficticio_val":"Vertader","estadofis_cas":"En uso","estadofis_val":"En ús","estado_cas":"Vigente","estado_val":"Vigent","id_estfc":"462500000034","id_areafc":"462500000034","bajabd":"","created_user":"ICV","last_edited_user":"ICV","last_edited_date":"20240214113604","altabd":"20230908120333","globalid":"{0B9839AA-7DFD-4A65-AF61-0D6859E9D0BB}","nombre":"Florista","st_area_shape_":"895.7188499947708","st_perimeter_shape_":"141.33255135159274"},"geometry":{"type":"Polygon","coordinates":[[[-0.3982002,39.4958568],[-0.3978011,39.4954805],[-0.3976517,39.4955748],[-0.3980516,39.4959512],[-0.3982002,39.4958568]]]}},
{"type":"Feature","properties":{"fid":125,"id":"1776","autoridad_area_cas":"GVA","autoridad_area_val":"GVA","transbordo_cas":"No","transbordo_val":"No","tipo_uso_cas":"Pasajeros","tipo_uso_val":"Passatgers","tipo_estfc_cas":"Apeadero","tipo_estfc_val":"Baixador","situacionvertical_cas":"En superficie","situacionvertical_val":"En superfície","n_andenes_cas":"2","n_andenes_val":"2","inifintrayecto_cas":"No","inifintrayecto_val":"No","ficticio_cas":"Verdadero","ficticio_val":"Vertader","estadofis_cas":"En uso","estadofis_val":"En ús","estado_cas":"Vigente","estado_val":"Vigent","id_estfc":"462500000046","id_areafc":"462500000046","bajabd":"","created_user":"ICV","last_edited_user":"ICV","last_edited_date":"20240214113604","altabd":"20230908120333","globalid":"{773FC490-FA26-439F-861E-7211DAE8FC1A}","nombre":"Garbí","st_area_shape_":"1664.3345000135964","st_perimeter_shape_":"320.45366350297553"},"geometry":{"type":"Polygon","coordinates":[[[-0.3939456,39.4918971],[-0.3938326,39.4919701],[-0.3945065,39.4925954],[-0.3944767,39.4926147],[-0.3948762,39.4929879],[-0.3949853,39.4929177],[-0.3943162,39.4922927],[-0.3943483,39.492272],[-0.3939456,39.4918971]]]}},
{"type":"Feature","properties":{"fid":129,"id":"1673","autoridad_area_cas":"GVA","autoridad_area_val":"GVA","transbordo_cas":"No","transbordo_val":"No","tipo_uso_cas":"Pasajeros","tipo_uso_val":"Passatgers","tipo_estfc_cas":"Apeadero","tipo_estfc_val":"Baixador","situacionvertical_cas":"En superficie","situacionvertical_val":"En superfície","n_andenes_cas":"2","n_andenes_val":"2","inifintrayecto_cas":"No","inifintrayecto_val":"No","ficticio_cas":"Verdadero","ficticio_val":"Vertader","estadofis_cas":"En uso","estadofis_val":"En ús","estado_cas":"Vigente","estado_val":"Vigent","id_estfc":"462500000004","id_areafc":"462500000004","bajabd":"","created_user":"ICV","last_edited_user":"ICV","last_edited_date":"20240214113604","altabd":"20230908120333","globalid":"{86535317-4601-42EE-8AC4-1C449F3404AC}","nombre":"La Carrasca","st_area_shape_":"978.6458000024089","st_perimeter_shape_":"144.245877692684"},"geometry":{"type":"Polygon","coordinates":[[[-0.3448621,39.4796276],[-0.3442742,39.4794576],[-0.3442009,39.4796109],[-0.344789,39.4797803],[-0.3448621,39.4796276]]]}},
{"type":"Feature","properties":{"fid":132,"id":"1571","autoridad_area_cas":"GVA","autoridad_area_val":"GVA","transbordo_cas":"No","transbordo_val":"No","tipo_uso_cas":"Pasajeros","tipo_uso_val":"Passatgers","tipo_estfc_cas":"Apeadero","tipo_estfc_val":"Baixador","situacionvertical_cas":"En superficie","situacionvertical_val":"En superfície","n_andenes_cas":"2","n_andenes_val":"2","inifintrayecto_cas":"No","inifintrayecto_val":"No","ficticio_cas":"Verdadero","ficticio_val":"Vertader","estadofis_cas":"En uso","estadofis_val":"En ús","estado_cas":"Vigente","estado_val":"Vigent","id_estfc":"460780000004","id_areafc":"460780000004","bajabd":"","created_user":"ICV","last_edited_user":"ICV","last_edited_date":"20240214113604","altabd":"20230908120333","globalid":"{095C6D34-662A-4CDA-9AFC-D244743F7873}","nombre":"À Punt","st_area_shape_":"977.3498000002138","st_perimeter_shape_":"155.19853013075425"},"geometry":{"type":"Polygon","coordinates":[[[-0.424992,39.5123736],[-0.4245515,39.5119342],[-0.4244066,39.5120211],[-0.4248461,39.512461],[-0.424992,39.5123736]]]}},
{"type":"Feature","properties":{"fid":134,"id":"1642","autoridad_area_cas":"GVA","autoridad_area_val":"GVA","transbordo_cas":"No","transbordo_val":"No","tipo_uso_cas":"Pasajeros","tipo_uso_val":"Passatgers","tipo_estfc_cas":"Apeadero","tipo_estfc_val":"Baixador","situacionvertical_cas":"En superficie","situacionvertical_val":"En superfície","n_andenes_cas":"2","n_andenes_val":"2","inifintrayecto_cas":"No","inifintrayecto_val":"No","ficticio_cas":"Verdadero","ficticio_val":"Vertader","estadofis_cas":"En uso","estadofis_val":"En ús","estado_cas":"Vigente","estado_val":"Vigent","id_estfc":"462140000001","id_areafc":"462140000001","bajabd":"","created_user":"ICV","last_edited_user":"ICV","last_edited_date":"20240214113604","altabd":"20230908120333","globalid":"{A4AE6D53-1F7B-47DD-B702-F6A208771610}","nombre":"El Clot","st_area_shape_":"1267.6682000175842","st_perimeter_shape_":"200.61300888400515"},"geometry":{"type":"Polygon","coordinates":[[[-0.5282016,39.5501651],[-0.5281732,39.5501789],[-0.5282231,39.5502429],[-0.5283002,39.5502041],[-0.52825,39.5501414],[-0.5283695,39.5500831],[-0.5281283,39.5497855],[-0.5281431,39.5497784],[-0.5280996,39.549725],[-0.5280849,39.5497323],[-0.5279422,39.549557],[-0.5277734,39.5496394],[-0.5279161,39.5498146],[-0.5279015,39.5498219],[-0.5279448,39.5498751],[-0.5279595,39.5498679],[-0.5282016,39.5501651]]]}},
{"type":"Feature","properties":{"fid":135,"id":"1605","autoridad_area_cas":"GVA","autoridad_area_val":"GVA","transbordo_cas":"No","transbordo_val":"No","tipo_uso_cas":"Pasajeros","tipo_uso_val":"Passatgers","tipo_estfc_cas":"Apeadero","tipo_estfc_val":"Baixador","situacionvertical_cas":"En superficie","situacionvertical_val":"En superfície","n_andenes_cas":"2","n_andenes_val":"2","inifintrayecto_cas":"No","inifintrayecto_val":"No","ficticio_cas":"Verdadero","ficticio_val":"Vertader","estadofis_cas":"En uso","estadofis_val":"En ús","estado_cas":"Vigente","estado_val":"Vigent","id_estfc":"460780000005","id_areafc":"460780000005","bajabd":"","created_user":"ICV","last_edited_user":"ICV","last_edited_date":"20240214113604","altabd":"20230908120333","globalid":"{8B0BE8B4-4EF7-4EC6-9BC1-FD780D457D6D}","nombre":"Campus","st_area_shape_":"853.6345000217035","st_perimeter_shape_":"139.61159004642428"},"geometry":{"type":"Polygon","coordinates":[[[-0.4172832,39.5073324],[-0.4175777,39.506903],[-0.4174166,39.5068362],[-0.4171202,39.5072649],[-0.4172832,39.5073324]]]}},
{"type":"Feature","properties":{"fid":137,"id":"1688","autoridad_area_cas":"GVA","autoridad_area_val":"GVA","transbordo_cas":"No","transbordo_val":"No","tipo_uso_cas":"Pasajeros","tipo_uso_val":"Passatgers","tipo_estfc_cas":"Apeadero","tipo_estfc_val":"Baixador","situacionvertical_cas":"En superficie","situacionvertical_val":"En superfície","n_andenes_cas":"2","n_andenes_val":"2","inifintrayecto_cas":"No","inifintrayecto_val":"No","ficticio_cas":"Verdadero","ficticio_val":"Vertader","estadofis_cas":"En uso","estadofis_val":"En ús","estado_cas":"Vigente","estado_val":"Vigent","id_estfc":"462500000003","id_areafc":"462500000003","bajabd":"","created_user":"ICV","last_edited_user":"ICV","last_edited_date":"20240214113604","altabd":"20230908120333","globalid":"{96AEFA7C-7395-4327-85A0-D4287388F519}","nombre":"Palau de Congresos","st_area_shape_":"665.8773999861648","st_perimeter_shape_":"127.53666194360345"},"geometry":{"type":"Polygon","coordinates":[[[-0.4002775,39.4974205],[-0.4002491,39.497377],[-0.4002186,39.4973343],[-0.4001863,39.4972924],[-0.4001521,39.4972513],[-0.4001162,39.4972113],[-0.4000783,39.4971722],[-0.4000389,39.4971341],[-0.3999977,39.4970972],[-0.399955,39.4970613],[-0.3998974,39.4971029],[-0.3998934,39.4970991],[-0.3998892,39.4970953],[-0.3998849,39.4970916],[-0.3998805,39.497088],[-0.3998759,39.4970845],[-0.3998711,39.4970812],[-0.3998122,39.4971241],[-0.3998508,39.4971553],[-0.399888,39.4971876],[-0.3999238,39.4972206],[-0.3999583,39.4972547],[-0.3999914,39.4972894],[-0.400023,39.4973251],[-0.4000531,39.4973615],[-0.4000817,39.4973985],[-0.4001088,39.4974363],[-0.4001344,39.4974747],[-0.4002775,39.4974205]]]}},
{"type":"Feature","properties":{"fid":139,"id":"1590","autoridad_area_cas":"GVA","autoridad_area_val":"GVA","transbordo_cas":"No","transbordo_val":"No","tipo_uso_cas":"Pasajeros","tipo_uso_val":"Passatgers","tipo_estfc_cas":"Apeadero","tipo_estfc_val":"Baixador","situacionvertical_cas":"En superficie","situacionvertical_val":"En superfície","n_andenes_cas":"2","n_andenes_val":"2","inifintrayecto_cas":"No","inifintrayecto_val":"No","ficticio_cas":"Verdadero","ficticio_val":"Vertader","estadofis_cas":"En uso","estadofis_val":"En ús","estado_cas":"Vigente","estado_val":"Vigent","id_estfc":"460780000009","id_areafc":"460780000009","bajabd":"","created_user":"ICV","last_edited_user":"ICV","last_edited_date":"20240214113604","altabd":"20230908120333","globalid":"{DD0B9050-B5BC-4FA7-8A1F-1A4225AF0B16}","nombre":"La Granja","st_area_shape_":"860.5040000363848","st_perimeter_shape_":"139.87839040753596"},"geometry":{"type":"Polygon","coordinates":[[[-0.4126334,39.5039672],[-0.412091,39.5037255],[-0.4119942,39.5038483],[-0.4125405,39.504091],[-0.4126334,39.5039672]]]}},
{"type":"Feature","properties":{"fid":141,"id":"1655","autoridad_area_cas":"GVA","autoridad_area_val":"GVA","transbordo_cas":"No","transbordo_val":"No","tipo_uso_cas":"Pasajeros","tipo_uso_val":"Passatgers","tipo_estfc_cas":"Apeadero","tipo_estfc_val":"Baixador","situacionvertical_cas":"En superficie","situacionvertical_val":"En superfície","n_andenes_cas":"2","n_andenes_val":"2","inifintrayecto_cas":"No","inifintrayecto_val":"No","ficticio_cas":"Verdadero","ficticio_val":"Vertader","estadofis_cas":"En uso","estadofis_val":"En ús","estado_cas":"Vigente","estado_val":"Vigent","id_estfc":"462500000019","id_areafc":"462500000019","bajabd":"","created_user":"ICV","last_edited_user":"ICV","last_edited_date":"20240214113604","altabd":"20230908120333","globalid":"{B3CA1483-1664-4938-8C5B-36DB9EEBD29D}","nombre":"Sant Miquel dels Reis","st_area_shape_":"1152.5155499270202","st_perimeter_shape_":"171.3523035710416"},"geometry":{"type":"Polygon","coordinates":[[[-0.3702967,39.4976966],[-0.3695471,39.4974772],[-0.3694781,39.4976186],[-0.3702288,39.4978369],[-0.3702967,39.4976966]]]}},
{"type":"Feature","properties":{"fid":142,"id":"1683","autoridad_area_cas":"GVA","autoridad_area_val":"GVA","transbordo_cas":"No","transbordo_val":"No","tipo_uso_cas":"Pasajeros","tipo_uso_val":"Passatgers","tipo_estfc_cas":"Apeadero","tipo_estfc_val":"Baixador","situacionvertical_cas":"En superficie","situacionvertical_val":"En superfície","n_andenes_cas":"2","n_andenes_val":"2","inifintrayecto_cas":"No","inifintrayecto_val":"No","ficticio_cas":"Verdadero","ficticio_val":"Vertader","estadofis_cas":"En uso","estadofis_val":"En ús","estado_cas":"Vigente","estado_val":"Vigent","id_estfc":"462500000028","id_areafc":"462500000028","bajabd":"","created_user":"ICV","last_edited_user":"ICV","last_edited_date":"20240214113604","altabd":"20230908120333","globalid":"{690DE6B8-9B02-49A6-9B3C-9100E2323932}","nombre":"Reus","st_area_shape_":"921.3153000213558","st_perimeter_shape_":"142.35398386799625"},"geometry":{"type":"Polygon","coordinates":[[[-0.3820375,39.4860245],[-0.3820493,39.4858733],[-0.3818379,39.4858647],[-0.3816263,39.4858617],[-0.3814146,39.4858643],[-0.3814084,39.4860149],[-0.3817139,39.4860151],[-0.3820375,39.4860245]]]}},
{"type":"Feature","properties":{"fid":143,"id":"1727","autoridad_area_cas":"GVA","autoridad_area_val":"GVA","transbordo_cas":"No","transbordo_val":"No","tipo_uso_cas":"Pasajeros","tipo_uso_val":"Passatgers","tipo_estfc_cas":"Apeadero","tipo_estfc_val":"Baixador","situacionvertical_cas":"En superficie","situacionvertical_val":"En superfície","n_andenes_cas":"2","n_andenes_val":"2","inifintrayecto_cas":"No","inifintrayecto_val":"No","ficticio_cas":"Verdadero","ficticio_val":"Vertader","estadofis_cas":"En uso","estadofis_val":"En ús","estado_cas":"Vigente","estado_val":"Vigent","id_estfc":"461710000003","id_areafc":"461710000003","bajabd":"","created_user":"ICV","last_edited_user":"ICV","last_edited_date":"20240214113604","altabd":"20230908120333","globalid":"{E70EFE80-94E8-48D5-AF2A-9083A93B671D}","nombre":"Masies","st_area_shape_":"2004.9517000155329","st_perimeter_shape_":"235.59212668106736"},"geometry":{"type":"Polygon","coordinates":[[[-0.4054288,39.5664112],[-0.4048715,39.5665263],[-0.4048971,39.5666008],[-0.404419,39.5666947],[-0.4044707,39.5668461],[-0.4055038,39.5666369],[-0.4054288,39.5664112]]]}},
{"type":"Feature","properties":{"fid":145,"id":"1589","autoridad_area_cas":"GVA","autoridad_area_val":"GVA","transbordo_cas":"No","transbordo_val":"No","tipo_uso_cas":"Pasajeros","tipo_uso_val":"Passatgers","tipo_estfc_cas":"Apeadero","tipo_estfc_val":"Baixador","situacionvertical_cas":"En superficie","situacionvertical_val":"En superfície","n_andenes_cas":"2","n_andenes_val":"2","inifintrayecto_cas":"No","inifintrayecto_val":"No","ficticio_cas":"Verdadero","ficticio_val":"Vertader","estadofis_cas":"En uso","estadofis_val":"En ús","estado_cas":"Vigente","estado_val":"Vigent","id_estfc":"460780000008","id_areafc":"460780000008","bajabd":"","created_user":"ICV","last_edited_user":"ICV","last_edited_date":"20240214113604","altabd":"20230908120333","globalid":"{40D4E74D-6B0B-447D-81EC-4C443A2E0555}","nombre":"Sant Joan","st_area_shape_":"834.7491999564079","st_perimeter_shape_":"139.56840399994238"},"geometry":{"type":"Polygon","coordinates":[[[-0.4166477,39.5054649],[-0.4167159,39.5053384],[-0.4164316,39.5052473],[-0.4164342,39.5052424],[-0.4161392,39.5051463],[-0.4160686,39.5052772],[-0.4166477,39.5054649]]]}},
{"type":"Feature","properties":{"fid":148,"id":"1757","autoridad_area_cas":"GVA","autoridad_area_val":"GVA","transbordo_cas":"No","transbordo_val":"No","tipo_uso_cas":"Pasajeros","tipo_uso_val":"Passatgers","tipo_estfc_cas":"Apeadero","tipo_estfc_val":"Baixador","situacionvertical_cas":"En superficie","situacionvertical_val":"En superfície","n_andenes_cas":"2","n_andenes_val":"2","inifintrayecto_cas":"No","inifintrayecto_val":"No","ficticio_cas":"Verdadero","ficticio_val":"Vertader","estadofis_cas":"En uso","estadofis_val":"En ús","estado_cas":"Vigente","estado_val":"Vigent","id_estfc":"461900000007","id_areafc":"461900000007","bajabd":"","created_user":"ICV","last_edited_user":"ICV","last_edited_date":"20240214113604","altabd":"20230908120333","globalid":"{C2314726-34EB-4880-8D71-C26EAD751059}","nombre":"La Coma","st_area_shape_":"1045.9254500105549","st_perimeter_shape_":"160.6829758042928"},"geometry":{"type":"Polygon","coordinates":[[[-0.4320174,39.5217488],[-0.4315321,39.5213119],[-0.4313883,39.5214082],[-0.4318737,39.521845],[-0.4320174,39.5217488]]]}},
{"type":"Feature","properties":{"fid":149,"id":"1686","autoridad_area_cas":"GVA","autoridad_area_val":"GVA","transbordo_cas":"No","transbordo_val":"No","tipo_uso_cas":"Pasajeros","tipo_uso_val":"Passatgers","tipo_estfc_cas":"Apeadero","tipo_estfc_val":"Baixador","situacionvertical_cas":"En superficie","situacionvertical_val":"En superfície","n_andenes_cas":"2","n_andenes_val":"2","inifintrayecto_cas":"No","inifintrayecto_val":"No","ficticio_cas":"Verdadero","ficticio_val":"Vertader","estadofis_cas":"En uso","estadofis_val":"En ús","estado_cas":"Vigente","estado_val":"Vigent","id_estfc":"462500000048","id_areafc":"462500000048","bajabd":"","created_user":"ICV","last_edited_user":"ICV","last_edited_date":"20240214113604","altabd":"20230908120333","globalid":"{9C969A97-8271-4350-ACFE-2ADB96B87E9C}","nombre":"Benicalap","st_area_shape_":"1011.0527000373929","st_perimeter_shape_":"145.55414212930884"},"geometry":{"type":"Polygon","coordinates":[[[-0.3903024,39.4901119],[-0.3903427,39.4899469],[-0.3897242,39.4898576],[-0.3896849,39.4900237],[-0.3903024,39.4901119]]]}},
{"type":"Feature","properties":{"fid":153,"id":"1576","autoridad_area_cas":"GVA","autoridad_area_val":"GVA","transbordo_cas":"Sí","transbordo_val":"Sí","tipo_uso_cas":"Pasajeros","tipo_uso_val":"Passatgers","tipo_estfc_cas":"Apeadero","tipo_estfc_val":"Baixador","situacionvertical_cas":"En superficie","situacionvertical_val":"En superfície","n_andenes_cas":"2","n_andenes_val":"2","inifintrayecto_cas":"No","inifintrayecto_val":"No","ficticio_cas":"Verdadero","ficticio_val":"Vertader","estadofis_cas":"En uso","estadofis_val":"En ús","estado_cas":"Vigente","estado_val":"Vigent","id_estfc":"462500000002","id_areafc":"462500000002","bajabd":"","created_user":"ICV","last_edited_user":"ICV","last_edited_date":"20240214113604","altabd":"20230908120333","globalid":"{EE53E85C-899E-4CF3-B5A7-281861A6BBBB}","nombre":"Grau - La Marina","st_area_shape_":"1122.7916500542456","st_perimeter_shape_":"171.35045152815334"},"geometry":{"type":"Polygon","coordinates":[[[-0.330274,39.4630599],[-0.3301612,39.4629453],[-0.3295158,39.4633217],[-0.3296306,39.4634384],[-0.330274,39.4630599]]]}},
{"type":"Feature","properties":{"fid":156,"id":"1679","autoridad_area_cas":"GVA","autoridad_area_val":"GVA","transbordo_cas":"No","transbordo_val":"No","tipo_uso_cas":"Pasajeros","tipo_uso_val":"Passatgers","tipo_estfc_cas":"Estación","tipo_estfc_val":"Estació","situacionvertical_cas":"Subterráneo","situacionvertical_val":"Subterrani","n_andenes_cas":"2","n_andenes_val":"2","inifintrayecto_cas":"No","inifintrayecto_val":"No","ficticio_cas":"Verdadero","ficticio_val":"Vertader","estadofis_cas":"En uso","estadofis_val":"En ús","estado_cas":"Vigente","estado_val":"Vigent","id_estfc":"461690000001","id_areafc":"461690000001","bajabd":"","created_user":"ICV","last_edited_user":"ICV","last_edited_date":"20240214113604","altabd":"20230908120333","globalid":"{3A5A7C05-4511-4BF9-B682-E8F97E6F3031}","nombre":"Mislata-Almassil","st_area_shape_":"4111.045050058854","st_perimeter_shape_":"526.1846167883147"},"geometry":{"type":"Polygon","coordinates":[[[-0.4216554,39.4750343],[-0.4215897,39.4751565],[-0.4216546,39.4751774],[-0.421651,39.4751841],[-0.4217867,39.475228],[-0.4217829,39.475235],[-0.4219749,39.475297],[-0.4219734,39.4753],[-0.4230101,39.4756347],[-0.4230784,39.4756832],[-0.4236782,39.4758768],[-0.4236871,39.4758602],[-0.4238062,39.4758986],[-0.4237918,39.4759252],[-0.4238385,39.4759403],[-0.4238534,39.4759139],[-0.4239778,39.475954],[-0.4239538,39.4759985],[-0.4240279,39.4760224],[-0.4240518,39.4759779],[-0.424054,39.4759786],[-0.4240766,39.4759367],[-0.4240744,39.475936],[-0.4241139,39.4758624],[-0.4239154,39.4757983],[-0.4239324,39.4757667],[-0.4237662,39.475713],[-0.4237764,39.4756939],[-0.4231768,39.4755003],[-0.4230843,39.4754967],[-0.4220475,39.475162],[-0.422048,39.4751612],[-0.4218581,39.4750998],[-0.4218412,39.4751314],[-0.4217581,39.4751046],[-0.4217751,39.475073],[-0.4216554,39.4750343]]]}},
{"type":"Feature","properties":{"fid":157,"id":"1675","autoridad_area_cas":"GVA","autoridad_area_val":"GVA","transbordo_cas":"No","transbordo_val":"No","tipo_uso_cas":"Pasajeros","tipo_uso_val":"Passatgers","tipo_estfc_cas":"Estación","tipo_estfc_val":"Estació","situacionvertical_cas":"Subterráneo","situacionvertical_val":"Subterrani","n_andenes_cas":"2","n_andenes_val":"2","inifintrayecto_cas":"No","inifintrayecto_val":"No","ficticio_cas":"Verdadero","ficticio_val":"Vertader","estadofis_cas":"En uso","estadofis_val":"En ús","estado_cas":"Vigente","estado_val":"Vigent","id_estfc":"462500000055","id_areafc":"462500000055","bajabd":"","created_user":"ICV","last_edited_user":"ICV","last_edited_date":"20240214113604","altabd":"20230908120333","globalid":"{D7E03578-39DD-49D3-95DE-722818FFD1D9}","nombre":"Xàtiva","st_area_shape_":"3903.299299937286","st_perimeter_shape_":"542.574522813565"},"geometry":{"type":"Polygon","coordinates":[[[-0.378117,39.4678984],[-0.3781181,39.4678954],[-0.3781629,39.4679051],[-0.3782144,39.4677615],[-0.3781697,39.4677519],[-0.3781708,39.4677488],[-0.3772293,39.4675467],[-0.3770838,39.4675154],[-0.3768133,39.4674571],[-0.3768412,39.4673796],[-0.3767286,39.4673744],[-0.3767438,39.4673369],[-0.3768124,39.4673533],[-0.3768258,39.4673197],[-0.3767227,39.4672948],[-0.3767236,39.4672923],[-0.376525,39.4672439],[-0.3765327,39.4672174],[-0.3764545,39.4671983],[-0.3764441,39.4672239],[-0.3764092,39.4672153],[-0.3764087,39.4672166],[-0.376311,39.4671927],[-0.3762646,39.4673073],[-0.37625,39.4673048],[-0.376107,39.4672664],[-0.3761056,39.4672695],[-0.3760277,39.4672486],[-0.3759962,39.4673192],[-0.3760741,39.4673401],[-0.3760728,39.467343],[-0.3761653,39.4673678],[-0.3761004,39.467401],[-0.3760763,39.4673971],[-0.3759266,39.4674734],[-0.3759406,39.46749],[-0.3759615,39.4674794],[-0.3759801,39.4675011],[-0.3762136,39.4673821],[-0.3766423,39.4674967],[-0.3766364,39.4675118],[-0.3767595,39.46759],[-0.3767584,39.4675933],[-0.376794,39.4676142],[-0.3768272,39.4676213],[-0.3768216,39.4676368],[-0.3768675,39.4676925],[-0.3769655,39.4677135],[-0.3769862,39.4676556],[-0.3776076,39.4677897],[-0.3775948,39.4678206],[-0.3776534,39.467835],[-0.3778482,39.4678828],[-0.3780323,39.4679226],[-0.3780465,39.4678832],[-0.378117,39.4678984]]]}},
{"type":"Feature","properties":{"fid":158,"id":"1634","autoridad_area_cas":"GVA","autoridad_area_val":"GVA","transbordo_cas":"No","transbordo_val":"No","tipo_uso_cas":"Pasajeros","tipo_uso_val":"Passatgers","tipo_estfc_cas":"Estación","tipo_estfc_val":"Estació","situacionvertical_cas":"Subterráneo","situacionvertical_val":"Subterrani","n_andenes_cas":"2","n_andenes_val":"2","inifintrayecto_cas":"No","inifintrayecto_val":"No","ficticio_cas":"Verdadero","ficticio_val":"Vertader","estadofis_cas":"En uso","estadofis_val":"En ús","estado_cas":"Vigente","estado_val":"Vigent","id_estfc":"462500000011","id_areafc":"462500000011","bajabd":"","created_user":"ICV","last_edited_user":"ICV","last_edited_date":"20240214113604","altabd":"20230908120333","globalid":"{9436BEFC-FD3F-4440-87A7-20FE549B86C0}","nombre":"Aragó","st_area_shape_":"5799.8530001002655","st_perimeter_shape_":"808.0623420426464"},"geometry":{"type":"Polygon","coordinates":[[[-0.3578526,39.4726337],[-0.3575521,39.4725452],[-0.3575616,39.4725258],[-0.3578739,39.4726177],[-0.3579441,39.4726186],[-0.3592235,39.472995],[-0.3592405,39.47296],[-0.3596512,39.4730809],[-0.3596917,39.4729984],[-0.3594657,39.4729319],[-0.3594836,39.4728952],[-0.3591705,39.4728032],[-0.3592648,39.4727731],[-0.3592484,39.4727422],[-0.3591119,39.4727859],[-0.3590174,39.4727581],[-0.3580147,39.4724644],[-0.3579663,39.4724292],[-0.3576539,39.4723373],[-0.357663,39.4723187],[-0.3579627,39.4724069],[-0.3580088,39.4723127],[-0.3579537,39.4722984],[-0.3579295,39.472348],[-0.3576819,39.4722751],[-0.3577411,39.4721544],[-0.357514,39.4720876],[-0.3574352,39.4722487],[-0.3574329,39.4722481],[-0.3574226,39.4722692],[-0.3573611,39.4722511],[-0.3573527,39.4722684],[-0.3571507,39.4722089],[-0.3571336,39.4722439],[-0.3570337,39.4722144],[-0.3570328,39.4722161],[-0.3568547,39.4721638],[-0.3568151,39.4722446],[-0.3569933,39.472297],[-0.3569924,39.4722986],[-0.3572042,39.472361],[-0.3571871,39.4723959],[-0.3572794,39.4724231],[-0.3572709,39.4724403],[-0.3573302,39.4724577],[-0.35732,39.4724788],[-0.357322,39.4724795],[-0.3572429,39.4726411],[-0.35747,39.4727079],[-0.3575293,39.4725867],[-0.3577777,39.4726597],[-0.3577467,39.4727231],[-0.3578002,39.4727408],[-0.3578526,39.4726337]]]}},
{"type":"Feature","properties":{"fid":159,"id":"1691","autoridad_area_cas":"GVA","autoridad_area_val":"GVA","transbordo_cas":"No","transbordo_val":"No","tipo_uso_cas":"Pasajeros","tipo_uso_val":"Passatgers","tipo_estfc_cas":"Estación","tipo_estfc_val":"Estació","situacionvertical_cas":"Subterráneo","situacionvertical_val":"Subterrani","n_andenes_cas":"2","n_andenes_val":"2","inifintrayecto_cas":"No","inifintrayecto_val":"No","ficticio_cas":"Verdadero","ficticio_val":"Vertader","estadofis_cas":"En uso","estadofis_val":"En ús","estado_cas":"Vigente","estado_val":"Vigent","id_estfc":"462500000023","id_areafc":"462500000023","bajabd":"","created_user":"ICV","last_edited_user":"ICV","last_edited_date":"20240214113604","altabd":"20230908120333","globalid":"{88D3ABD4-88F4-48A3-A34B-9EAC04A5647B}","nombre":"Amado Granell Monteolivet","st_area_shape_":"5455.758250028693","st_perimeter_shape_":"470.6526153780441"},"geometry":{"type":"Polygon","coordinates":[[[-0.3655696,39.4601596],[-0.3656444,39.4601278],[-0.3656989,39.4602049],[-0.3656954,39.4602064],[-0.365713,39.4602313],[-0.3658178,39.4601867],[-0.3657852,39.4601408],[-0.3658409,39.4601172],[-0.3658011,39.460061],[-0.3658687,39.4600323],[-0.3658189,39.4599619],[-0.3658173,39.4599626],[-0.3657726,39.4598995],[-0.3657739,39.4598989],[-0.3657292,39.4598357],[-0.365728,39.4598362],[-0.3656388,39.4597098],[-0.3655941,39.4596466],[-0.3655936,39.4596469],[-0.3655491,39.4595837],[-0.3655493,39.4595835],[-0.3655046,39.4595203],[-0.3655041,39.4595205],[-0.3654596,39.4594573],[-0.3654602,39.4594571],[-0.3654155,39.4593939],[-0.3654148,39.4593943],[-0.3653701,39.4593311],[-0.36537,39.4593311],[-0.3653253,39.4592679],[-0.3653266,39.4592674],[-0.3652819,39.4592042],[-0.3652814,39.4592045],[-0.3652367,39.4591413],[-0.365237,39.4591411],[-0.3651924,39.459078],[-0.3651918,39.4590782],[-0.3651471,39.459015],[-0.3651482,39.4590146],[-0.3651036,39.4589514],[-0.3651033,39.4589515],[-0.3650587,39.4588884],[-0.3650578,39.4588887],[-0.3650131,39.4588255],[-0.3650133,39.4588254],[-0.3649686,39.4587623],[-0.3649685,39.4587624],[-0.3649238,39.4586992],[-0.364924,39.4586991],[-0.3648793,39.4586359],[-0.3648789,39.4586361],[-0.3648159,39.4585471],[-0.364716,39.4585895],[-0.3647126,39.4585847],[-0.364613,39.458627],[-0.3647555,39.4588282],[-0.3646572,39.45887],[-0.3647153,39.4589521],[-0.3647164,39.4589516],[-0.364761,39.4590148],[-0.3647619,39.4590144],[-0.3648066,39.4590776],[-0.3648054,39.4590781],[-0.3648501,39.4591413],[-0.3648496,39.4591414],[-0.3648943,39.4592046],[-0.3648944,39.4592045],[-0.3649391,39.4592677],[-0.3649389,39.4592679],[-0.3649836,39.4593311],[-0.3649845,39.4593306],[-0.3650292,39.4593938],[-0.3650301,39.4593934],[-0.3650748,39.4594565],[-0.3650734,39.4594571],[-0.3651181,39.4595203],[-0.3651177,39.4595205],[-0.3651624,39.4595837],[-0.3651626,39.4595835],[-0.3652073,39.4596467],[-0.3652077,39.4596465],[-0.3652514,39.4597083],[-0.3652228,39.4597204],[-0.3652702,39.4597876],[-0.3652988,39.4597755],[-0.3653863,39.4598993],[-0.3653851,39.4598998],[-0.3654297,39.459963],[-0.3654744,39.4600261],[-0.3654746,39.460026],[-0.3655193,39.4600891],[-0.3655197,39.460089],[-0.3655696,39.4601596]]]}},
{"type":"Feature","properties":{"fid":160,"id":"1623","autoridad_area_cas":"GVA","autoridad_area_val":"GVA","transbordo_cas":"No","transbordo_val":"No","tipo_uso_cas":"Pasajeros","tipo_uso_val":"Passatgers","tipo_estfc_cas":"Estación","tipo_estfc_val":"Estació","situacionvertical_cas":"Subterráneo","situacionvertical_val":"Subterrani","n_andenes_cas":"2","n_andenes_val":"2","inifintrayecto_cas":"No","inifintrayecto_val":"No","ficticio_cas":"Verdadero","ficticio_val":"Vertader","estadofis_cas":"En uso","estadofis_val":"En ús","estado_cas":"Vigente","estado_val":"Vigent","id_estfc":"462500000076","id_areafc":"462500000076","bajabd":"","created_user":"ICV","last_edited_user":"ICV","last_edited_date":"20240214113604","altabd":"20230908120333","globalid":"{28B7CB93-CC72-4CA2-B320-77315AF56123}","nombre":"Safranar","st_area_shape_":"2901.994799988028","st_perimeter_shape_":"406.3286227133314"},"geometry":{"type":"Polygon","coordinates":[[[-0.3984076,39.4544215],[-0.3984197,39.4544117],[-0.3983861,39.4543868],[-0.3982789,39.4544735],[-0.3982758,39.4544852],[-0.3981011,39.4546265],[-0.3981431,39.4546577],[-0.3976522,39.4550548],[-0.3976428,39.4550478],[-0.3976244,39.4550625],[-0.3975774,39.4550272],[-0.3975095,39.4550821],[-0.3974356,39.4550251],[-0.3972885,39.4551445],[-0.3972571,39.4551213],[-0.3970421,39.4552965],[-0.39715,39.455376],[-0.397324,39.4552347],[-0.3973249,39.4552353],[-0.3974282,39.4551514],[-0.3975097,39.4552142],[-0.3975105,39.4552136],[-0.3975827,39.4552693],[-0.3975819,39.4552699],[-0.3976253,39.4553035],[-0.397707,39.4552411],[-0.3977075,39.4552415],[-0.3977859,39.4551809],[-0.3977704,39.4551687],[-0.3982781,39.454758],[-0.3983016,39.4547755],[-0.3983077,39.4547705],[-0.3983439,39.4547699],[-0.3985041,39.4546403],[-0.3985012,39.4546382],[-0.3985131,39.4545972],[-0.3986054,39.4545226],[-0.3985733,39.4544988],[-0.3985438,39.4545226],[-0.3984076,39.4544215]]]}},
{"type":"Feature","properties":{"fid":161,"id":"1678","autoridad_area_cas":"GVA","autoridad_area_val":"GVA","transbordo_cas":"No","transbordo_val":"No","tipo_uso_cas":"Pasajeros","tipo_uso_val":"Passatgers","tipo_estfc_cas":"Estación","tipo_estfc_val":"Estació","situacionvertical_cas":"Subterráneo","situacionvertical_val":"Subterrani","n_andenes_cas":"2","n_andenes_val":"2","inifintrayecto_cas":"No","inifintrayecto_val":"No","ficticio_cas":"Verdadero","ficticio_val":"Vertader","estadofis_cas":"En uso","estadofis_val":"En ús","estado_cas":"Vigente","estado_val":"Vigent","id_estfc":"461690000002","id_areafc":"461690000002","bajabd":"","created_user":"ICV","last_edited_user":"ICV","last_edited_date":"20240214113604","altabd":"20230908120333","globalid":"{8984157E-D507-45F8-9A5A-9BBF2CF95260}","nombre":"Mislata","st_area_shape_":"4374.741449925055","st_perimeter_shape_":"565.390503344922"},"geometry":{"type":"Polygon","coordinates":[[[-0.4157937,39.4731355],[-0.4157319,39.4732452],[-0.4158193,39.4732748],[-0.4158076,39.4732955],[-0.415936,39.4733389],[-0.4159354,39.4733401],[-0.4161003,39.4733959],[-0.4160931,39.4734088],[-0.4165846,39.473575],[-0.4166136,39.4735799],[-0.4173354,39.473824],[-0.4174027,39.4738733],[-0.4180336,39.4740725],[-0.4180403,39.4740606],[-0.4182054,39.4741164],[-0.4182214,39.4740879],[-0.4184504,39.4741654],[-0.4184971,39.4740823],[-0.4182681,39.4740049],[-0.4183013,39.4739459],[-0.4182545,39.4739301],[-0.4182373,39.4739605],[-0.4181191,39.4739206],[-0.418129,39.4739029],[-0.417505,39.4736918],[-0.4174125,39.473687],[-0.4166907,39.4734428],[-0.4166665,39.4734297],[-0.4159957,39.4732028],[-0.4159761,39.4732375],[-0.415869,39.4732012],[-0.4158881,39.4731674],[-0.4157937,39.4731355]]]}},
{"type":"Feature","properties":{"fid":162,"id":"1646","autoridad_area_cas":"GVA","autoridad_area_val":"GVA","transbordo_cas":"No","transbordo_val":"No","tipo_uso_cas":"Pasajeros","tipo_uso_val":"Passatgers","tipo_estfc_cas":"Estación","tipo_estfc_val":"Estació","situacionvertical_cas":"Subterráneo","situacionvertical_val":"Subterrani","n_andenes_cas":"2","n_andenes_val":"2","inifintrayecto_cas":"No","inifintrayecto_val":"No","ficticio_cas":"Verdadero","ficticio_val":"Vertader","estadofis_cas":"En uso","estadofis_val":"En ús","estado_cas":"Vigente","estado_val":"Vigent","id_estfc":"462500000079","id_areafc":"462500000079","bajabd":"","created_user":"ICV","last_edited_user":"ICV","last_edited_date":"20240214113604","altabd":"20230908120333","globalid":"{BEC9155D-7992-4D87-BE1C-89F5DD2DFDCA}","nombre":"Campanar","st_area_shape_":"3866.485899975248","st_perimeter_shape_":"699.5821428184852"},"geometry":{"type":"Polygon","coordinates":[[[-0.394263,39.4834128],[-0.3942809,39.4834054],[-0.3942494,39.4833602],[-0.3942314,39.4833677],[-0.3939565,39.4829738],[-0.393983,39.4829626],[-0.3938672,39.4827974],[-0.3938641,39.4827986],[-0.3938265,39.482745],[-0.394225,39.482578],[-0.3942766,39.4826501],[-0.3943133,39.4826347],[-0.3942374,39.4825258],[-0.3942248,39.482531],[-0.3942141,39.4825158],[-0.3941675,39.4825353],[-0.3941788,39.4825514],[-0.3934745,39.4828449],[-0.393479,39.4828786],[-0.3933827,39.4828862],[-0.3933882,39.4829288],[-0.3936084,39.4829116],[-0.3937124,39.4830639],[-0.393721,39.4830603],[-0.3937398,39.4830874],[-0.3937921,39.4830655],[-0.394347,39.4838603],[-0.3943485,39.4838597],[-0.3944449,39.4839979],[-0.3944847,39.4839813],[-0.3945724,39.4841067],[-0.3944937,39.4841397],[-0.3945705,39.4842499],[-0.3946135,39.4842319],[-0.3945637,39.4841606],[-0.3945995,39.4841456],[-0.3946217,39.4841776],[-0.3947158,39.4841382],[-0.3946935,39.4841062],[-0.3952098,39.4838899],[-0.3951328,39.4837797],[-0.3950899,39.4837976],[-0.3951396,39.4838689],[-0.3946664,39.4840673],[-0.3945788,39.4839418],[-0.3946186,39.4839252],[-0.3945221,39.483787],[-0.3945236,39.4837863],[-0.394263,39.4834128]]]}},
{"type":"Feature","properties":{"fid":163,"id":"1593","autoridad_area_cas":"GVA","autoridad_area_val":"GVA","transbordo_cas":"No","transbordo_val":"No","tipo_uso_cas":"Pasajeros","tipo_uso_val":"Passatgers","tipo_estfc_cas":"Estación","tipo_estfc_val":"Estació","situacionvertical_cas":"Subterráneo","situacionvertical_val":"Subterrani","n_andenes_cas":"2","n_andenes_val":"2","inifintrayecto_cas":"No","inifintrayecto_val":"No","ficticio_cas":"Verdadero","ficticio_val":"Vertader","estadofis_cas":"En uso","estadofis_val":"En ús","estado_cas":"Vigente","estado_val":"Vigent","id_estfc":"462500000008","id_areafc":"462500000008","bajabd":"","created_user":"ICV","last_edited_user":"ICV","last_edited_date":"20240214113604","altabd":"20230908120333","globalid":"{90B505C8-6A7F-4AF9-96C2-6A3F02CAF0CD}","nombre":"Ayora","st_area_shape_":"5608.57964990899","st_perimeter_shape_":"701.3836608779061"},"geometry":{"type":"Polygon","coordinates":[[[-0.3433945,39.4672849],[-0.3431642,39.4673127],[-0.3431619,39.4673017],[-0.3431277,39.4672511],[-0.3429438,39.4663336],[-0.3428669,39.4663428],[-0.3428546,39.4662814],[-0.3427983,39.4662882],[-0.3428115,39.466354],[-0.342746,39.4663619],[-0.3427427,39.4663449],[-0.3427344,39.4663317],[-0.3427158,39.4663037],[-0.3426959,39.4662762],[-0.3426748,39.4662491],[-0.3426525,39.4662228],[-0.342629,39.466197],[-0.3426044,39.4661718],[-0.3425155,39.466225],[-0.3426702,39.466429],[-0.3427024,39.4665895],[-0.3427781,39.4665804],[-0.3427795,39.4665872],[-0.3429176,39.4672765],[-0.3429048,39.4673327],[-0.3430001,39.4678082],[-0.3430047,39.4678077],[-0.3430535,39.4680513],[-0.3430666,39.4680829],[-0.343081,39.468114],[-0.3430966,39.4681449],[-0.3431136,39.4681753],[-0.3431318,39.4682053],[-0.3431513,39.4682347],[-0.343172,39.4682638],[-0.3433469,39.468185],[-0.3433288,39.4681597],[-0.3433119,39.4681339],[-0.3432961,39.4681077],[-0.3432814,39.4680811],[-0.3432679,39.4680542],[-0.3432555,39.4680269],[-0.3432444,39.4679992],[-0.3432344,39.4679713],[-0.3432902,39.4679647],[-0.3432527,39.4677778],[-0.3432573,39.4677773],[-0.3431719,39.4673509],[-0.3434023,39.4673228],[-0.343654,39.467292],[-0.3435769,39.4669124],[-0.3433251,39.4669432],[-0.3433945,39.4672849]]]}},
{"type":"Feature","properties":{"fid":164,"id":"1637","autoridad_area_cas":"GVA","autoridad_area_val":"GVA","transbordo_cas":"No","transbordo_val":"No","tipo_uso_cas":"Pasajeros","tipo_uso_val":"Passatgers","tipo_estfc_cas":"Estación","tipo_estfc_val":"Estació","situacionvertical_cas":"Subterráneo","situacionvertical_val":"Subterrani","n_andenes_cas":"2","n_andenes_val":"2","inifintrayecto_cas":"No","inifintrayecto_val":"No","ficticio_cas":"Verdadero","ficticio_val":"Vertader","estadofis_cas":"En uso","estadofis_val":"En ús","estado_cas":"Vigente","estado_val":"Vigent","id_estfc":"462500000080","id_areafc":"462500000080","bajabd":"","created_user":"ICV","last_edited_user":"ICV","last_edited_date":"20240214113604","altabd":"20230908120333","globalid":"{28F84166-C393-4E34-834E-A785A99A5FF8}","nombre":"Facultats - Manuel Broseta","st_area_shape_":"3592.139949963672","st_perimeter_shape_":"540.1801702195863"},"geometry":{"type":"Polygon","coordinates":[[[-0.3617878,39.4785007],[-0.3618464,39.478518],[-0.3618634,39.4784834],[-0.3619423,39.4785473],[-0.3620575,39.4785813],[-0.3620723,39.478551],[-0.3619724,39.4785216],[-0.3619791,39.478508],[-0.3618877,39.4784339],[-0.3622041,39.4777891],[-0.3623129,39.4778212],[-0.3623177,39.4778113],[-0.3624177,39.4778408],[-0.3624325,39.4778105],[-0.3623326,39.477781],[-0.3623384,39.477769],[-0.3622297,39.4777369],[-0.3622326,39.477731],[-0.3621674,39.4777118],[-0.362185,39.477676],[-0.3621651,39.4776702],[-0.3622897,39.4774163],[-0.36218,39.477384],[-0.3620498,39.4776495],[-0.3619647,39.4776244],[-0.3619505,39.4776538],[-0.3618403,39.4776213],[-0.361834,39.4776341],[-0.3617341,39.4776046],[-0.3617196,39.477634],[-0.3618195,39.4776634],[-0.3618144,39.477674],[-0.3619245,39.4777065],[-0.3616054,39.4783569],[-0.3614763,39.4783597],[-0.3614689,39.4783745],[-0.361369,39.478345],[-0.3613542,39.4783753],[-0.3614541,39.4784048],[-0.3614479,39.4784175],[-0.3615269,39.4784408],[-0.361524,39.4784467],[-0.3615674,39.4784595],[-0.3615776,39.4784387],[-0.3616532,39.478461],[-0.3614985,39.4787762],[-0.3616054,39.4788077],[-0.3617207,39.4785728],[-0.3617484,39.478581],[-0.3617878,39.4785007]]]}},
{"type":"Feature","properties":{"fid":165,"id":"1700","autoridad_area_cas":"GVA","autoridad_area_val":"GVA","transbordo_cas":"No","transbordo_val":"No","tipo_uso_cas":"Pasajeros","tipo_uso_val":"Passatgers","tipo_estfc_cas":"Estación","tipo_estfc_val":"Estació","situacionvertical_cas":"Subterráneo","situacionvertical_val":"Subterrani","n_andenes_cas":"2","n_andenes_val":"2","inifintrayecto_cas":"No","inifintrayecto_val":"No","ficticio_cas":"Verdadero","ficticio_val":"Vertader","estadofis_cas":"En uso","estadofis_val":"En ús","estado_cas":"Vigente","estado_val":"Vigent","id_estfc":"462500000073","id_areafc":"462500000073","bajabd":"","created_user":"ICV","last_edited_user":"ICV","last_edited_date":"20240214113604","altabd":"20230908120333","globalid":"{DD2C16DF-2569-4ABF-9AF7-73F6A0225D0C}","nombre":"Túria","st_area_shape_":"3917.1012499703143","st_perimeter_shape_":"770.9516511510005"},"geometry":{"type":"Polygon","coordinates":[[[-0.3903796,39.4787841],[-0.3907469,39.4786234],[-0.3906721,39.4785207],[-0.390574,39.478476],[-0.3903501,39.4781687],[-0.3903839,39.4781539],[-0.3903514,39.4781092],[-0.3903175,39.478124],[-0.3900936,39.4778168],[-0.3900939,39.4777889],[-0.3899849,39.4776393],[-0.3896988,39.4777645],[-0.3895804,39.477602],[-0.3895687,39.4775755],[-0.3897251,39.4775345],[-0.3896925,39.4774577],[-0.3897559,39.4773623],[-0.3897131,39.4773452],[-0.3896349,39.4774774],[-0.3896467,39.4775045],[-0.3894904,39.4775454],[-0.3895236,39.4776216],[-0.3897403,39.477919],[-0.3898497,39.4778712],[-0.389926,39.4779759],[-0.389977,39.4779535],[-0.3903765,39.4785016],[-0.3903255,39.478524],[-0.3903628,39.4785753],[-0.3902055,39.4786442],[-0.390362,39.478859],[-0.3903275,39.478874],[-0.3903417,39.4788937],[-0.3903764,39.4788786],[-0.3904417,39.4789683],[-0.3906157,39.4791194],[-0.3902294,39.4793866],[-0.390375,39.4795917],[-0.3904126,39.4795757],[-0.3902835,39.4793938],[-0.3906444,39.4791443],[-0.3906797,39.479175],[-0.3908426,39.4792024],[-0.3908528,39.4791663],[-0.3907209,39.4791377],[-0.390695,39.4791153],[-0.390726,39.4790939],[-0.3906665,39.4790422],[-0.3906354,39.4790636],[-0.390493,39.4789398],[-0.3903796,39.4787841]]]}},
{"type":"Feature","properties":{"fid":166,"id":"1615","autoridad_area_cas":"GVA","autoridad_area_val":"GVA","transbordo_cas":"No","transbordo_val":"No","tipo_uso_cas":"Pasajeros","tipo_uso_val":"Passatgers","tipo_estfc_cas":"Estación","tipo_estfc_val":"Estació","situacionvertical_cas":"Subterráneo","situacionvertical_val":"Subterrani","n_andenes_cas":"2","n_andenes_val":"2","inifintrayecto_cas":"No","inifintrayecto_val":"No","ficticio_cas":"Verdadero","ficticio_val":"Vertader","estadofis_cas":"En uso","estadofis_val":"En ús","estado_cas":"Vigente","estado_val":"Vigent","id_estfc":"462500000042","id_areafc":"462500000042","bajabd":"","created_user":"ICV","last_edited_user":"ICV","last_edited_date":"20240214113604","altabd":"20230908120333","globalid":"{111B0E67-422D-4795-8656-A779439BB501}","nombre":"Beniferri","st_area_shape_":"2178.433800021772","st_perimeter_shape_":"446.00697936701874"},"geometry":{"type":"Polygon","coordinates":[[[-0.4000591,39.4905414],[-0.4000728,39.4905608],[-0.4000706,39.4905848],[-0.3999831,39.490622],[-0.399895,39.4906367],[-0.3995639,39.4907796],[-0.3993183,39.4904383],[-0.3991658,39.4905041],[-0.3994107,39.4908453],[-0.399265,39.4909068],[-0.3992389,39.4908948],[-0.3992253,39.4908753],[-0.3991909,39.4908898],[-0.399217,39.4909269],[-0.399215,39.4909278],[-0.3993008,39.491047],[-0.399341,39.4910296],[-0.3992846,39.49095],[-0.3993982,39.4909018],[-0.3994826,39.4910192],[-0.3995234,39.4910018],[-0.3997509,39.4913183],[-0.3999034,39.4912518],[-0.3996763,39.490936],[-0.3997167,39.4909186],[-0.3996321,39.4908007],[-0.3999115,39.4906802],[-0.399946,39.4906744],[-0.3999765,39.4907147],[-0.4000449,39.490684],[-0.4000244,39.4906577],[-0.4001095,39.4906206],[-0.4001578,39.4906884],[-0.4001985,39.490671],[-0.4001214,39.4905631],[-0.4001194,39.4905641],[-0.4000933,39.4905269],[-0.4000591,39.4905414]]]}},
{"type":"Feature","properties":{"fid":167,"id":"1741","autoridad_area_cas":"GVA","autoridad_area_val":"GVA","transbordo_cas":"No","transbordo_val":"No","tipo_uso_cas":"Pasajeros","tipo_uso_val":"Passatgers","tipo_estfc_cas":"Estación","tipo_estfc_val":"Estació","situacionvertical_cas":"Subterráneo","situacionvertical_val":"Subterrani","n_andenes_cas":"2","n_andenes_val":"2","inifintrayecto_cas":"No","inifintrayecto_val":"No","ficticio_cas":"Verdadero","ficticio_val":"Vertader","estadofis_cas":"En uso","estadofis_val":"En ús","estado_cas":"Vigente","estado_val":"Vigent","id_estfc":"462500000077","id_areafc":"462500000077","bajabd":"","created_user":"ICV","last_edited_user":"ICV","last_edited_date":"20240214113604","altabd":"20230908120333","globalid":"{CAB563C5-1BDA-46C3-B3E9-820E014D35CE}","nombre":"Patraix","st_area_shape_":"2097.037349986907","st_perimeter_shape_":"384.10173541827936"},"geometry":{"type":"Polygon","coordinates":[[[-0.3912509,39.4565242],[-0.391238,39.4563863],[-0.3912036,39.4563887],[-0.390775,39.4564088],[-0.3903945,39.4564308],[-0.3903886,39.4563711],[-0.3905401,39.4561542],[-0.3905046,39.4560822],[-0.390525,39.4560046],[-0.3904704,39.4559959],[-0.3904441,39.4560957],[-0.3904551,39.4560974],[-0.3904816,39.4561512],[-0.390333,39.4563642],[-0.3903351,39.4563856],[-0.3903259,39.4563861],[-0.3902707,39.4563515],[-0.3902445,39.4563372],[-0.3902196,39.4563643],[-0.3902223,39.4563922],[-0.3901022,39.4563995],[-0.3901254,39.4566338],[-0.3903583,39.4566199],[-0.3903655,39.4566927],[-0.3902974,39.4566967],[-0.3903009,39.4567326],[-0.3904237,39.4567253],[-0.3904082,39.4565681],[-0.3912159,39.4565261],[-0.3912509,39.4565242]]]}},
{"type":"Feature","properties":{"fid":168,"id":"1739","autoridad_area_cas":"GVA","autoridad_area_val":"GVA","transbordo_cas":"No","transbordo_val":"No","tipo_uso_cas":"Pasajeros","tipo_uso_val":"Passatgers","tipo_estfc_cas":"Estación","tipo_estfc_val":"Estació","situacionvertical_cas":"Subterráneo","situacionvertical_val":"Subterrani","n_andenes_cas":"2","n_andenes_val":"2","inifintrayecto_cas":"No","inifintrayecto_val":"No","ficticio_cas":"Verdadero","ficticio_val":"Vertader","estadofis_cas":"En uso","estadofis_val":"En ús","estado_cas":"Vigente","estado_val":"Vigent","id_estfc":"462500000045","id_areafc":"462500000045","bajabd":"","created_user":"ICV","last_edited_user":"ICV","last_edited_date":"20240214113604","altabd":"20230908120333","globalid":"{C0BC9AD5-E00F-4525-9FD3-52A94F57A0BD}","nombre":"Plaça Espanya","st_area_shape_":"2012.842249937682","st_perimeter_shape_":"349.67659634130507"},"geometry":{"type":"Polygon","coordinates":[[[-0.3825131,39.4666889],[-0.382081,39.4660842],[-0.3821333,39.4660616],[-0.3820284,39.4659149],[-0.3821192,39.4658759],[-0.3822448,39.4657421],[-0.3822105,39.4657228],[-0.3821092,39.4658308],[-0.3820015,39.4658771],[-0.3820004,39.4658755],[-0.3817391,39.4659876],[-0.3817403,39.4659892],[-0.3817286,39.4659941],[-0.3816987,39.4660688],[-0.3816212,39.466132],[-0.3816075,39.4661664],[-0.3816979,39.4661881],[-0.3817615,39.4660294],[-0.3817672,39.466027],[-0.3818721,39.4661738],[-0.3819246,39.4661513],[-0.3823567,39.466756],[-0.3825131,39.4666889]]]}},
{"type":"Feature","properties":{"fid":169,"id":"1594","autoridad_area_cas":"GVA","autoridad_area_val":"GVA","transbordo_cas":"No","transbordo_val":"No","tipo_uso_cas":"Pasajeros","tipo_uso_val":"Passatgers","tipo_estfc_cas":"Estación","tipo_estfc_val":"Estació","situacionvertical_cas":"Subterráneo","situacionvertical_val":"Subterrani","n_andenes_cas":"2","n_andenes_val":"2","inifintrayecto_cas":"No","inifintrayecto_val":"No","ficticio_cas":"Verdadero","ficticio_val":"Vertader","estadofis_cas":"En uso","estadofis_val":"En ús","estado_cas":"Vigente","estado_val":"Vigent","id_estfc":"462500000039","id_areafc":"462500000039","bajabd":"","created_user":"ICV","last_edited_user":"ICV","last_edited_date":"20240214113604","altabd":"20230908120333","globalid":"{B2C06F14-A1A3-46AA-B00A-1FEBA2894CCD}","nombre":"Amistat","st_area_shape_":"4209.6600001120205","st_perimeter_shape_":"519.478263481731"},"geometry":{"type":"Polygon","coordinates":[[[-0.3516295,39.470761],[-0.3516317,39.4707567],[-0.3517999,39.4708063],[-0.3518158,39.4707739],[-0.3520092,39.4708309],[-0.3520489,39.47075],[-0.3518555,39.4706931],[-0.3518714,39.4706607],[-0.351703,39.4706111],[-0.3517051,39.4706069],[-0.3505495,39.4702666],[-0.3504929,39.4702301],[-0.3500428,39.4700975],[-0.3500531,39.4700765],[-0.3500042,39.4700621],[-0.3499939,39.4700832],[-0.3499255,39.470063],[-0.3499149,39.4700844],[-0.3497464,39.4700347],[-0.3497409,39.4700461],[-0.3496094,39.4700075],[-0.3495991,39.4700285],[-0.34948,39.4699934],[-0.3494403,39.4700742],[-0.3496909,39.470148],[-0.349675,39.4701804],[-0.3498435,39.47023],[-0.349833,39.4702515],[-0.3504004,39.4704187],[-0.3504741,39.4704206],[-0.3516295,39.470761]]]}},
{"type":"Feature","properties":{"fid":170,"id":"1677","autoridad_area_cas":"GVA","autoridad_area_val":"GVA","transbordo_cas":"No","transbordo_val":"No","tipo_uso_cas":"Pasajeros","tipo_uso_val":"Passatgers","tipo_estfc_cas":"Estación","tipo_estfc_val":"Estació","situacionvertical_cas":"Subterráneo","situacionvertical_val":"Subterrani","n_andenes_cas":"2","n_andenes_val":"2","inifintrayecto_cas":"No","inifintrayecto_val":"No","ficticio_cas":"Verdadero","ficticio_val":"Vertader","estadofis_cas":"En uso","estadofis_val":"En ús","estado_cas":"Vigente","estado_val":"Vigent","id_estfc":"462500000052","id_areafc":"462500000052","bajabd":"","created_user":"ICV","last_edited_user":"ICV","last_edited_date":"20240214113604","altabd":"20230908120333","globalid":"{26C3C07A-46C1-4754-8C5F-9AFE10177C5D}","nombre":"Nou d'Octubre","st_area_shape_":"5083.154949970451","st_perimeter_shape_":"614.1190492206114"},"geometry":{"type":"Polygon","coordinates":[[[-0.4059272,39.47032],[-0.4058628,39.470389],[-0.4059483,39.4704381],[-0.4060352,39.4704867],[-0.4060976,39.47052],[-0.4061755,39.4705593],[-0.4061291,39.4706752],[-0.4062035,39.4706931],[-0.4061906,39.4707253],[-0.4062954,39.4707505],[-0.4062908,39.4707621],[-0.4064639,39.4708038],[-0.4065357,39.4707744],[-0.4070415,39.4708958],[-0.407134,39.4708927],[-0.4078862,39.4710734],[-0.4079123,39.4710844],[-0.408309,39.4711797],[-0.4083226,39.4712167],[-0.4084299,39.4712427],[-0.4084305,39.471241],[-0.408547,39.4712691],[-0.4085599,39.4712366],[-0.4085777,39.4712409],[-0.4085891,39.4712125],[-0.408801,39.4712634],[-0.4088364,39.4711749],[-0.4086244,39.4711239],[-0.4086358,39.4710955],[-0.4086114,39.4710897],[-0.4086264,39.4710522],[-0.4085166,39.4710258],[-0.4085172,39.4710241],[-0.4084098,39.4709982],[-0.4083689,39.4710281],[-0.4079728,39.470933],[-0.4079434,39.4709306],[-0.4071912,39.4707499],[-0.4071172,39.4707066],[-0.4063117,39.4705131],[-0.4062707,39.4704528],[-0.4062009,39.470436],[-0.4061467,39.4703561],[-0.4061013,39.4703746],[-0.4061166,39.4703969],[-0.4060003,39.4703324],[-0.4059834,39.4703516],[-0.4059272,39.47032]]]}},
{"type":"Feature","properties":{"fid":171,"id":"1669","autoridad_area_cas":"GVA","autoridad_area_val":"GVA","transbordo_cas":"Sí","transbordo_val":"Sí","tipo_uso_cas":"Pasajeros","tipo_uso_val":"Passatgers","tipo_estfc_cas":"Estación","tipo_estfc_val":"Estació","situacionvertical_cas":"Subterráneo","situacionvertical_val":"Subterrani","n_andenes_cas":"2","n_andenes_val":"2","inifintrayecto_cas":"No","inifintrayecto_val":"No","ficticio_cas":"Verdadero","ficticio_val":"Vertader","estadofis_cas":"En uso","estadofis_val":"En ús","estado_cas":"Vigente","estado_val":"Vigent","id_estfc":"462500000006","id_areafc":"462500000006","bajabd":"","created_user":"ICV","last_edited_user":"ICV","last_edited_date":"20240214113604","altabd":"20230908120333","globalid":"{3852A1EF-0BE1-45B0-850F-350D43912FF4}","nombre":"Benimaclet","st_area_shape_":"4121.2625000415555","st_perimeter_shape_":"621.0290374151292"},"geometry":{"type":"Polygon","coordinates":[[[-0.3618488,39.4859023],[-0.3618817,39.485912],[-0.3619774,39.4857173],[-0.3619807,39.4857183],[-0.3620928,39.4854903],[-0.3620895,39.4854893],[-0.3621066,39.4854547],[-0.3622345,39.4852105],[-0.3623626,39.4849663],[-0.3624085,39.4849813],[-0.3624582,39.4849656],[-0.3625354,39.4849908],[-0.3625671,39.4849334],[-0.3626807,39.4849664],[-0.3626958,39.484935],[-0.3625841,39.4849026],[-0.3626131,39.4848503],[-0.3627265,39.4848832],[-0.3627417,39.4848524],[-0.3626299,39.48482],[-0.3626452,39.4847924],[-0.3625953,39.4847748],[-0.3626099,39.4847485],[-0.3625562,39.4847307],[-0.3625645,39.4847159],[-0.3625472,39.4846831],[-0.362495,39.4846651],[-0.3626359,39.4844041],[-0.362527,39.4843705],[-0.3623877,39.4846284],[-0.3622994,39.4845979],[-0.3622645,39.4846578],[-0.3621585,39.4846204],[-0.3621483,39.4846388],[-0.3620237,39.4846027],[-0.3620088,39.4846335],[-0.3621314,39.4846691],[-0.362065,39.4847891],[-0.3619405,39.484753],[-0.3619256,39.4847839],[-0.3620482,39.4848195],[-0.3620423,39.4848302],[-0.3621238,39.4848567],[-0.362144,39.4848951],[-0.3621895,39.48491],[-0.3620603,39.4851564],[-0.3619312,39.4854028],[-0.3619142,39.4854375],[-0.3619109,39.4854365],[-0.3617987,39.4856646],[-0.3618021,39.4856656],[-0.3617434,39.4857851],[-0.361702,39.4857987],[-0.3616017,39.485769],[-0.3615877,39.4857977],[-0.3617182,39.4858362],[-0.3617063,39.4858602],[-0.3617392,39.4858699],[-0.3616058,39.4861414],[-0.3617154,39.4861737],[-0.3618488,39.4859023]]]}},
{"type":"Feature","properties":{"fid":172,"id":"1740","autoridad_area_cas":"GVA","autoridad_area_val":"GVA","transbordo_cas":"Sí","transbordo_val":"Sí","tipo_uso_cas":"Pasajeros","tipo_uso_val":"Passatgers","tipo_estfc_cas":"Estación","tipo_estfc_val":"Estació","situacionvertical_cas":"Subterráneo","situacionvertical_val":"Subterrani","n_andenes_cas":"2","n_andenes_val":"2","inifintrayecto_cas":"No","inifintrayecto_val":"No","ficticio_cas":"Verdadero","ficticio_val":"Vertader","estadofis_cas":"En uso","estadofis_val":"En ús","estado_cas":"Vigente","estado_val":"Vigent","id_estfc":"462500000018","id_areafc":"462500000018","bajabd":"","created_user":"ICV","last_edited_user":"ICV","last_edited_date":"20240214113604","altabd":"20230908120333","globalid":"{69DE655E-D7EB-4FA7-8CBE-A56CD6F15177}","nombre":"Jesús","st_area_shape_":"2173.721949932536","st_perimeter_shape_":"259.8101007733918"},"geometry":{"type":"Polygon","coordinates":[[[-0.384487,39.4595526],[-0.3844961,39.4595488],[-0.384617,39.4595809],[-0.3847484,39.4595259],[-0.3847655,39.4594605],[-0.3847524,39.4594416],[-0.3847746,39.4594323],[-0.3847452,39.45939],[-0.385338,39.4591413],[-0.3853902,39.4591185],[-0.3854561,39.4590905],[-0.3853758,39.4589635],[-0.3853346,39.4589794],[-0.384994,39.4591194],[-0.3848149,39.459195],[-0.3846654,39.4591716],[-0.3845705,39.4591821],[-0.3844897,39.4592158],[-0.3845267,39.4592689],[-0.3843844,39.4593284],[-0.3843649,39.4593772],[-0.384487,39.4595526]]]}},
{"type":"Feature","properties":{"fid":175,"id":"1694","autoridad_area_cas":"GVA","autoridad_area_val":"GVA","transbordo_cas":"No","transbordo_val":"No","tipo_uso_cas":"Pasajeros","tipo_uso_val":"Passatgers","tipo_estfc_cas":"Apeadero","tipo_estfc_val":"Baixador","situacionvertical_cas":"En superficie","situacionvertical_val":"En superfície","n_andenes_cas":"3","n_andenes_val":"3","inifintrayecto_cas":"No","inifintrayecto_val":"No","ficticio_cas":"Verdadero","ficticio_val":"Vertader","estadofis_cas":"En uso","estadofis_val":"En ús","estado_cas":"Vigente","estado_val":"Vigent","id_estfc":"461900000004","id_areafc":"461900000004","bajabd":"","created_user":"ICV","last_edited_user":"ICV","last_edited_date":"20240214113604","altabd":"20230908120333","globalid":"{A1695BA9-50B7-4A65-A0C1-90F66DE5FE9F}","nombre":"Parc Científic","st_area_shape_":"1392.5416999845154","st_perimeter_shape_":"169.40328903278944"},"geometry":{"type":"Polygon","coordinates":[[[-0.4226533,39.5149453],[-0.4221311,39.5153351],[-0.4223112,39.5154798],[-0.4228335,39.51509],[-0.4226533,39.5149453]]]}},
{"type":"Feature","properties":{"fid":177,"id":"1671","autoridad_area_cas":"GVA","autoridad_area_val":"GVA","transbordo_cas":"No","transbordo_val":"No","tipo_uso_cas":"Pasajeros","tipo_uso_val":"Passatgers","tipo_estfc_cas":"Estación","tipo_estfc_val":"Estació","situacionvertical_cas":"Subterráneo","situacionvertical_val":"Subterrani","n_andenes_cas":"3","n_andenes_val":"3","inifintrayecto_cas":"No","inifintrayecto_val":"No","ficticio_cas":"Verdadero","ficticio_val":"Vertader","estadofis_cas":"En uso","estadofis_val":"En ús","estado_cas":"Vigente","estado_val":"Vigent","id_estfc":"462500000017","id_areafc":"462500000017","bajabd":"","created_user":"ICV","last_edited_user":"ICV","last_edited_date":"20240214113604","altabd":"20230908120333","globalid":"{56DECAE9-AB3C-468B-863D-1D27F167100B}","nombre":"Alameda","st_area_shape_":"6919.455500059575","st_perimeter_shape_":"476.2938429311993"},"geometry":{"type":"Polygon","coordinates":[[[-0.3669185,39.472914],[-0.3666416,39.472573],[-0.3662513,39.4727632],[-0.3662583,39.4728221],[-0.3662671,39.4728331],[-0.3656535,39.473132],[-0.3656445,39.473121],[-0.3655789,39.4730907],[-0.3651821,39.473284],[-0.3652121,39.4733211],[-0.3648686,39.4734885],[-0.3650848,39.473756],[-0.3654289,39.4735883],[-0.3654589,39.4736253],[-0.3658551,39.4734322],[-0.3658483,39.4733732],[-0.3658394,39.4733622],[-0.3664535,39.473063],[-0.3664625,39.473074],[-0.3665281,39.4731043],[-0.3669185,39.472914]]]}},
{"type":"Feature","properties":{"fid":178,"id":"1620","autoridad_area_cas":"GVA","autoridad_area_val":"GVA","transbordo_cas":"Sí","transbordo_val":"Sí","tipo_uso_cas":"Pasajeros","tipo_uso_val":"Passatgers","tipo_estfc_cas":"Estación","tipo_estfc_val":"Estació","situacionvertical_cas":"Subterráneo","situacionvertical_val":"Subterrani","n_andenes_cas":"3","n_andenes_val":"3","inifintrayecto_cas":"No","inifintrayecto_val":"No","ficticio_cas":"Verdadero","ficticio_val":"Vertader","estadofis_cas":"En uso","estadofis_val":"En ús","estado_cas":"Vigente","estado_val":"Vigent","id_estfc":"462500000074","id_areafc":"462500000074","bajabd":"","created_user":"ICV","last_edited_user":"ICV","last_edited_date":"20240214113604","altabd":"20230908120333","globalid":"{CD33F963-15CD-4221-A4B3-AA07ADDECB96}","nombre":"Àngel Guimerà","st_area_shape_":"5876.596600021793","st_perimeter_shape_":"843.4343011450339"},"geometry":{"type":"Polygon","coordinates":[[[-0.3852508,39.4706424],[-0.3852797,39.4706299],[-0.3852752,39.4706235],[-0.3853057,39.4706104],[-0.3852646,39.4705528],[-0.3852732,39.4705491],[-0.3852707,39.4705455],[-0.3853011,39.4705302],[-0.3853508,39.4705089],[-0.3852812,39.4704112],[-0.3853971,39.4704038],[-0.385487,39.4703746],[-0.3855438,39.47036],[-0.3868121,39.4701003],[-0.3868169,39.4701144],[-0.3869646,39.4700841],[-0.3869755,39.4701158],[-0.3871355,39.470083],[-0.3871348,39.4700809],[-0.3872079,39.4700659],[-0.3871966,39.4700329],[-0.387119,39.4700487],[-0.3871045,39.4700059],[-0.3872797,39.46997],[-0.3872524,39.4698899],[-0.3870771,39.4699258],[-0.3870613,39.4698794],[-0.3870052,39.4698909],[-0.3869974,39.4698679],[-0.386968,39.4698645],[-0.3867989,39.4698992],[-0.3867997,39.4699013],[-0.3867368,39.4699142],[-0.386748,39.4699472],[-0.3867557,39.4699457],[-0.3867589,39.4699552],[-0.3854176,39.4702277],[-0.385126,39.4702453],[-0.3851264,39.4702489],[-0.385081,39.4702515],[-0.3850861,39.4702589],[-0.385069,39.4702661],[-0.3847606,39.4698336],[-0.3848077,39.4698134],[-0.384714,39.4696821],[-0.3847403,39.4696709],[-0.3847888,39.4696968],[-0.3849112,39.4696443],[-0.3848891,39.4696133],[-0.3847905,39.4696555],[-0.3847337,39.4696253],[-0.3846877,39.469645],[-0.3846864,39.4696435],[-0.384483,39.4697307],[-0.3843505,39.4695448],[-0.3840504,39.4695576],[-0.3840528,39.4695923],[-0.3843146,39.4695811],[-0.3844358,39.4697509],[-0.3844337,39.4697517],[-0.3845549,39.4699217],[-0.3845997,39.4699025],[-0.3851084,39.4706159],[-0.3851446,39.4706005],[-0.3851923,39.4706673],[-0.3852143,39.4706579],[-0.3852435,39.4706989],[-0.3852799,39.4706833],[-0.3852508,39.4706424]]]}},
{"type":"Feature","properties":{"fid":179,"id":"1650","autoridad_area_cas":"GVA","autoridad_area_val":"GVA","transbordo_cas":"No","transbordo_val":"No","tipo_uso_cas":"Pasajeros","tipo_uso_val":"Passatgers","tipo_estfc_cas":"Apeadero","tipo_estfc_val":"Baixador","situacionvertical_cas":"En superficie","situacionvertical_val":"En superfície","n_andenes_cas":"1","n_andenes_val":"1","inifintrayecto_cas":"Sí","inifintrayecto_val":"Sí","ficticio_cas":"Verdadero","ficticio_val":"Vertader","estadofis_cas":"En uso","estadofis_val":"En ús","estado_cas":"Vigente","estado_val":"Vigent","id_estfc":"462500000025","id_areafc":"462500000025","bajabd":"","created_user":"ICV","last_edited_user":"ICV","last_edited_date":"20240214113604","altabd":"20230908120333","globalid":"{1B736E9F-2197-4414-887B-D035382B4E61}","nombre":"Neptú","st_area_shape_":"942.8131500744023","st_perimeter_shape_":"177.12776076560314"},"geometry":{"type":"Polygon","coordinates":[[[-0.3262437,39.4632102],[-0.3253575,39.4632017],[-0.3253556,39.4633139],[-0.3262394,39.4633209],[-0.3262437,39.4632102]]]}},
{"type":"Feature","properties":{"fid":180,"id":"1692","autoridad_area_cas":"GVA","autoridad_area_val":"GVA","transbordo_cas":"No","transbordo_val":"No","tipo_uso_cas":"Pasajeros","tipo_uso_val":"Passatgers","tipo_estfc_cas":"Apeadero","tipo_estfc_val":"Baixador","situacionvertical_cas":"En superficie","situacionvertical_val":"En superfície","n_andenes_cas":"1","n_andenes_val":"1","inifintrayecto_cas":"Sí","inifintrayecto_val":"Sí","ficticio_cas":"Verdadero","ficticio_val":"Vertader","estadofis_cas":"En uso","estadofis_val":"En ús","estado_cas":"Vigente","estado_val":"Vigent","id_estfc":"461900000008","id_areafc":"461900000008","bajabd":"","created_user":"ICV","last_edited_user":"ICV","last_edited_date":"20240214113604","altabd":"20230908120333","globalid":"{E8A7DBFF-5844-4EC6-A498-1FA78261FA9E}","nombre":"Mas del Rosari","st_area_shape_":"780.2499999716225","st_perimeter_shape_":"161.81595119868533"},"geometry":{"type":"Polygon","coordinates":[[[-0.4355493,39.5248781],[-0.435453,39.524935],[-0.4355502,39.5250234],[-0.4356346,39.5249712],[-0.4356426,39.524942],[-0.4362074,39.5250355],[-0.4362348,39.5249364],[-0.4355638,39.5248254],[-0.4355493,39.5248781]]]}},
{"type":"Feature","properties":{"fid":181,"id":"1698","autoridad_area_cas":"GVA","autoridad_area_val":"GVA","transbordo_cas":"No","transbordo_val":"No","tipo_uso_cas":"Pasajeros","tipo_uso_val":"Passatgers","tipo_estfc_cas":"Apeadero","tipo_estfc_val":"Baixador","situacionvertical_cas":"En superficie","situacionvertical_val":"En superfície","n_andenes_cas":"1","n_andenes_val":"1","inifintrayecto_cas":"Sí","inifintrayecto_val":"Sí","ficticio_cas":"Verdadero","ficticio_val":"Vertader","estadofis_cas":"En uso","estadofis_val":"En ús","estado_cas":"Vigente","estado_val":"Vigent","id_estfc":"462500000031","id_areafc":"462500000031","bajabd":"","created_user":"ICV","last_edited_user":"ICV","last_edited_date":"20240214113604","altabd":"20230908120333","globalid":"{96724EF5-4954-416E-9535-AFDC17B74DAD}","nombre":"Natzaret","st_area_shape_":"786.4621499883881","st_perimeter_shape_":"172.48326202014024"},"geometry":{"type":"Polygon","coordinates":[[[-0.3351704,39.4499299],[-0.3343152,39.4497634],[-0.3342867,39.4498541],[-0.335141,39.4500204],[-0.3351704,39.4499299]]]}},
{"type":"Feature","properties":{"fid":182,"id":"1662","autoridad_area_cas":"GVA","autoridad_area_val":"GVA","transbordo_cas":"No","transbordo_val":"No","tipo_uso_cas":"Pasajeros","tipo_uso_val":"Passatgers","tipo_estfc_cas":"Apeadero","tipo_estfc_val":"Baixador","situacionvertical_cas":"En superficie","situacionvertical_val":"En superfície","n_andenes_cas":"1","n_andenes_val":"1","inifintrayecto_cas":"Sí","inifintrayecto_val":"Sí","ficticio_cas":"Verdadero","ficticio_val":"Vertader","estadofis_cas":"En uso","estadofis_val":"En ús","estado_cas":"Vigente","estado_val":"Vigent","id_estfc":"462500000013","id_areafc":"462500000013","bajabd":"","created_user":"ICV","last_edited_user":"ICV","last_edited_date":"20240214113604","altabd":"20230908120333","globalid":"{8F20499B-7FB4-430A-8193-862A685F495D}","nombre":"Dr. Lluch","st_area_shape_":"529.6439999886313","st_perimeter_shape_":"127.6176641401266"},"geometry":{"type":"Polygon","coordinates":[[[-0.3280245,39.4686534],[-0.3281377,39.4686633],[-0.3282083,39.4681801],[-0.328095,39.4681702],[-0.3280245,39.4686534]]]}},
{"type":"Feature","properties":{"fid":183,"id":"1656","autoridad_area_cas":"GVA","autoridad_area_val":"GVA","transbordo_cas":"No","transbordo_val":"No","tipo_uso_cas":"Pasajeros","tipo_uso_val":"Passatgers","tipo_estfc_cas":"Apeadero","tipo_estfc_val":"Baixador","situacionvertical_cas":"En superficie","situacionvertical_val":"En superfície","n_andenes_cas":"1","n_andenes_val":"1","inifintrayecto_cas":"Sí","inifintrayecto_val":"Sí","ficticio_cas":"Verdadero","ficticio_val":"Vertader","estadofis_cas":"En uso","estadofis_val":"En ús","estado_cas":"Vigente","estado_val":"Vigent","id_estfc":"462500000054","id_areafc":"462500000054","bajabd":"","created_user":"ICV","last_edited_user":"ICV","last_edited_date":"20240214113604","altabd":"20230908120333","globalid":"{60823ABF-56DC-41BE-A4EA-D47F12229D03}","nombre":"Fira València","st_area_shape_":"475.681450024727","st_perimeter_shape_":"123.22192653708755"},"geometry":{"type":"Polygon","coordinates":[[[-0.4258278,39.5039009],[-0.4257544,39.5038453],[-0.425326,39.5041825],[-0.4254026,39.5042411],[-0.4258278,39.5039009]]]}},
{"type":"Feature","properties":{"fid":186,"id":"1601","autoridad_area_cas":"GVA","autoridad_area_val":"GVA","transbordo_cas":"No","transbordo_val":"No","tipo_uso_cas":"Pasajeros","tipo_uso_val":"Passatgers","tipo_estfc_cas":"Estación","tipo_estfc_val":"Estació","situacionvertical_cas":"Subterráneo","situacionvertical_val":"Subterrani","n_andenes_cas":"1","n_andenes_val":"1","inifintrayecto_cas":"Sí","inifintrayecto_val":"Sí","ficticio_cas":"Verdadero","ficticio_val":"Vertader","estadofis_cas":"En uso","estadofis_val":"En ús","estado_cas":"Vigente","estado_val":"Vigent","id_estfc":"461590000002","id_areafc":"461590000002","bajabd":"","created_user":"ICV","last_edited_user":"ICV","last_edited_date":"20240214113604","altabd":"20230908120333","globalid":"{AAF7383B-FEA3-4492-9B8B-676FE4AB4C11}","nombre":"Aeroport","st_area_shape_":"4416.473549980612","st_perimeter_shape_":"436.64428643220776"},"geometry":{"type":"Polygon","coordinates":[[[-0.4738805,39.4919988],[-0.4739091,39.4920274],[-0.4738784,39.4920459],[-0.4741399,39.4923076],[-0.4741482,39.4923026],[-0.4741494,39.4923028],[-0.474091,39.4929667],[-0.4740883,39.4930021],[-0.4740842,39.4930374],[-0.474079,39.4930726],[-0.4740735,39.4931012],[-0.4740669,39.4931295],[-0.474059,39.4931577],[-0.47405,39.4931856],[-0.4740398,39.4932133],[-0.4740283,39.4932407],[-0.4740158,39.4932679],[-0.4740021,39.4932947],[-0.4739872,39.4933211],[-0.4739711,39.4933471],[-0.473954,39.4933727],[-0.4739274,39.4933579],[-0.4739068,39.4933864],[-0.4739333,39.4934011],[-0.4738894,39.4934544],[-0.4740314,39.49355],[-0.4740938,39.4934904],[-0.4741203,39.4935052],[-0.4741447,39.4934788],[-0.4741183,39.4934641],[-0.4741386,39.493441],[-0.474158,39.4934174],[-0.4741764,39.4933933],[-0.4741938,39.4933687],[-0.4742102,39.4933438],[-0.4742255,39.4933184],[-0.4742397,39.4932928],[-0.474253,39.4932667],[-0.4742672,39.4932356],[-0.4742802,39.493204],[-0.4742918,39.4931722],[-0.4743022,39.4931401],[-0.4743112,39.4931078],[-0.4743186,39.4930752],[-0.4743248,39.4930425],[-0.4743296,39.4930096],[-0.474333,39.4929766],[-0.47434,39.4929149],[-0.4744627,39.4929232],[-0.4745222,39.4923923],[-0.4744882,39.4923725],[-0.4742786,39.4921629],[-0.4740691,39.4919533],[-0.4740636,39.4919447],[-0.4740692,39.4919414],[-0.4740344,39.4919065],[-0.4738805,39.4919988]]]}},
{"type":"Feature","properties":{"fid":187,"id":"1633","autoridad_area_cas":"GVA","autoridad_area_val":"GVA","transbordo_cas":"No","transbordo_val":"No","tipo_uso_cas":"Pasajeros","tipo_uso_val":"Passatgers","tipo_estfc_cas":"Estación","tipo_estfc_val":"Estació","situacionvertical_cas":"Subterráneo","situacionvertical_val":"Subterrani","n_andenes_cas":"1","n_andenes_val":"1","inifintrayecto_cas":"Sí","inifintrayecto_val":"Sí","ficticio_cas":"Verdadero","ficticio_val":"Vertader","estadofis_cas":"En uso","estadofis_val":"En ús","estado_cas":"Vigente","estado_val":"Vigent","id_estfc":"460130000001","id_areafc":"460130000001","bajabd":"","created_user":"ICV","last_edited_user":"ICV","last_edited_date":"20240214113604","altabd":"20230908120333","globalid":"{8E002B0A-5926-4620-807F-7454077947B1}","nombre":"Alboraia Peris Aragó","st_area_shape_":"2210.5727500006033","st_perimeter_shape_":"285.5526830081038"},"geometry":{"type":"Polygon","coordinates":[[[-0.3526737,39.501495],[-0.352407,39.5006222],[-0.3523785,39.500537],[-0.3523529,39.5004634],[-0.3523248,39.5003906],[-0.3523217,39.5003829],[-0.3521439,39.5004155],[-0.3521535,39.5004669],[-0.3521649,39.5005182],[-0.3521702,39.5005384],[-0.3521761,39.5005584],[-0.3521884,39.5005994],[-0.3523877,39.5012473],[-0.3523985,39.5012851],[-0.3524103,39.5013227],[-0.3524238,39.5013628],[-0.352432,39.501385],[-0.352441,39.5014072],[-0.3524505,39.5014292],[-0.3524691,39.5014683],[-0.3524893,39.501507],[-0.3525001,39.5015268],[-0.3526737,39.501495]]]}},
{"type":"Feature","properties":{"fid":188,"id":"1624","autoridad_area_cas":"GVA","autoridad_area_val":"GVA","transbordo_cas":"No","transbordo_val":"No","tipo_uso_cas":"Pasajeros","tipo_uso_val":"Passatgers","tipo_estfc_cas":"Estación","tipo_estfc_val":"Estació","situacionvertical_cas":"Subterráneo","situacionvertical_val":"Subterrani","n_andenes_cas":"1","n_andenes_val":"1","inifintrayecto_cas":"Sí","inifintrayecto_val":"Sí","ficticio_cas":"Verdadero","ficticio_val":"Vertader","estadofis_cas":"En uso","estadofis_val":"En ús","estado_cas":"Vigente","estado_val":"Vigent","id_estfc":"462440000003","id_areafc":"462440000003","bajabd":"","created_user":"ICV","last_edited_user":"ICV","last_edited_date":"20240214113604","altabd":"20230908120333","globalid":"{53FFF9D6-95ED-4637-9576-DC8AC14E39E8}","nombre":"Torrent Avinguda","st_area_shape_":"3902.352500049752","st_perimeter_shape_":"476.34415835145296"},"geometry":{"type":"Polygon","coordinates":[[[-0.4726059,39.431547],[-0.4725512,39.4314965],[-0.4719901,39.4309785],[-0.4718079,39.4308102],[-0.471867,39.4307717],[-0.4718461,39.4307523],[-0.4717869,39.4307909],[-0.4717403,39.4307485],[-0.4716805,39.430695],[-0.4716187,39.4306429],[-0.4715552,39.430592],[-0.4714898,39.4305426],[-0.4714397,39.4305068],[-0.4713115,39.4305902],[-0.4714069,39.4306774],[-0.4716362,39.4308891],[-0.4715771,39.4309276],[-0.471598,39.4309468],[-0.4716571,39.4309084],[-0.4718393,39.4310767],[-0.4724004,39.4315946],[-0.4724374,39.4316288],[-0.4724365,39.4316294],[-0.4724452,39.4316377],[-0.4724542,39.4316458],[-0.47234,39.4317203],[-0.4725701,39.4319359],[-0.4729445,39.4316931],[-0.4727117,39.4314782],[-0.4726059,39.431547]]]}},
{"type":"Feature","properties":{"fid":190,"id":"1729","autoridad_area_cas":"GVA","autoridad_area_val":"GVA","transbordo_cas":"No","transbordo_val":"No","tipo_uso_cas":"Pasajeros","tipo_uso_val":"Passatgers","tipo_estfc_cas":"Estación","tipo_estfc_val":"Estació","situacionvertical_cas":"En superficie","situacionvertical_val":"En superfície","n_andenes_cas":"2","n_andenes_val":"2","inifintrayecto_cas":"Sí","inifintrayecto_val":"Sí","ficticio_cas":"Verdadero","ficticio_val":"Vertader","estadofis_cas":"En uso","estadofis_val":"En ús","estado_cas":"Vigente","estado_val":"Vigent","id_estfc":"460700000001","id_areafc":"460700000001","bajabd":"","created_user":"ICV","last_edited_user":"ICV","last_edited_date":"20240214113604","altabd":"20230908120333","globalid":"{B2B99EB5-9B72-4C9F-B459-9857C3B9B1DC}","nombre":"Bétera","st_area_shape_":"5745.332500176763","st_perimeter_shape_":"428.10572548674804"},"geometry":{"type":"Polygon","coordinates":[[[-0.4558847,39.5898433],[-0.4557135,39.5900566],[-0.4561165,39.5902965],[-0.4562566,39.5903698],[-0.4563786,39.5904211],[-0.457447,39.5909108],[-0.4575075,39.5908386],[-0.4576829,39.5906169],[-0.457527,39.5905457],[-0.4573622,39.5904643],[-0.4573105,39.5905285],[-0.4558847,39.5898433]]]}},
{"type":"Feature","properties":{"fid":191,"id":"1722","autoridad_area_cas":"GVA","autoridad_area_val":"GVA","transbordo_cas":"No","transbordo_val":"No","tipo_uso_cas":"Pasajeros","tipo_uso_val":"Passatgers","tipo_estfc_cas":"Estación","tipo_estfc_val":"Estació","situacionvertical_cas":"En superficie","situacionvertical_val":"En superfície","n_andenes_cas":"2","n_andenes_val":"2","inifintrayecto_cas":"Sí","inifintrayecto_val":"Sí","ficticio_cas":"Verdadero","ficticio_val":"Vertader","estadofis_cas":"En uso","estadofis_val":"En ús","estado_cas":"Vigente","estado_val":"Vigent","id_estfc":"461470000001","id_areafc":"461470000001","bajabd":"","created_user":"ICV","last_edited_user":"ICV","last_edited_date":"20240214113604","altabd":"20230908120333","globalid":"{7D347132-667E-410D-91A8-1FB60C3E7621}","nombre":"Llíria","st_area_shape_":"2470.464700023557","st_perimeter_shape_":"286.6524749317436"},"geometry":{"type":"Polygon","coordinates":[[[-0.5902158,39.6229052],[-0.5903274,39.6229491],[-0.5904581,39.6227501],[-0.5904892,39.622762],[-0.5905279,39.6227038],[-0.5905769,39.6227233],[-0.590597,39.622693],[-0.5907004,39.6227329],[-0.5908443,39.6225102],[-0.5906949,39.6224525],[-0.5908188,39.6222661],[-0.5908289,39.6222701],[-0.5909189,39.6221338],[-0.5908675,39.6221134],[-0.5908152,39.6221926],[-0.5908031,39.6221878],[-0.5906659,39.622144],[-0.5905035,39.6223898],[-0.5904843,39.6223798],[-0.5903988,39.6224555],[-0.5903236,39.6225374],[-0.5902675,39.6226107],[-0.5901922,39.6227243],[-0.5901703,39.6227155],[-0.5900831,39.622853],[-0.5902158,39.6229052]]]}},
{"type":"Feature","properties":{"fid":192,"id":"1731","autoridad_area_cas":"GVA","autoridad_area_val":"GVA","transbordo_cas":"No","transbordo_val":"No","tipo_uso_cas":"Pasajeros","tipo_uso_val":"Passatgers","tipo_estfc_cas":"Estación","tipo_estfc_val":"Estació","situacionvertical_cas":"En superficie","situacionvertical_val":"En superfície","n_andenes_cas":"2","n_andenes_val":"2","inifintrayecto_cas":"Sí","inifintrayecto_val":"Sí","ficticio_cas":"Verdadero","ficticio_val":"Vertader","estadofis_cas":"En uso","estadofis_val":"En ús","estado_cas":"Vigente","estado_val":"Vigent","id_estfc":"462570000001","id_areafc":"462570000001","bajabd":"","created_user":"ICV","last_edited_user":"ICV","last_edited_date":"20240214113604","altabd":"20230908120333","globalid":"{414A37FD-A3E8-4E8C-8A0B-64EC22AB5124}","nombre":"Castelló","st_area_shape_":"2748.6946999930237","st_perimeter_shape_":"297.14593326228476"},"geometry":{"type":"Polygon","coordinates":[[[-0.512996,39.0800795],[-0.512746,39.080199],[-0.5128635,39.080355],[-0.5129019,39.0803367],[-0.5135227,39.0811291],[-0.513735,39.081027],[-0.5130732,39.0801784],[-0.512996,39.0800795]]]}},
{"type":"Feature","properties":{"fid":193,"id":"1786","autoridad_area_cas":"GVA","autoridad_area_val":"GVA","transbordo_cas":"No","transbordo_val":"No","tipo_uso_cas":"Pasajeros","tipo_uso_val":"Passatgers","tipo_estfc_cas":"Estación","tipo_estfc_val":"Estació","situacionvertical_cas":"En superficie","situacionvertical_val":"En superfície","n_andenes_cas":"2","n_andenes_val":"2","inifintrayecto_cas":"Sí","inifintrayecto_val":"Sí","ficticio_cas":"Verdadero","ficticio_val":"Vertader","estadofis_cas":"En uso","estadofis_val":"En ús","estado_cas":"Vigente","estado_val":"Vigent","id_estfc":"462140000002","id_areafc":"462140000002","bajabd":"","created_user":"ICV","last_edited_user":"ICV","last_edited_date":"20240214113604","altabd":"20230908120333","globalid":"{6EBB2A00-87A5-4E16-9B75-AA63BB560C19}","nombre":"Riba-roja de Túria","st_area_shape_":"1918.630700024835","st_perimeter_shape_":"267.21134321270364"},"geometry":{"type":"Polygon","coordinates":[[[-0.5599257,39.5434996],[-0.559992,39.5435197],[-0.5600525,39.5435381],[-0.560106,39.5435538],[-0.5601816,39.543576],[-0.5602341,39.5434634],[-0.5600901,39.5434165],[-0.5599877,39.5433832],[-0.5596732,39.543269],[-0.559009,39.5430174],[-0.558919,39.5431532],[-0.5592285,39.5432747],[-0.5594092,39.5433428],[-0.5595917,39.5434084],[-0.5599161,39.5435175],[-0.5599257,39.5434996]]]}},
{"type":"Feature","properties":{"fid":194,"id":"1726","autoridad_area_cas":"GVA","autoridad_area_val":"GVA","transbordo_cas":"No","transbordo_val":"No","tipo_uso_cas":"Pasajeros","tipo_uso_val":"Passatgers","tipo_estfc_cas":"Estación","tipo_estfc_val":"Estació","situacionvertical_cas":"En superficie","situacionvertical_val":"En superfície","n_andenes_cas":"2","n_andenes_val":"2","inifintrayecto_cas":"Sí","inifintrayecto_val":"Sí","ficticio_cas":"Verdadero","ficticio_val":"Vertader","estadofis_cas":"En uso","estadofis_val":"En ús","estado_cas":"Vigente","estado_val":"Vigent","id_estfc":"461710000001","id_areafc":"461710000001","bajabd":"","created_user":"ICV","last_edited_user":"ICV","last_edited_date":"20240214113604","altabd":"20230908120333","globalid":"{4AEA468F-750B-473D-86EB-F906A458903A}","nombre":"Seminari-CEU","st_area_shape_":"1967.9650000138533","st_perimeter_shape_":"215.85821420895394"},"geometry":{"type":"Polygon","coordinates":[[[-0.389679,39.5501021],[-0.3899123,39.5500272],[-0.3898268,39.5498673],[-0.3899412,39.5498305],[-0.3898016,39.5495676],[-0.3896862,39.5496043],[-0.3895757,39.5493976],[-0.3893458,39.5494702],[-0.389679,39.5501021]]]}},
{"type":"Feature","properties":{"fid":195,"id":"1769","autoridad_area_cas":"GVA","autoridad_area_val":"GVA","transbordo_cas":"No","transbordo_val":"No","tipo_uso_cas":"Pasajeros","tipo_uso_val":"Passatgers","tipo_estfc_cas":"Estación","tipo_estfc_val":"Estació","situacionvertical_cas":"En superficie","situacionvertical_val":"En superfície","n_andenes_cas":"2","n_andenes_val":"2","inifintrayecto_cas":"Sí","inifintrayecto_val":"Sí","ficticio_cas":"Verdadero","ficticio_val":"Vertader","estadofis_cas":"En uso","estadofis_val":"En ús","estado_cas":"Vigente","estado_val":"Vigent","id_estfc":"461940000004","id_areafc":"461940000004","bajabd":"","created_user":"ICV","last_edited_user":"ICV","last_edited_date":"20240214113604","altabd":"20230908120333","globalid":"{29AA5579-3F83-4740-B1C4-F7C90285271D}","nombre":"Picassent","st_area_shape_":"1683.123950001961","st_perimeter_shape_":"205.83020421313125"},"geometry":{"type":"Polygon","coordinates":[[[-0.4649918,39.3627363],[-0.4647669,39.3627189],[-0.464735,39.3629709],[-0.4645905,39.3629595],[-0.4645667,39.3631388],[-0.4647166,39.3631507],[-0.4646912,39.363357],[-0.4649053,39.3633726],[-0.4649434,39.363226],[-0.4649852,39.3628825],[-0.4649918,39.3627363]]]}},
{"type":"Feature","properties":{"fid":196,"id":"1764","autoridad_area_cas":"GVA","autoridad_area_val":"GVA","transbordo_cas":"No","transbordo_val":"No","tipo_uso_cas":"Pasajeros","tipo_uso_val":"Passatgers","tipo_estfc_cas":"Estación","tipo_estfc_val":"Estació","situacionvertical_cas":"En superficie","situacionvertical_val":"En superfície","n_andenes_cas":"2","n_andenes_val":"2","inifintrayecto_cas":"Sí","inifintrayecto_val":"Sí","ficticio_cas":"Verdadero","ficticio_val":"Vertader","estadofis_cas":"En uso","estadofis_val":"En ús","estado_cas":"Vigente","estado_val":"Vigent","id_estfc":"460190000002","id_areafc":"460190000002","bajabd":"","created_user":"ICV","last_edited_user":"ICV","last_edited_date":"20240214113604","altabd":"20230908120333","globalid":"{FE9DCAFA-2F08-41FC-8FF6-FC723C3161A9}","nombre":"L'Alcudia","st_area_shape_":"1977.035700008551","st_perimeter_shape_":"235.03673991537534"},"geometry":{"type":"Polygon","coordinates":[[[-0.5101386,39.1935251],[-0.5103671,39.1935399],[-0.5104396,39.1929114],[-0.5104482,39.1928281],[-0.5102188,39.1928129],[-0.5102094,39.1928984],[-0.5101529,39.1928951],[-0.5101383,39.1930273],[-0.5101938,39.1930311],[-0.5101804,39.1931475],[-0.5100257,39.1931367],[-0.5099993,39.1933516],[-0.5101473,39.1933626],[-0.5101565,39.1933635],[-0.5101386,39.1935251]]]}},
{"type":"Feature","properties":{"fid":197,"id":"1586","autoridad_area_cas":"GVA","autoridad_area_val":"GVA","transbordo_cas":"No","transbordo_val":"No","tipo_uso_cas":"Pasajeros","tipo_uso_val":"Passatgers","tipo_estfc_cas":"Estación","tipo_estfc_val":"Estació","situacionvertical_cas":"En superficie","situacionvertical_val":"En superfície","n_andenes_cas":"2","n_andenes_val":"2","inifintrayecto_cas":"Sí","inifintrayecto_val":"Sí","ficticio_cas":"Verdadero","ficticio_val":"Vertader","estadofis_cas":"En uso","estadofis_val":"En ús","estado_cas":"Vigente","estado_val":"Vigent","id_estfc":"462070000001","id_areafc":"462070000001","bajabd":"","created_user":"ICV","last_edited_user":"ICV","last_edited_date":"20240214113604","altabd":"20230908120333","globalid":"{9C2C157A-4A06-4A57-B210-BD086F0786B5}","nombre":"Rafelbunyol","st_area_shape_":"1679.3699999858907","st_perimeter_shape_":"233.60817584695806"},"geometry":{"type":"Polygon","coordinates":[[[-0.3309575,39.5880604],[-0.3309466,39.587893],[-0.330884,39.5878954],[-0.3308786,39.5878126],[-0.3308328,39.5878144],[-0.3308198,39.587614],[-0.3307911,39.5876152],[-0.330781,39.5874833],[-0.3307988,39.5874824],[-0.3307948,39.5874304],[-0.3306102,39.5874377],[-0.3306626,39.5882386],[-0.33086,39.5882308],[-0.3308586,39.5882095],[-0.3308492,39.5880647],[-0.3309575,39.5880604]]]}},
{"type":"Feature","properties":{"fid":199,"id":"1777","autoridad_area_cas":"GVA","autoridad_area_val":"GVA","transbordo_cas":"Sí","transbordo_val":"Sí","tipo_uso_cas":"Pasajeros","tipo_uso_val":"Passatgers","tipo_estfc_cas":"Estación","tipo_estfc_val":"Estació","situacionvertical_cas":"En superficie","situacionvertical_val":"En superfície","n_andenes_cas":"2","n_andenes_val":"2","inifintrayecto_cas":"Sí","inifintrayecto_val":"Sí","ficticio_cas":"Verdadero","ficticio_val":"Vertader","estadofis_cas":"En uso","estadofis_val":"En ús","estado_cas":"Vigente","estado_val":"Vigent","id_estfc":"460780000007","id_areafc":"460780000007","bajabd":"","created_user":"ICV","last_edited_user":"ICV","last_edited_date":"20240214113604","altabd":"20230908120333","globalid":"{2CE3C7E1-6A6A-4AF0-9B6A-BF9A14831231}","nombre":"Empalme","st_area_shape_":"2260.4547500243234","st_perimeter_shape_":"258.26487263516094"},"geometry":{"type":"Polygon","coordinates":[[[-0.4018425,39.4991224],[-0.4016414,39.4992517],[-0.4023987,39.4999591],[-0.4025886,39.499837],[-0.4025738,39.4998232],[-0.402532,39.4997842],[-0.402524,39.4997894],[-0.4024943,39.4997617],[-0.402514,39.4997491],[-0.4024645,39.4997029],[-0.4024512,39.4997115],[-0.402411,39.4996741],[-0.4024244,39.4996655],[-0.402346,39.4995922],[-0.4023325,39.4996009],[-0.4022925,39.4995634],[-0.402306,39.4995548],[-0.4022096,39.4994647],[-0.4022037,39.4994684],[-0.4021904,39.499456],[-0.4021962,39.4994522],[-0.4021694,39.4994273],[-0.4019793,39.4992504],[-0.4018739,39.4991523],[-0.4018742,39.4991521],[-0.4018574,39.4991364],[-0.4018425,39.4991224]]]}},
{"type":"Feature","properties":{"fid":201,"id":"1562","autoridad_area_cas":"GVA","autoridad_area_val":"GVA","transbordo_cas":"Sí","transbordo_val":"Sí","tipo_uso_cas":"Pasajeros","tipo_uso_val":"Passatgers","tipo_estfc_cas":"Estación","tipo_estfc_val":"Estació","situacionvertical_cas":"En superficie","situacionvertical_val":"En superfície","n_andenes_cas":"2","n_andenes_val":"2","inifintrayecto_cas":"Sí","inifintrayecto_val":"Sí","ficticio_cas":"Verdadero","ficticio_val":"Vertader","estadofis_cas":"En uso","estadofis_val":"En ús","estado_cas":"Vigente","estado_val":"Vigent","id_estfc":"462440000002","id_areafc":"462440000002","bajabd":"","created_user":"ICV","last_edited_user":"ICV","last_edited_date":"20240214113604","altabd":"20230908120333","globalid":"{CBC12E28-45E1-4DDD-BA13-56519F4D5FDA}","nombre":"Torrent","st_area_shape_":"3481.3751999622023","st_perimeter_shape_":"400.15749217240193"},"geometry":{"type":"Polygon","coordinates":[[[-0.4610593,39.4358725],[-0.461068,39.4357827],[-0.4607019,39.4357474],[-0.460691,39.4358591],[-0.4607317,39.4358615],[-0.4607232,39.4359126],[-0.4607126,39.4359634],[-0.4606998,39.4360139],[-0.4606846,39.4360641],[-0.4606673,39.4361138],[-0.4606478,39.4361631],[-0.4606261,39.4362118],[-0.4606024,39.4362598],[-0.4605765,39.4363073],[-0.4605485,39.436354],[-0.4605359,39.4363478],[-0.4604727,39.4364624],[-0.4604308,39.4364451],[-0.4603462,39.4365332],[-0.4602576,39.4366188],[-0.4601651,39.436702],[-0.460069,39.4367825],[-0.4599692,39.4368604],[-0.4598659,39.4369355],[-0.4599411,39.4369975],[-0.4600782,39.4368956],[-0.4602106,39.4367899],[-0.4603341,39.4368728],[-0.4603827,39.4368349],[-0.4604296,39.4367957],[-0.4604746,39.4367552],[-0.460518,39.4367136],[-0.4605594,39.4366709],[-0.4605988,39.4366271],[-0.4606364,39.4365821],[-0.4606718,39.4365363],[-0.4607053,39.4364895],[-0.4607365,39.4364419],[-0.4607657,39.4363934],[-0.4607927,39.4363443],[-0.4608175,39.4362944],[-0.46084,39.4362438],[-0.4608488,39.4362226],[-0.4609462,39.4362435],[-0.4610234,39.4360246],[-0.4610593,39.4358725]]]}},
{"type":"Feature","properties":{"fid":202,"id":"1652","autoridad_area_cas":"GVA","autoridad_area_val":"GVA","transbordo_cas":"No","transbordo_val":"No","tipo_uso_cas":"Pasajeros","tipo_uso_val":"Passatgers","tipo_estfc_cas":"Apeadero","tipo_estfc_val":"Baixador","situacionvertical_cas":"En superficie","situacionvertical_val":"En superfície","n_andenes_cas":"2","n_andenes_val":"2","inifintrayecto_cas":"Sí","inifintrayecto_val":"Sí","ficticio_cas":"Verdadero","ficticio_val":"Vertader","estadofis_cas":"En uso","estadofis_val":"En ús","estado_cas":"Vigente","estado_val":"Vigent","id_estfc":"462500000016","id_areafc":"462500000016","bajabd":"","created_user":"ICV","last_edited_user":"ICV","last_edited_date":"20240214113604","altabd":"20230908120333","globalid":"{9AE67EA0-2DA0-4F1B-86AD-D1E7E0CBDD5C}","nombre":"Tossal del Rei","st_area_shape_":"1618.6982000068979","st_perimeter_shape_":"199.82413280815055"},"geometry":{"type":"Polygon","coordinates":[[[-0.3727112,39.4954593],[-0.3724848,39.4954074],[-0.3722233,39.4960946],[-0.3724502,39.4961468],[-0.3727112,39.4954593]]]}},
{"type":"Feature","properties":{"fid":203,"id":"1672","autoridad_area_cas":"GVA","autoridad_area_val":"GVA","transbordo_cas":"No","transbordo_val":"No","tipo_uso_cas":"Pasajeros","tipo_uso_val":"Passatgers","tipo_estfc_cas":"Apeadero","tipo_estfc_val":"Baixador","situacionvertical_cas":"En superficie","situacionvertical_val":"En superfície","n_andenes_cas":"2","n_andenes_val":"2","inifintrayecto_cas":"Sí","inifintrayecto_val":"Sí","ficticio_cas":"Verdadero","ficticio_val":"Vertader","estadofis_cas":"En uso","estadofis_val":"En ús","estado_cas":"Vigente","estado_val":"Vigent","id_estfc":"462500000041","id_areafc":"462500000041","bajabd":"","created_user":"ICV","last_edited_user":"ICV","last_edited_date":"20240214113604","altabd":"20230908120333","globalid":"{773454EC-5F7D-4FE3-89C3-142A2FB0D3B6}","nombre":"Tarongers - Ernest Lluch","st_area_shape_":"963.5079000226877","st_perimeter_shape_":"143.6891818218786"},"geometry":{"type":"Polygon","coordinates":[[[-0.3398944,39.4781961],[-0.3393062,39.4780267],[-0.3392338,39.4781773],[-0.339822,39.4783466],[-0.3398944,39.4781961]]]}},
{"type":"Feature","properties":{"fid":204,"id":"1756","autoridad_area_cas":"GVA","autoridad_area_val":"GVA","transbordo_cas":"No","transbordo_val":"No","tipo_uso_cas":"Pasajeros","tipo_uso_val":"Passatgers","tipo_estfc_cas":"Apeadero","tipo_estfc_val":"Baixador","situacionvertical_cas":"En superficie","situacionvertical_val":"En superfície","n_andenes_cas":"2","n_andenes_val":"2","inifintrayecto_cas":"Sí","inifintrayecto_val":"Sí","ficticio_cas":"Verdadero","ficticio_val":"Vertader","estadofis_cas":"En uso","estadofis_val":"En ús","estado_cas":"Vigente","estado_val":"Vigent","id_estfc":"460780000003","id_areafc":"460780000003","bajabd":"","created_user":"ICV","last_edited_user":"ICV","last_edited_date":"20240214113604","altabd":"20230908120333","globalid":"{73DEC6BD-63EB-473C-B57C-AB2A735394BC}","nombre":"V.A. Estellés","st_area_shape_":"862.2129999797866","st_perimeter_shape_":"139.933089154645"},"geometry":{"type":"Polygon","coordinates":[[[-0.4201603,39.5087348],[-0.4202322,39.5086024],[-0.4196534,39.5084142],[-0.4195814,39.5085468],[-0.4201603,39.5087348]]]}},
{"type":"Feature","properties":{"fid":205,"id":"1657","autoridad_area_cas":"GVA","autoridad_area_val":"GVA","transbordo_cas":"No","transbordo_val":"No","tipo_uso_cas":"Pasajeros","tipo_uso_val":"Passatgers","tipo_estfc_cas":"Apeadero","tipo_estfc_val":"Baixador","situacionvertical_cas":"En superficie","situacionvertical_val":"En superfície","n_andenes_cas":"2","n_andenes_val":"2","inifintrayecto_cas":"Sí","inifintrayecto_val":"Sí","ficticio_cas":"Verdadero","ficticio_val":"Vertader","estadofis_cas":"En uso","estadofis_val":"En ús","estado_cas":"Vigente","estado_val":"Vigent","id_estfc":"461900000012","id_areafc":"461900000012","bajabd":"","created_user":"ICV","last_edited_user":"ICV","last_edited_date":"20240214113604","altabd":"20230908120333","globalid":"{F3F4A72B-49C0-45E8-8D8D-8365635E0EC4}","nombre":"Lloma Llarga Terramelar","st_area_shape_":"1101.4198000331546","st_perimeter_shape_":"169.9198418975991"},"geometry":{"type":"Polygon","coordinates":[[[-0.4308534,39.509817],[-0.4307755,39.5096857],[-0.4300475,39.5099465],[-0.4301246,39.5100765],[-0.4308534,39.509817]]]}},
{"type":"Feature","properties":{"fid":208,"id":"1788","autoridad_area_cas":"GVA","autoridad_area_val":"GVA","transbordo_cas":"Sí","transbordo_val":"Sí","tipo_uso_cas":"Pasajeros","tipo_uso_val":"Passatgers","tipo_estfc_cas":"Apeadero","tipo_estfc_val":"Baixador","situacionvertical_cas":"En superficie","situacionvertical_val":"En superfície","n_andenes_cas":"2","n_andenes_val":"2","inifintrayecto_cas":"Sí","inifintrayecto_val":"Sí","ficticio_cas":"Verdadero","ficticio_val":"Vertader","estadofis_cas":"En uso","estadofis_val":"En ús","estado_cas":"Vigente","estado_val":"Vigent","id_estfc":"460780000007","id_areafc":"460780000007","bajabd":"","created_user":"ICV","last_edited_user":"ICV","last_edited_date":"20240214113604","altabd":"20230908120333","globalid":"{3B5D4100-246B-4F41-9208-A2EE402A7204}","nombre":"Empalme","st_area_shape_":"1314.5399500160022","st_perimeter_shape_":"258.4554561691447"},"geometry":{"type":"Polygon","coordinates":[[[-0.4024708,39.4996294],[-0.4025444,39.4995824],[-0.4021909,39.4992561],[-0.4021036,39.4991743],[-0.4021379,39.4991516],[-0.4020804,39.4990997],[-0.4021413,39.4990627],[-0.4020756,39.4990038],[-0.4018574,39.4991364],[-0.401874,39.4991521],[-0.4019793,39.4992504],[-0.4021694,39.4994273],[-0.4021962,39.4994522],[-0.4021904,39.499456],[-0.4022037,39.4994684],[-0.4022096,39.4994647],[-0.402306,39.4995548],[-0.4022925,39.4995634],[-0.4023325,39.4996009],[-0.402346,39.4995922],[-0.4024244,39.4996655],[-0.402411,39.4996741],[-0.4024512,39.4997115],[-0.4024645,39.4997029],[-0.402514,39.4997491],[-0.4024943,39.4997617],[-0.402524,39.4997894],[-0.402532,39.4997842],[-0.4025886,39.499837],[-0.4026407,39.4998035],[-0.4025556,39.4997126],[-0.4024708,39.4996294]]]}},
{"type":"Feature","properties":{"fid":209,"id":"1613","autoridad_area_cas":"GVA","autoridad_area_val":"GVA","transbordo_cas":"No","transbordo_val":"No","tipo_uso_cas":"Pasajeros","tipo_uso_val":"Passatgers","tipo_estfc_cas":"Estación","tipo_estfc_val":"Estació","situacionvertical_cas":"Subterráneo","situacionvertical_val":"Subterrani","n_andenes_cas":"2","n_andenes_val":"2","inifintrayecto_cas":"Sí","inifintrayecto_val":"Sí","ficticio_cas":"Verdadero","ficticio_val":"Vertader","estadofis_cas":"En uso","estadofis_val":"En ús","estado_cas":"Vigente","estado_val":"Vigent","id_estfc":"462500000072","id_areafc":"462500000072","bajabd":"","created_user":"ICV","last_edited_user":"ICV","last_edited_date":"20240214113604","altabd":"20230908120333","globalid":"{47FE78C8-AA53-4ABF-A518-10D1C15B8307}","nombre":"Alacant","st_area_shape_":"4245.699349973716","st_perimeter_shape_":"511.1664914685872"},"geometry":{"type":"Polygon","coordinates":[[[-0.3776648,39.4635096],[-0.3777193,39.4634875],[-0.3778066,39.4635412],[-0.3778063,39.4635414],[-0.3778431,39.463564],[-0.3778348,39.463587],[-0.3778361,39.4635873],[-0.3778231,39.4636238],[-0.3778237,39.4636239],[-0.3778111,39.4636595],[-0.3778104,39.4636594],[-0.3777958,39.4637001],[-0.3777947,39.4636999],[-0.3777592,39.4637996],[-0.3777609,39.4638],[-0.3777477,39.4638372],[-0.3777501,39.4638378],[-0.3777384,39.4638708],[-0.3777391,39.4638709],[-0.3777262,39.4639074],[-0.3777269,39.4639076],[-0.3777124,39.4639483],[-0.3777135,39.4639486],[-0.3776756,39.4640553],[-0.377675,39.4640552],[-0.3776617,39.4640926],[-0.3776614,39.4640925],[-0.377649,39.4641273],[-0.3776504,39.4641276],[-0.3776366,39.4641662],[-0.3776368,39.4641663],[-0.3776364,39.4641675],[-0.3776241,39.4642019],[-0.3776237,39.4642018],[-0.3775974,39.4642755],[-0.3775972,39.4642755],[-0.3775841,39.4643124],[-0.377584,39.4643123],[-0.3775703,39.4643505],[-0.3775717,39.4643508],[-0.377547,39.4644203],[-0.3775461,39.4644201],[-0.3775328,39.4644573],[-0.3775322,39.4644572],[-0.3775189,39.4644946],[-0.3775196,39.4644947],[-0.3775058,39.4645337],[-0.3775045,39.4645335],[-0.3774931,39.4645656],[-0.3774465,39.4645698],[-0.3774465,39.4645705],[-0.3773791,39.4645766],[-0.3773519,39.4646532],[-0.3773551,39.4646539],[-0.3773416,39.464692],[-0.3773397,39.4646916],[-0.377308,39.4647809],[-0.3773095,39.4647812],[-0.3772966,39.4648176],[-0.3771871,39.4648609],[-0.3771924,39.4648689],[-0.3771928,39.4648687],[-0.3772114,39.4648969],[-0.3770258,39.4649754],[-0.3770598,39.4650246],[-0.3772479,39.4649441],[-0.3773318,39.4649621],[-0.3774368,39.4649845],[-0.3774436,39.4649652],[-0.3774614,39.4649151],[-0.377472,39.4648883],[-0.3774747,39.4648891],[-0.3774911,39.4648548],[-0.3776362,39.4648859],[-0.3776546,39.464834],[-0.3776505,39.4648331],[-0.3776638,39.4647959],[-0.3776682,39.4647964],[-0.3776899,39.4647275],[-0.3776889,39.4647273],[-0.377702,39.4646904],[-0.377704,39.4646905],[-0.3777156,39.4646541],[-0.3777167,39.4646537],[-0.3777069,39.4646285],[-0.3777057,39.4646207],[-0.377705,39.4646208],[-0.3777272,39.4645581],[-0.3777258,39.4645578],[-0.3777589,39.4644648],[-0.3777589,39.464464],[-0.3777633,39.4644517],[-0.3777873,39.4643841],[-0.3777866,39.464384],[-0.3778416,39.4642294],[-0.377843,39.4642297],[-0.3778861,39.4641082],[-0.3778848,39.4641079],[-0.3779114,39.4640333],[-0.3779119,39.4640334],[-0.3779251,39.463996],[-0.3779235,39.4639957],[-0.3779358,39.4639609],[-0.3779363,39.463961],[-0.3779609,39.4638919],[-0.3779584,39.4638914],[-0.3779717,39.4638544],[-0.3779739,39.4638549],[-0.3779992,39.4637837],[-0.3779988,39.4637836],[-0.3780231,39.4637151],[-0.3780217,39.4637148],[-0.3781144,39.4634543],[-0.3781151,39.4634545],[-0.3781289,39.4634158],[-0.3780036,39.463389],[-0.3780031,39.4633904],[-0.3779511,39.463379],[-0.3779528,39.4633739],[-0.3779073,39.4633644],[-0.3779063,39.4633674],[-0.3778944,39.4633622],[-0.3778945,39.463362],[-0.3778856,39.4633586],[-0.3777149,39.4634185],[-0.3775974,39.463467],[-0.377616,39.4634943],[-0.3776554,39.4634779],[-0.3776688,39.4634978],[-0.3776594,39.4635016],[-0.3776601,39.4635026],[-0.3776648,39.4635096]]]}},
{"type":"Feature","properties":{"fid":210,"id":"1676","autoridad_area_cas":"GVA","autoridad_area_val":"GVA","transbordo_cas":"No","transbordo_val":"No","tipo_uso_cas":"Pasajeros","tipo_uso_val":"Passatgers","tipo_estfc_cas":"Estación","tipo_estfc_val":"Estació","situacionvertical_cas":"Subterráneo","situacionvertical_val":"Subterrani","n_andenes_cas":"2","n_andenes_val":"2","inifintrayecto_cas":"Sí","inifintrayecto_val":"Sí","ficticio_cas":"Verdadero","ficticio_val":"Vertader","estadofis_cas":"En uso","estadofis_val":"En ús","estado_cas":"Vigente","estado_val":"Vigent","id_estfc":"462500000022","id_areafc":"462500000022","bajabd":"","created_user":"ICV","last_edited_user":"ICV","last_edited_date":"20240214113604","altabd":"20230908120333","globalid":"{9FCC7BD4-B5C1-4212-894C-983FF6411267}","nombre":"Av. del Cid","st_area_shape_":"7807.237300008645","st_perimeter_shape_":"810.9311462530229"},"geometry":{"type":"Polygon","coordinates":[[[-0.3969187,39.4682852],[-0.3968988,39.4683905],[-0.3970346,39.4684151],[-0.3970007,39.4685273],[-0.397035,39.4685334],[-0.3972066,39.4685576],[-0.3976531,39.4686388],[-0.3982188,39.4687415],[-0.3987812,39.4688435],[-0.399567,39.4689856],[-0.4000931,39.4690812],[-0.4001048,39.4690425],[-0.3999831,39.4690205],[-0.4000435,39.4688206],[-0.3999587,39.4688052],[-0.4000122,39.4686277],[-0.4001791,39.4686579],[-0.4001796,39.4686562],[-0.4002521,39.4686692],[-0.4002652,39.4686258],[-0.4001927,39.4686128],[-0.4001934,39.4686105],[-0.3999679,39.4685697],[-0.3999548,39.4686133],[-0.3999568,39.4686136],[-0.3999021,39.4687949],[-0.3988459,39.4686032],[-0.3982908,39.468503],[-0.3978101,39.4684158],[-0.3978618,39.4682444],[-0.397864,39.4682448],[-0.3978784,39.4681972],[-0.3976471,39.4681552],[-0.397646,39.4681573],[-0.397574,39.4681443],[-0.3975609,39.4681877],[-0.3976333,39.4682008],[-0.3976328,39.4682025],[-0.3978054,39.4682338],[-0.3977535,39.4684055],[-0.3973322,39.4683289],[-0.3969187,39.4682852]]]}},
{"type":"Feature","properties":{"fid":211,"id":"1591","autoridad_area_cas":"GVA","autoridad_area_val":"GVA","transbordo_cas":"No","transbordo_val":"No","tipo_uso_cas":"Pasajeros","tipo_uso_val":"Passatgers","tipo_estfc_cas":"Estación","tipo_estfc_val":"Estació","situacionvertical_cas":"Subterráneo","situacionvertical_val":"Subterrani","n_andenes_cas":"2","n_andenes_val":"2","inifintrayecto_cas":"Sí","inifintrayecto_val":"Sí","ficticio_cas":"Verdadero","ficticio_val":"Vertader","estadofis_cas":"En uso","estadofis_val":"En ús","estado_cas":"Vigente","estado_val":"Vigent","id_estfc":"462500000033","id_areafc":"462500000033","bajabd":"","created_user":"ICV","last_edited_user":"ICV","last_edited_date":"20240214113604","altabd":"20230908120333","globalid":"{88D1EEC0-0BD0-4118-B2AC-931FBD5E3D4E}","nombre":"Machado","st_area_shape_":"4092.0135499552866","st_perimeter_shape_":"627.2735971043193"},"geometry":{"type":"Polygon","coordinates":[[[-0.3587721,39.4916459],[-0.3588236,39.4916613],[-0.3585374,39.4922448],[-0.3584875,39.49223],[-0.3583192,39.4925687],[-0.3582651,39.4925525],[-0.3581962,39.4926909],[-0.3581459,39.4927184],[-0.3581509,39.492724],[-0.3580654,39.4927707],[-0.3580922,39.4928002],[-0.3581777,39.4927534],[-0.3581827,39.4927589],[-0.358249,39.4927228],[-0.3582859,39.4926485],[-0.3583301,39.4926616],[-0.3583174,39.4926873],[-0.3583505,39.4926971],[-0.3582286,39.4929426],[-0.358338,39.4929751],[-0.3583579,39.4929352],[-0.3583861,39.4929436],[-0.3584397,39.4928356],[-0.3584115,39.4928273],[-0.35846,39.4927297],[-0.358493,39.4927397],[-0.3585057,39.492714],[-0.3585575,39.4927294],[-0.3585238,39.4927976],[-0.3585672,39.4928104],[-0.3586001,39.4927441],[-0.3586089,39.4927466],[-0.358659,39.4926458],[-0.3586047,39.4926297],[-0.3587624,39.4923119],[-0.3587125,39.4922971],[-0.3589548,39.4918094],[-0.358958,39.4918103],[-0.3590712,39.4915827],[-0.3590679,39.4915817],[-0.3590813,39.4915548],[-0.3591325,39.49157],[-0.3591346,39.4915658],[-0.3592815,39.4916097],[-0.3592847,39.4916034],[-0.3593823,39.4916324],[-0.3593989,39.4915988],[-0.3593013,39.4915697],[-0.3593044,39.4915635],[-0.3591575,39.4915196],[-0.3591596,39.4915154],[-0.3591086,39.4915002],[-0.3591254,39.4914664],[-0.3590923,39.4914566],[-0.3592197,39.4912],[-0.3591103,39.4911673],[-0.3589829,39.4914239],[-0.3589498,39.491414],[-0.358933,39.4914478],[-0.3588703,39.4914292],[-0.3588014,39.4915678],[-0.3588096,39.4915702],[-0.3587721,39.4916459]]]}},
{"type":"Feature","properties":{"fid":212,"id":"1670","autoridad_area_cas":"GVA","autoridad_area_val":"GVA","transbordo_cas":"Sí","transbordo_val":"Sí","tipo_uso_cas":"Pasajeros","tipo_uso_val":"Passatgers","tipo_estfc_cas":"Estación","tipo_estfc_val":"Estació","situacionvertical_cas":"Subterráneo","situacionvertical_val":"Subterrani","n_andenes_cas":"2","n_andenes_val":"2","inifintrayecto_cas":"Sí","inifintrayecto_val":"Sí","ficticio_cas":"Verdadero","ficticio_val":"Vertader","estadofis_cas":"En uso","estadofis_val":"En ús","estado_cas":"Vigente","estado_val":"Vigent","id_estfc":"462500000005","id_areafc":"462500000005","bajabd":"","created_user":"ICV","last_edited_user":"ICV","last_edited_date":"20240214113604","altabd":"20230908120333","globalid":"{CB1B96EB-11DE-414D-AC74-DA024816F96F}","nombre":"Marítim","st_area_shape_":"6164.029850054321","st_perimeter_shape_":"523.659468388043"},"geometry":{"type":"Polygon","coordinates":[[[-0.3375273,39.4646225],[-0.3374964,39.4646864],[-0.3381377,39.4648727],[-0.3381574,39.4648319],[-0.3393055,39.4651655],[-0.3394001,39.4651941],[-0.3394236,39.465201],[-0.3394473,39.4652074],[-0.3394713,39.4652132],[-0.3395031,39.4652204],[-0.3395353,39.4652269],[-0.3395675,39.4652326],[-0.3396181,39.4652403],[-0.339669,39.4652467],[-0.3397467,39.4652552],[-0.3397571,39.4652564],[-0.3398293,39.465107],[-0.3398149,39.4651005],[-0.3397456,39.4650695],[-0.3397033,39.4650513],[-0.3396603,39.4650341],[-0.339626,39.4650213],[-0.3395912,39.4650091],[-0.3395537,39.4649971],[-0.3395156,39.4649861],[-0.3394258,39.4649613],[-0.3382588,39.4646222],[-0.3382872,39.4645636],[-0.3376459,39.4643773],[-0.3376151,39.464441],[-0.3372692,39.4643991],[-0.3372317,39.4644783],[-0.3375273,39.4646225]]]}},
{"type":"Feature","properties":{"fid":214,"id":"1636","autoridad_area_cas":"GVA","autoridad_area_val":"GVA","transbordo_cas":"No","transbordo_val":"No","tipo_uso_cas":"Pasajeros","tipo_uso_val":"Passatgers","tipo_estfc_cas":"Estación","tipo_estfc_val":"Estació","situacionvertical_cas":"En superficie","situacionvertical_val":"En superfície","n_andenes_cas":"3","n_andenes_val":"3","inifintrayecto_cas":"Sí","inifintrayecto_val":"Sí","ficticio_cas":"Verdadero","ficticio_val":"Vertader","estadofis_cas":"En uso","estadofis_val":"En ús","estado_cas":"Vigente","estado_val":"Vigent","id_estfc":"461900000011","id_areafc":"461900000011","bajabd":"","created_user":"ICV","last_edited_user":"ICV","last_edited_date":"20240214113604","altabd":"20230908120333","globalid":"{8C3BA821-AB22-4A55-91CB-E489D8A83B06}","nombre":"Paterna","st_area_shape_":"2806.8121500740417","st_perimeter_shape_":"260.18711174063196"},"geometry":{"type":"Polygon","coordinates":[[[-0.4422351,39.4989885],[-0.4424177,39.4987816],[-0.4416439,39.4983713],[-0.4415359,39.4984806],[-0.4415106,39.4984669],[-0.4414297,39.4985572],[-0.4414548,39.4985705],[-0.4414486,39.4985775],[-0.4414102,39.498616],[-0.4415138,39.4986748],[-0.4415579,39.4986247],[-0.4417643,39.4987332],[-0.4416842,39.4988242],[-0.4420552,39.4990219],[-0.4421326,39.4989347],[-0.4422351,39.4989885]]]}}
]
}
