{
  "type": "FeatureCollection",
  "name": "ruta_metrovalencia_4",
  "crs": null,
  "features": [
    {
      "type": "Feature",
      "properties": {
        "full_id": "r5616613",
        "osm_id": "5616613",
        "osm_type": "relation",
        "route": "subway",
        "name:es": null,
        "name:ca": null,
        "wikipedia": "ca:Línia 7 de Metrovalència",
        "wikidata": "Q11690011",
        "type": "route",
        "to": "Torrent Avinguda",
        "ref": "7",
        "public_transport:version": "2",
        "owner:wikidata": "Q750832",
        "operator:wikipedia": "ca:Ferrocarrils de la Generalitat Valenciana",
        "operator:wikidata": "Q750832",
        "operator:short": "FGV",
        "operator": "Ferrocarrils de la Generalitat Valenciana",
        "network:wikipedia": "ca:Metrovalència",
        "network:wikidata": "Q511171",
        "network": "Metrovalencia",
        "name": "Línia 7: Marítim => Torrent Avinguda",
        "from": "Marítim",
        "colour": "#f28c00",
        "layer": "route_subway_Valencia",
        "path": "MultiLineString?crs=EPSG:4326&field=full_id:string(0,0)&field=osm_id:string(0,0)&field=osm_type:string(0,0)&field=route:string(0,0)&field=name%3Aes:string(0,0)&field=name%3Aca:string(0,0)&field=wikipedia:string(0,0)&field=wikidata:string(0,0)&field=type:string(0,0)&field=to:string(0,0)&field=ref:string(0,0)&field=public_transport%3Aversion:string(0,0)&field=owner%3Awikidata:string(0,0)&field=operator%3Awikipedia:string(0,0)&field=operator%3Awikidata:string(0,0)&field=operator%3Ashort:string(0,0)&field=operator:string(0,0)&field=network%3Awikipedia:string(0,0)&field=network%3Awikidata:string(0,0)&field=network:string(0,0)&field=name:string(0,0)&field=from:string(0,0)&field=colour:string(0,0)&uid={d94403d5-81f4-4548-afeb-a6b8a5cb3c5c}"
      },
      "geometry": {
        "type": "MultiLineString",
        "coordinates": [
          [
            [
              -0.338295,
              39.4648634
            ],
            [
              -0.3391923,
              39.4651206
            ],
            [
              -0.3394168,
              39.465129
            ],
            [
              -0.3397019,
              39.4651888
            ]
          ],
          [
            [
              -0.3397019,
              39.4651888
            ],
            [
              -0.3423744,
              39.4659672
            ],
            [
              -0.3426074,
              39.4660653
            ],
            [
              -0.3426577,
              39.4661007
            ],
            [
              -0.3427415,
              39.4662228
            ],
            [
              -0.3427996,
              39.4663885
            ],
            [
              -0.3431909,
              39.4682558
            ],
            [
              -0.3432875,
              39.4684964
            ],
            [
              -0.3433371,
              39.4685752
            ],
            [
              -0.3434033,
              39.4686454
            ],
            [
              -0.3435924,
              39.4687487
            ],
            [
              -0.3438562,
              39.4688016
            ],
            [
              -0.3439574,
              39.4687992
            ],
            [
              -0.3440672,
              39.4687797
            ],
            [
              -0.3444131,
              39.4686721
            ],
            [
              -0.3445872,
              39.4686682
            ],
            [
              -0.344756,
              39.4687012
            ],
            [
              -0.3506684,
              39.4704101
            ],
            [
              -0.3584587,
              39.4726908
            ],
            [
              -0.3633764,
              39.4740992
            ],
            [
              -0.3635478,
              39.4741201
            ],
            [
              -0.3637047,
              39.4741143
            ],
            [
              -0.3638514,
              39.474087
            ],
            [
              -0.364047,
              39.4740212
            ],
            [
              -0.3642869,
              39.4738895
            ],
            [
              -0.3652094,
              39.4734414
            ]
          ],
          [
            [
              -0.3677424,
              39.4723033
            ],
            [
              -0.366816,
              39.4726511
            ],
            [
              -0.3652094,
              39.4734414
            ]
          ],
          [
            [
              -0.3722088,
              39.4689937
            ],
            [
              -0.3712489,
              39.4697045
            ],
            [
              -0.37068,
              39.4701604
            ],
            [
              -0.3689058,
              39.4717832
            ],
            [
              -0.3687558,
              39.4718842
            ],
            [
              -0.3685776,
              39.4719659
            ],
            [
              -0.3677424,
              39.4723033
            ]
          ],
          [
            [
              -0.3755105,
              39.4670745
            ],
            [
              -0.3752255,
              39.467028
            ],
            [
              -0.3750676,
              39.4670327
            ],
            [
              -0.3749273,
              39.4670558
            ],
            [
              -0.3747783,
              39.4671183
            ],
            [
              -0.3731176,
              39.46826
            ],
            [
              -0.3722088,
              39.4689937
            ]
          ],
          [
            [
              -0.378638,
              39.4653038
            ],
            [
              -0.3783194,
              39.4658567
            ],
            [
              -0.3782041,
              39.4660165
            ],
            [
              -0.3780376,
              39.4661993
            ],
            [
              -0.3778959,
              39.466342
            ],
            [
              -0.3776905,
              39.4664968
            ],
            [
              -0.3772951,
              39.4667333
            ],
            [
              -0.3770168,
              39.4668595
            ],
            [
              -0.3764234,
              39.4670728
            ],
            [
              -0.3761873,
              39.4671132
            ],
            [
              -0.3759462,
              39.4671158
            ],
            [
              -0.3755105,
              39.4670745
            ]
          ],
          [
            [
              -0.3805045,
              39.4611218
            ],
            [
              -0.3803139,
              39.4612345
            ],
            [
              -0.3802152,
              39.461345
            ],
            [
              -0.3801317,
              39.4614852
            ],
            [
              -0.3799009,
              39.4620559
            ],
            [
              -0.3797483,
              39.462644
            ],
            [
              -0.3792008,
              39.4640157
            ],
            [
              -0.379104,
              39.464188
            ],
            [
              -0.378638,
              39.4653038
            ]
          ],
          [
            [
              -0.3821966,
              39.4604138
            ],
            [
              -0.3805045,
              39.4611218
            ]
          ],
          [
            [
              -0.3832654,
              39.4599687
            ],
            [
              -0.3821966,
              39.4604138
            ]
          ],
          [
            [
              -0.3884568,
              39.456597
            ],
            [
              -0.3881859,
              39.4566382
            ],
            [
              -0.3879764,
              39.4566962
            ],
            [
              -0.3877846,
              39.4567771
            ],
            [
              -0.3874425,
              39.4569863
            ],
            [
              -0.3872944,
              39.4571069
            ],
            [
              -0.3871032,
              39.4573335
            ],
            [
              -0.3870205,
              39.4574676
            ],
            [
              -0.3869503,
              39.457626
            ],
            [
              -0.3868831,
              39.457902
            ],
            [
              -0.3867734,
              39.4582272
            ],
            [
              -0.3866955,
              39.4583584
            ],
            [
              -0.3866,
              39.4584731
            ],
            [
              -0.3865186,
              39.4585524
            ],
            [
              -0.3863803,
              39.4586484
            ],
            [
              -0.3862213,
              39.4587327
            ],
            [
              -0.3856111,
              39.4589616
            ],
            [
              -0.3832654,
              39.4599687
            ]
          ],
          [
            [
              -0.4000835,
              39.4532178
            ],
            [
              -0.3973358,
              39.4554663
            ],
            [
              -0.3971544,
              39.4555888
            ],
            [
              -0.3967332,
              39.4558086
            ],
            [
              -0.3962101,
              39.4560031
            ],
            [
              -0.3959053,
              39.4560943
            ],
            [
              -0.3955027,
              39.4561645
            ],
            [
              -0.393434,
              39.4563119
            ],
            [
              -0.3908175,
              39.4564504
            ],
            [
              -0.3884568,
              39.456597
            ]
          ],
          [
            [
              -0.4008407,
              39.452585
            ],
            [
              -0.4000835,
              39.4532178
            ]
          ],
          [
            [
              -0.4052084,
              39.4483404
            ],
            [
              -0.4046514,
              39.448985
            ],
            [
              -0.4042748,
              39.4493854
            ],
            [
              -0.4030134,
              39.4506254
            ],
            [
              -0.4018751,
              39.4517119
            ],
            [
              -0.4008407,
              39.452585
            ]
          ],
          [
            [
              -0.4069864,
              39.4458223
            ],
            [
              -0.4060378,
              39.4472345
            ],
            [
              -0.4057521,
              39.4476363
            ],
            [
              -0.4052084,
              39.4483404
            ]
          ],
          [
            [
              -0.4144037,
              39.4358532
            ],
            [
              -0.4090104,
              39.4427791
            ],
            [
              -0.4069864,
              39.4458223
            ]
          ],
          [
            [
              -0.4161799,
              39.4335795
            ],
            [
              -0.4144037,
              39.4358532
            ]
          ],
          [
            [
              -0.4177496,
              39.4324413
            ],
            [
              -0.4174946,
              39.4325436
            ],
            [
              -0.4172356,
              39.4326718
            ],
            [
              -0.4168955,
              39.4328887
            ],
            [
              -0.4166622,
              39.4330719
            ],
            [
              -0.4164566,
              39.4332613
            ],
            [
              -0.4161799,
              39.4335795
            ]
          ],
          [
            [
              -0.41909,
              39.431932
            ],
            [
              -0.4177496,
              39.4324413
            ]
          ],
          [
            [
              -0.4197502,
              39.4316806
            ],
            [
              -0.41909,
              39.431932
            ]
          ],
          [
            [
              -0.4197502,
              39.4316806
            ],
            [
              -0.4219728,
              39.4308221
            ],
            [
              -0.422258,
              39.4307221
            ],
            [
              -0.4226425,
              39.4306168
            ],
            [
              -0.4230748,
              39.4305349
            ],
            [
              -0.4235885,
              39.4304799
            ],
            [
              -0.4241206,
              39.430475
            ],
            [
              -0.4248753,
              39.430543
            ],
            [
              -0.4252885,
              39.4306102
            ],
            [
              -0.4263265,
              39.4308225
            ],
            [
              -0.4451907,
              39.4348044
            ]
          ],
          [
            [
              -0.4451907,
              39.4348044
            ],
            [
              -0.4457534,
              39.4349207
            ]
          ],
          [
            [
              -0.4457534,
              39.4349207
            ],
            [
              -0.4568616,
              39.4372525
            ]
          ],
          [
            [
              -0.4608513,
              39.4358462
            ],
            [
              -0.4607884,
              39.4361133
            ],
            [
              -0.4607031,
              39.4363078
            ],
            [
              -0.4605752,
              39.4365098
            ],
            [
              -0.4604633,
              39.4366461
            ],
            [
              -0.4602889,
              39.436816
            ],
            [
              -0.4600321,
              39.4370065
            ],
            [
              -0.459839,
              39.4371141
            ],
            [
              -0.459556,
              39.4372353
            ],
            [
              -0.4593242,
              39.4373067
            ],
            [
              -0.4589318,
              39.4373886
            ],
            [
              -0.4586457,
              39.4374217
            ],
            [
              -0.4583487,
              39.4374323
            ],
            [
              -0.4579764,
              39.4374154
            ],
            [
              -0.4575445,
              39.4373696
            ],
            [
              -0.4568616,
              39.4372525
            ]
          ],
          [
            [
              -0.4608744,
              39.4353406
            ],
            [
              -0.4608513,
              39.4358462
            ]
          ],
          [
            [
              -0.4609071,
              39.4291907
            ],
            [
              -0.4608744,
              39.4353406
            ]
          ],
          [
            [
              -0.4612094,
              39.4271872
            ],
            [
              -0.4611043,
              39.4274252
            ],
            [
              -0.4610272,
              39.4276922
            ],
            [
              -0.4609071,
              39.4291907
            ]
          ],
          [
            [
              -0.4614524,
              39.426826
            ],
            [
              -0.4612817,
              39.4270591
            ],
            [
              -0.4612094,
              39.4271872
            ]
          ],
          [
            [
              -0.4659772,
              39.4261716
            ],
            [
              -0.465717,
              39.4260566
            ],
            [
              -0.4654153,
              39.425953
            ],
            [
              -0.4648735,
              39.4258453
            ],
            [
              -0.4644001,
              39.4258153
            ],
            [
              -0.4637389,
              39.4258173
            ],
            [
              -0.4632186,
              39.4258691
            ],
            [
              -0.462713,
              39.4259986
            ],
            [
              -0.4624327,
              39.4261053
            ],
            [
              -0.4622248,
              39.4262079
            ],
            [
              -0.4620464,
              39.4263115
            ],
            [
              -0.4617675,
              39.4265135
            ],
            [
              -0.4614524,
              39.426826
            ]
          ],
          [
            [
              -0.4659772,
              39.4261716
            ],
            [
              -0.4661556,
              39.426269
            ],
            [
              -0.4664117,
              39.4264399
            ],
            [
              -0.4665432,
              39.4265414
            ],
            [
              -0.4669683,
              39.4269289
            ]
          ],
          [
            [
              -0.4669683,
              39.4269289
            ],
            [
              -0.4697485,
              39.4295497
            ]
          ],
          [
            [
              -0.4697485,
              39.4295497
            ],
            [
              -0.4701264,
              39.4298218
            ]
          ],
          [
            [
              -0.4701264,
              39.4298218
            ],
            [
              -0.4708077,
              39.4301757
            ],
            [
              -0.4711589,
              39.4304275
            ]
          ],
          [
            [
              -0.4711589,
              39.4304275
            ],
            [
              -0.4725134,
              39.4316726
            ]
          ]
        ]
      }
    },
    {
      "type": "Feature",
      "properties": {
        "full_id": "r5622924",
        "osm_id": "5622924",
        "osm_type": "relation",
        "route": "subway",
        "name:es": null,
        "name:ca": null,
        "wikipedia": "ca:Línia 1 de Metrovalència",
        "wikidata": "Q2165952",
        "type": "route",
        "to": "Castelló",
        "ref": "1",
        "public_transport:version": "2",
        "owner:wikidata": "Q750832",
        "operator:wikipedia": "ca:Ferrocarrils de la Generalitat Valenciana",
        "operator:wikidata": "Q750832",
        "operator:short": "FGV",
        "operator": "Ferrocarrils de la Generalitat Valenciana",
        "network:wikipedia": "ca:Metrovalència",
        "network:wikidata": "Q511171",
        "network": "Metrovalencia",
        "name": "Línia 1: Bétera => Castelló",
        "from": "Bétera",
        "colour": "#FDC600",
        "layer": "route_subway_Valencia",
        "path": "MultiLineString?crs=EPSG:4326&field=full_id:string(0,0)&field=osm_id:string(0,0)&field=osm_type:string(0,0)&field=route:string(0,0)&field=name%3Aes:string(0,0)&field=name%3Aca:string(0,0)&field=wikipedia:string(0,0)&field=wikidata:string(0,0)&field=type:string(0,0)&field=to:string(0,0)&field=ref:string(0,0)&field=public_transport%3Aversion:string(0,0)&field=owner%3Awikidata:string(0,0)&field=operator%3Awikipedia:string(0,0)&field=operator%3Awikidata:string(0,0)&field=operator%3Ashort:string(0,0)&field=operator:string(0,0)&field=network%3Awikipedia:string(0,0)&field=network%3Awikidata:string(0,0)&field=network:string(0,0)&field=name:string(0,0)&field=from:string(0,0)&field=colour:string(0,0)&uid={d94403d5-81f4-4548-afeb-a6b8a5cb3c5c}"
      },
      "geometry": {
        "type": "MultiLineString",
        "coordinates": [
          [
            [
              -0.4555984,
              39.589863
            ],
            [
              -0.4573186,
              39.5906886
            ]
          ],
          [
            [
              -0.4512834,
              39.587754
            ],
            [
              -0.455331,
              39.5897066
            ],
            [
              -0.4555984,
              39.589863
            ]
          ],
          [
            [
              -0.4229955,
              39.5732747
            ],
            [
              -0.427274,
              39.5758125
            ],
            [
              -0.4278323,
              39.5760779
            ],
            [
              -0.428375,
              39.576279
            ],
            [
              -0.4289228,
              39.5764298
            ],
            [
              -0.4294211,
              39.5765324
            ],
            [
              -0.4341301,
              39.5771457
            ],
            [
              -0.4347171,
              39.5772402
            ],
            [
              -0.4351684,
              39.5773508
            ],
            [
              -0.4356276,
              39.5774916
            ],
            [
              -0.4360711,
              39.5776605
            ],
            [
              -0.4364207,
              39.5778294
            ],
            [
              -0.4390974,
              39.5794018
            ],
            [
              -0.4395226,
              39.5796853
            ],
            [
              -0.4494624,
              39.5868251
            ],
            [
              -0.4498459,
              39.5870543
            ],
            [
              -0.4500833,
              39.587177
            ],
            [
              -0.4512834,
              39.587754
            ]
          ],
          [
            [
              -0.4224189,
              39.5729248
            ],
            [
              -0.4229955,
              39.5732747
            ]
          ],
          [
            [
              -0.4059736,
              39.5664346
            ],
            [
              -0.4064226,
              39.5663615
            ],
            [
              -0.4068211,
              39.566319
            ],
            [
              -0.4090444,
              39.5661696
            ],
            [
              -0.4096699,
              39.5661506
            ],
            [
              -0.4101043,
              39.5661838
            ],
            [
              -0.4106743,
              39.5662741
            ],
            [
              -0.4112086,
              39.566407
            ],
            [
              -0.4115947,
              39.5665418
            ],
            [
              -0.4118817,
              39.5666645
            ],
            [
              -0.4123557,
              39.5669103
            ],
            [
              -0.4224189,
              39.5729248
            ]
          ],
          [
            [
              -0.4059736,
              39.5664346
            ],
            [
              -0.4034453,
              39.5669514
            ]
          ],
          [
            [
              -0.3989326,
              39.5657083
            ],
            [
              -0.3990694,
              39.5658619
            ],
            [
              -0.3993095,
              39.5660802
            ],
            [
              -0.3996936,
              39.5663615
            ],
            [
              -0.4002218,
              39.5666447
            ],
            [
              -0.4005939,
              39.5667909
            ],
            [
              -0.4008771,
              39.5668834
            ],
            [
              -0.4012708,
              39.5669815
            ],
            [
              -0.4015499,
              39.5670309
            ],
            [
              -0.4021519,
              39.567074
            ],
            [
              -0.4025264,
              39.5670722
            ],
            [
              -0.4028668,
              39.5670475
            ],
            [
              -0.4034453,
              39.5669514
            ]
          ],
          [
            [
              -0.3899958,
              39.5504367
            ],
            [
              -0.39658,
              39.5628323
            ],
            [
              -0.3967745,
              39.5631554
            ],
            [
              -0.3971057,
              39.56358
            ],
            [
              -0.3989326,
              39.5657083
            ]
          ],
          [
            [
              -0.3884971,
              39.5416732
            ],
            [
              -0.3884224,
              39.5418767
            ],
            [
              -0.3883676,
              39.5421624
            ],
            [
              -0.3883493,
              39.5423555
            ],
            [
              -0.3883519,
              39.5425809
            ],
            [
              -0.3884824,
              39.5442044
            ],
            [
              -0.3887693,
              39.547399
            ],
            [
              -0.3888293,
              39.5478718
            ],
            [
              -0.3889128,
              39.5482258
            ],
            [
              -0.3889833,
              39.5484391
            ],
            [
              -0.3891111,
              39.5487368
            ],
            [
              -0.3894424,
              39.5493966
            ],
            [
              -0.3899958,
              39.5504367
            ]
          ],
          [
            [
              -0.3885398,
              39.5415749
            ],
            [
              -0.3884971,
              39.5416732
            ]
          ],
          [
            [
              -0.4016597,
              39.537024
            ],
            [
              -0.3909451,
              39.5398145
            ],
            [
              -0.3904129,
              39.5399715
            ],
            [
              -0.3901181,
              39.5400841
            ],
            [
              -0.3896981,
              39.5403014
            ],
            [
              -0.3894242,
              39.5404885
            ],
            [
              -0.3892024,
              39.5406696
            ],
            [
              -0.3888554,
              39.5410418
            ],
            [
              -0.388725,
              39.5412289
            ],
            [
              -0.3885398,
              39.5415749
            ]
          ],
          [
            [
              -0.4041147,
              39.5351709
            ],
            [
              -0.4039686,
              39.5354365
            ],
            [
              -0.4036555,
              39.5358489
            ],
            [
              -0.4034338,
              39.5360662
            ],
            [
              -0.4030807,
              39.5363586
            ],
            [
              -0.4026379,
              39.5366329
            ],
            [
              -0.4022389,
              39.5368328
            ],
            [
              -0.4016597,
              39.537024
            ]
          ],
          [
            [
              -0.4131349,
              39.5218304
            ],
            [
              -0.4090206,
              39.5263103
            ],
            [
              -0.4087027,
              39.5266926
            ],
            [
              -0.408265,
              39.5273116
            ],
            [
              -0.4080068,
              39.5277473
            ],
            [
              -0.4076252,
              39.5284672
            ],
            [
              -0.4041147,
              39.5351709
            ]
          ],
          [
            [
              -0.4131807,
              39.5217805
            ],
            [
              -0.4131349,
              39.5218304
            ]
          ],
          [
            [
              -0.4137812,
              39.5211312
            ],
            [
              -0.4131807,
              39.5217805
            ]
          ],
          [
            [
              -0.4140836,
              39.5187769
            ],
            [
              -0.4142293,
              39.5191273
            ],
            [
              -0.4143143,
              39.5193853
            ],
            [
              -0.414361,
              39.5197576
            ],
            [
              -0.4143461,
              39.5200303
            ],
            [
              -0.4142731,
              39.5203708
            ],
            [
              -0.4141721,
              39.5206074
            ],
            [
              -0.4140094,
              39.5208643
            ],
            [
              -0.4137812,
              39.5211312
            ]
          ],
          [
            [
              -0.4049723,
              39.5068315
            ],
            [
              -0.4071987,
              39.508794
            ],
            [
              -0.4074776,
              39.5089998
            ],
            [
              -0.4078442,
              39.5092389
            ],
            [
              -0.4091765,
              39.5100038
            ],
            [
              -0.40971,
              39.5103397
            ],
            [
              -0.410037,
              39.5105987
            ],
            [
              -0.4102866,
              39.510843
            ],
            [
              -0.4105362,
              39.5111259
            ],
            [
              -0.4107823,
              39.5114857
            ],
            [
              -0.4109733,
              39.5118522
            ],
            [
              -0.4131576,
              39.5167719
            ],
            [
              -0.4140836,
              39.5187769
            ]
          ],
          [
            [
              -0.4027205,
              39.5046605
            ],
            [
              -0.4029266,
              39.5050409
            ],
            [
              -0.403177,
              39.5053771
            ],
            [
              -0.4035031,
              39.5057253
            ],
            [
              -0.4040797,
              39.506299
            ],
            [
              -0.4043849,
              39.5065305
            ],
            [
              -0.4049723,
              39.5068315
            ]
          ],
          [
            [
              -0.402901,
              39.5021232
            ],
            [
              -0.4026109,
              39.503036
            ],
            [
              -0.4025483,
              39.5033319
            ],
            [
              -0.4025092,
              39.5036842
            ],
            [
              -0.402517,
              39.5039881
            ],
            [
              -0.4025457,
              39.5041371
            ],
            [
              -0.4027205,
              39.5046605
            ]
          ],
          [
            [
              -0.4031531,
              39.5009011
            ],
            [
              -0.4031722,
              39.5011028
            ],
            [
              -0.4031474,
              39.5013309
            ],
            [
              -0.402901,
              39.5021232
            ]
          ],
          [
            [
              -0.402586,
              39.4999195
            ],
            [
              -0.4028662,
              39.5002505
            ],
            [
              -0.4030121,
              39.5004716
            ],
            [
              -0.4031171,
              39.5007067
            ],
            [
              -0.4031531,
              39.5009011
            ]
          ],
          [
            [
              -0.4020029,
              39.4993757
            ],
            [
              -0.402586,
              39.4999195
            ]
          ],
          [
            [
              -0.4019728,
              39.499349
            ],
            [
              -0.4020029,
              39.4993757
            ]
          ],
          [
            [
              -0.4017402,
              39.4991312
            ],
            [
              -0.4019728,
              39.499349
            ]
          ],
          [
            [
              -0.4012281,
              39.4986258
            ],
            [
              -0.4017402,
              39.4991312
            ]
          ],
          [
            [
              -0.4002352,
              39.4977108
            ],
            [
              -0.4012281,
              39.4986258
            ]
          ],
          [
            [
              -0.3997627,
              39.4971107
            ],
            [
              -0.3998986,
              39.497331
            ],
            [
              -0.4000448,
              39.4975152
            ],
            [
              -0.4002352,
              39.4977108
            ]
          ],
          [
            [
              -0.3956943,
              39.4857326
            ],
            [
              -0.3959611,
              39.4860765
            ],
            [
              -0.4006601,
              39.4926152
            ],
            [
              -0.4007895,
              39.4928949
            ],
            [
              -0.4008238,
              39.4930481
            ],
            [
              -0.400836,
              39.4932206
            ],
            [
              -0.4008152,
              39.4933804
            ],
            [
              -0.4007483,
              39.4936109
            ],
            [
              -0.399711,
              39.4958941
            ],
            [
              -0.3996473,
              39.4960982
            ],
            [
              -0.3996037,
              39.4964116
            ],
            [
              -0.3996219,
              39.4967402
            ],
            [
              -0.3996692,
              39.4969058
            ],
            [
              -0.3997627,
              39.4971107
            ]
          ],
          [
            [
              -0.3817594,
              39.4657123
            ],
            [
              -0.3843384,
              39.4692656
            ],
            [
              -0.3852172,
              39.4705378
            ],
            [
              -0.3891477,
              39.4759706
            ],
            [
              -0.3892633,
              39.4762041
            ],
            [
              -0.3896612,
              39.4772795
            ],
            [
              -0.3897567,
              39.4774745
            ],
            [
              -0.3903513,
              39.4783188
            ],
            [
              -0.3927407,
              39.4816018
            ],
            [
              -0.3956943,
              39.4857326
            ]
          ],
          [
            [
              -0.3816178,
              39.4649069
            ],
            [
              -0.3815819,
              39.4651158
            ],
            [
              -0.3815912,
              39.4653196
            ],
            [
              -0.3817008,
              39.4656127
            ],
            [
              -0.3817594,
              39.4657123
            ]
          ],
          [
            [
              -0.3832654,
              39.4599687
            ],
            [
              -0.3830981,
              39.4600593
            ],
            [
              -0.3829455,
              39.4601744
            ],
            [
              -0.3828604,
              39.4602707
            ],
            [
              -0.3827891,
              39.460442
            ],
            [
              -0.3826523,
              39.461024
            ],
            [
              -0.3826239,
              39.4610847
            ],
            [
              -0.3816178,
              39.4649069
            ]
          ],
          [
            [
              -0.3884568,
              39.456597
            ],
            [
              -0.3881859,
              39.4566382
            ],
            [
              -0.3879764,
              39.4566962
            ],
            [
              -0.3877846,
              39.4567771
            ],
            [
              -0.3874425,
              39.4569863
            ],
            [
              -0.3872944,
              39.4571069
            ],
            [
              -0.3871032,
              39.4573335
            ],
            [
              -0.3870205,
              39.4574676
            ],
            [
              -0.3869503,
              39.457626
            ],
            [
              -0.3868831,
              39.457902
            ],
            [
              -0.3867734,
              39.4582272
            ],
            [
              -0.3866955,
              39.4583584
            ],
            [
              -0.3866,
              39.4584731
            ],
            [
              -0.3865186,
              39.4585524
            ],
            [
              -0.3863803,
              39.4586484
            ],
            [
              -0.3862213,
              39.4587327
            ],
            [
              -0.3856111,
              39.4589616
            ],
            [
              -0.3832654,
              39.4599687
            ]
          ],
          [
            [
              -0.4000835,
              39.4532178
            ],
            [
              -0.3973358,
              39.4554663
            ],
            [
              -0.3971544,
              39.4555888
            ],
            [
              -0.3967332,
              39.4558086
            ],
            [
              -0.3962101,
              39.4560031
            ],
            [
              -0.3959053,
              39.4560943
            ],
            [
              -0.3955027,
              39.4561645
            ],
            [
              -0.393434,
              39.4563119
            ],
            [
              -0.3908175,
              39.4564504
            ],
            [
              -0.3884568,
              39.456597
            ]
          ],
          [
            [
              -0.4008407,
              39.452585
            ],
            [
              -0.4000835,
              39.4532178
            ]
          ],
          [
            [
              -0.4052084,
              39.4483404
            ],
            [
              -0.4046514,
              39.448985
            ],
            [
              -0.4042748,
              39.4493854
            ],
            [
              -0.4030134,
              39.4506254
            ],
            [
              -0.4018751,
              39.4517119
            ],
            [
              -0.4008407,
              39.452585
            ]
          ],
          [
            [
              -0.4069864,
              39.4458223
            ],
            [
              -0.4060378,
              39.4472345
            ],
            [
              -0.4057521,
              39.4476363
            ],
            [
              -0.4052084,
              39.4483404
            ]
          ],
          [
            [
              -0.4144037,
              39.4358532
            ],
            [
              -0.4090104,
              39.4427791
            ],
            [
              -0.4069864,
              39.4458223
            ]
          ],
          [
            [
              -0.4161799,
              39.4335795
            ],
            [
              -0.4144037,
              39.4358532
            ]
          ],
          [
            [
              -0.4177496,
              39.4324413
            ],
            [
              -0.4174946,
              39.4325436
            ],
            [
              -0.4172356,
              39.4326718
            ],
            [
              -0.4168955,
              39.4328887
            ],
            [
              -0.4166622,
              39.4330719
            ],
            [
              -0.4164566,
              39.4332613
            ],
            [
              -0.4161799,
              39.4335795
            ]
          ],
          [
            [
              -0.41909,
              39.431932
            ],
            [
              -0.4177496,
              39.4324413
            ]
          ],
          [
            [
              -0.4197502,
              39.4316806
            ],
            [
              -0.41909,
              39.431932
            ]
          ],
          [
            [
              -0.4197502,
              39.4316806
            ],
            [
              -0.4219728,
              39.4308221
            ],
            [
              -0.422258,
              39.4307221
            ],
            [
              -0.4226425,
              39.4306168
            ],
            [
              -0.4230748,
              39.4305349
            ],
            [
              -0.4235885,
              39.4304799
            ],
            [
              -0.4241206,
              39.430475
            ],
            [
              -0.4248753,
              39.430543
            ],
            [
              -0.4252885,
              39.4306102
            ],
            [
              -0.4263265,
              39.4308225
            ],
            [
              -0.4451907,
              39.4348044
            ]
          ],
          [
            [
              -0.4451907,
              39.4348044
            ],
            [
              -0.4457534,
              39.4349207
            ]
          ],
          [
            [
              -0.4457534,
              39.4349207
            ],
            [
              -0.4568616,
              39.4372525
            ]
          ],
          [
            [
              -0.4608513,
              39.4358462
            ],
            [
              -0.4607884,
              39.4361133
            ],
            [
              -0.4607031,
              39.4363078
            ],
            [
              -0.4605752,
              39.4365098
            ],
            [
              -0.4604633,
              39.4366461
            ],
            [
              -0.4602889,
              39.436816
            ],
            [
              -0.4600321,
              39.4370065
            ],
            [
              -0.459839,
              39.4371141
            ],
            [
              -0.459556,
              39.4372353
            ],
            [
              -0.4593242,
              39.4373067
            ],
            [
              -0.4589318,
              39.4373886
            ],
            [
              -0.4586457,
              39.4374217
            ],
            [
              -0.4583487,
              39.4374323
            ],
            [
              -0.4579764,
              39.4374154
            ],
            [
              -0.4575445,
              39.4373696
            ],
            [
              -0.4568616,
              39.4372525
            ]
          ],
          [
            [
              -0.4608744,
              39.4353406
            ],
            [
              -0.4608513,
              39.4358462
            ]
          ],
          [
            [
              -0.4609071,
              39.4291907
            ],
            [
              -0.4608744,
              39.4353406
            ]
          ],
          [
            [
              -0.460817,
              39.4270937
            ],
            [
              -0.4609071,
              39.4291907
            ]
          ],
          [
            [
              -0.4602665,
              39.4140865
            ],
            [
              -0.4604196,
              39.417972
            ],
            [
              -0.460817,
              39.4270937
            ]
          ],
          [
            [
              -0.4602613,
              39.4139535
            ],
            [
              -0.4602665,
              39.4140865
            ]
          ],
          [
            [
              -0.4636395,
              39.3954435
            ],
            [
              -0.4603826,
              39.4093836
            ],
            [
              -0.4602748,
              39.4101013
            ],
            [
              -0.4601555,
              39.4111494
            ],
            [
              -0.4601861,
              39.4122445
            ],
            [
              -0.4602613,
              39.4139535
            ]
          ],
          [
            [
              -0.4641672,
              39.393168
            ],
            [
              -0.4636395,
              39.3954435
            ]
          ],
          [
            [
              -0.4700882,
              39.378408
            ],
            [
              -0.4657177,
              39.3876244
            ],
            [
              -0.4653674,
              39.388413
            ],
            [
              -0.4651946,
              39.3889147
            ],
            [
              -0.4650499,
              39.389438
            ],
            [
              -0.4646482,
              39.3911831
            ],
            [
              -0.4641672,
              39.393168
            ]
          ],
          [
            [
              -0.470143,
              39.3782931
            ],
            [
              -0.4700882,
              39.378408
            ]
          ],
          [
            [
              -0.4706632,
              39.3771801
            ],
            [
              -0.470143,
              39.3782931
            ]
          ],
          [
            [
              -0.4707587,
              39.3769843
            ],
            [
              -0.4706632,
              39.3771801
            ]
          ],
          [
            [
              -0.4677211,
              39.3679076
            ],
            [
              -0.4694583,
              39.3702561
            ],
            [
              -0.4705068,
              39.3717128
            ],
            [
              -0.4706679,
              39.3719655
            ],
            [
              -0.4709387,
              39.3724835
            ],
            [
              -0.4711395,
              39.3730232
            ],
            [
              -0.4712726,
              39.3735196
            ],
            [
              -0.471359,
              39.3740449
            ],
            [
              -0.471387,
              39.3746622
            ],
            [
              -0.4713497,
              39.3751964
            ],
            [
              -0.4713217,
              39.3754311
            ],
            [
              -0.471268,
              39.3756946
            ],
            [
              -0.4711535,
              39.3760935
            ],
            [
              -0.4709818,
              39.3765289
            ],
            [
              -0.4707587,
              39.3769843
            ]
          ],
          [
            [
              -0.467567,
              39.3676964
            ],
            [
              -0.4677211,
              39.3679076
            ]
          ],
          [
            [
              -0.4652227,
              39.3644813
            ],
            [
              -0.467567,
              39.3676964
            ]
          ],
          [
            [
              -0.4649192,
              39.3620371
            ],
            [
              -0.4649109,
              39.3624344
            ],
            [
              -0.464787,
              39.363435
            ],
            [
              -0.4647887,
              39.3636692
            ],
            [
              -0.4648157,
              39.363804
            ],
            [
              -0.4648874,
              39.3639876
            ],
            [
              -0.4649795,
              39.364143
            ],
            [
              -0.4652227,
              39.3644813
            ]
          ],
          [
            [
              -0.473791,
              39.3525671
            ],
            [
              -0.4735151,
              39.3537557
            ],
            [
              -0.4734106,
              39.3540858
            ],
            [
              -0.4732683,
              39.3544036
            ],
            [
              -0.4730672,
              39.3547546
            ],
            [
              -0.4727962,
              39.3551319
            ],
            [
              -0.47262,
              39.3553432
            ],
            [
              -0.4721548,
              39.3557903
            ],
            [
              -0.4706551,
              39.3570145
            ],
            [
              -0.4701672,
              39.3573585
            ],
            [
              -0.4699165,
              39.3575087
            ],
            [
              -0.4696048,
              39.3576711
            ],
            [
              -0.4689137,
              39.357961
            ],
            [
              -0.4669894,
              39.3586403
            ],
            [
              -0.4667048,
              39.3587626
            ],
            [
              -0.4664767,
              39.3588761
            ],
            [
              -0.4662147,
              39.3590332
            ],
            [
              -0.4660476,
              39.359152
            ],
            [
              -0.4657381,
              39.3594349
            ],
            [
              -0.4656004,
              39.359592
            ],
            [
              -0.465386,
              39.359912
            ],
            [
              -0.465167,
              39.3603148
            ],
            [
              -0.4651712,
              39.3603587
            ],
            [
              -0.4650869,
              39.3607004
            ],
            [
              -0.4649192,
              39.3620371
            ]
          ],
          [
            [
              -0.4738849,
              39.3521818
            ],
            [
              -0.473791,
              39.3525671
            ]
          ],
          [
            [
              -0.4640461,
              39.3182195
            ],
            [
              -0.464164,
              39.3187888
            ],
            [
              -0.4642745,
              39.3191426
            ],
            [
              -0.4645109,
              39.3197322
            ],
            [
              -0.464798,
              39.3202995
            ],
            [
              -0.4753506,
              39.3372896
            ],
            [
              -0.4755738,
              39.3376894
            ],
            [
              -0.4757792,
              39.3381216
            ],
            [
              -0.4759162,
              39.338448
            ],
            [
              -0.4761128,
              39.3390186
            ],
            [
              -0.4762166,
              39.3394286
            ],
            [
              -0.4763094,
              39.3398865
            ],
            [
              -0.4763889,
              39.3405186
            ],
            [
              -0.4764066,
              39.3412652
            ],
            [
              -0.4763845,
              39.341612
            ],
            [
              -0.4763226,
              39.3421348
            ],
            [
              -0.4762343,
              39.3426063
            ],
            [
              -0.4760885,
              39.3432179
            ],
            [
              -0.4740749,
              39.351478
            ],
            [
              -0.4738849,
              39.3521818
            ]
          ],
          [
            [
              -0.4639895,
              39.3179001
            ],
            [
              -0.4640461,
              39.3182195
            ]
          ],
          [
            [
              -0.4639052,
              39.3165927
            ],
            [
              -0.4639233,
              39.3174438
            ],
            [
              -0.4639895,
              39.3179001
            ]
          ],
          [
            [
              -0.4639026,
              39.3165503
            ],
            [
              -0.4639052,
              39.3165927
            ]
          ],
          [
            [
              -0.4641818,
              39.3007321
            ],
            [
              -0.4640866,
              39.3052928
            ],
            [
              -0.464047,
              39.3088127
            ],
            [
              -0.4639255,
              39.3159484
            ],
            [
              -0.4639026,
              39.3165503
            ]
          ],
          [
            [
              -0.4641818,
              39.3006498
            ],
            [
              -0.4641818,
              39.3007321
            ]
          ],
          [
            [
              -0.4643914,
              39.2901671
            ],
            [
              -0.4643627,
              39.2908817
            ],
            [
              -0.4643207,
              39.2932086
            ],
            [
              -0.4642942,
              39.2939146
            ],
            [
              -0.4642898,
              39.2946857
            ],
            [
              -0.4642456,
              39.2960892
            ],
            [
              -0.4641818,
              39.3006498
            ]
          ],
          [
            [
              -0.4644003,
              39.288748
            ],
            [
              -0.4643914,
              39.2901671
            ]
          ],
          [
            [
              -0.4648485,
              39.2794649
            ],
            [
              -0.4646563,
              39.2803883
            ],
            [
              -0.4645816,
              39.2809846
            ],
            [
              -0.4645268,
              39.2828606
            ],
            [
              -0.4644488,
              39.2868519
            ],
            [
              -0.4643936,
              39.2885771
            ],
            [
              -0.4644003,
              39.288748
            ]
          ],
          [
            [
              -0.4649059,
              39.2791845
            ],
            [
              -0.4648485,
              39.2794649
            ]
          ],
          [
            [
              -0.4672144,
              39.2749112
            ],
            [
              -0.4661916,
              39.2761988
            ],
            [
              -0.465911,
              39.276599
            ],
            [
              -0.4656724,
              39.2769837
            ],
            [
              -0.4653455,
              39.2776541
            ],
            [
              -0.4651953,
              39.2780559
            ],
            [
              -0.4650959,
              39.2783671
            ],
            [
              -0.4649059,
              39.2791845
            ]
          ],
          [
            [
              -0.467327,
              39.2747727
            ],
            [
              -0.4672144,
              39.2749112
            ]
          ],
          [
            [
              -0.4700409,
              39.271361
            ],
            [
              -0.4689242,
              39.2727479
            ],
            [
              -0.467327,
              39.2747727
            ]
          ],
          [
            [
              -0.4701425,
              39.271231
            ],
            [
              -0.4700409,
              39.271361
            ]
          ],
          [
            [
              -0.4747251,
              39.2636068
            ],
            [
              -0.4731169,
              39.2671026
            ],
            [
              -0.4728806,
              39.2676071
            ],
            [
              -0.4727127,
              39.2679252
            ],
            [
              -0.4723659,
              39.2684109
            ],
            [
              -0.4701425,
              39.271231
            ]
          ],
          [
            [
              -0.4754276,
              39.2620572
            ],
            [
              -0.4753488,
              39.262296
            ],
            [
              -0.4750824,
              39.2629396
            ],
            [
              -0.4748665,
              39.2633707
            ],
            [
              -0.4747251,
              39.2636068
            ]
          ],
          [
            [
              -0.475488,
              39.2619233
            ],
            [
              -0.4754276,
              39.2620572
            ]
          ],
          [
            [
              -0.4755492,
              39.2617835
            ],
            [
              -0.475488,
              39.2619233
            ]
          ],
          [
            [
              -0.4772125,
              39.260098
            ],
            [
              -0.4766637,
              39.2604012
            ],
            [
              -0.47641,
              39.260587
            ],
            [
              -0.4761894,
              39.2607898
            ],
            [
              -0.4760708,
              39.2609115
            ],
            [
              -0.475864,
              39.261172
            ],
            [
              -0.4756875,
              39.261488
            ],
            [
              -0.4755492,
              39.2617835
            ]
          ],
          [
            [
              -0.5187973,
              39.2333803
            ],
            [
              -0.5181741,
              39.2334716
            ],
            [
              -0.5143852,
              39.233948
            ],
            [
              -0.5134358,
              39.2340467
            ],
            [
              -0.5128326,
              39.2341445
            ],
            [
              -0.511622,
              39.2342961
            ],
            [
              -0.5112856,
              39.2343559
            ],
            [
              -0.5106403,
              39.2345183
            ],
            [
              -0.5103287,
              39.2346165
            ],
            [
              -0.5100336,
              39.2347319
            ],
            [
              -0.50962,
              39.2349198
            ],
            [
              -0.5090767,
              39.2352274
            ],
            [
              -0.508539,
              39.2356183
            ],
            [
              -0.4824078,
              39.2575571
            ],
            [
              -0.4818039,
              39.2579884
            ],
            [
              -0.4812772,
              39.2582895
            ],
            [
              -0.4772125,
              39.260098
            ]
          ],
          [
            [
              -0.5216597,
              39.2330274
            ],
            [
              -0.5187973,
              39.2333803
            ]
          ],
          [
            [
              -0.5247365,
              39.2287068
            ],
            [
              -0.5238207,
              39.2309905
            ],
            [
              -0.523313,
              39.2322001
            ],
            [
              -0.5232181,
              39.2323579
            ],
            [
              -0.52305,
              39.2325554
            ],
            [
              -0.5229511,
              39.232632
            ],
            [
              -0.5227574,
              39.2327561
            ],
            [
              -0.5225715,
              39.2328464
            ],
            [
              -0.5222572,
              39.2329398
            ],
            [
              -0.5216597,
              39.2330274
            ]
          ],
          [
            [
              -0.5254483,
              39.2269133
            ],
            [
              -0.5254186,
              39.2270925
            ],
            [
              -0.5253771,
              39.2272303
            ],
            [
              -0.5249322,
              39.22833
            ],
            [
              -0.5247365,
              39.2287068
            ]
          ],
          [
            [
              -0.5252051,
              39.2258412
            ],
            [
              -0.5253969,
              39.2261827
            ],
            [
              -0.5254839,
              39.2264768
            ],
            [
              -0.5254977,
              39.2265779
            ],
            [
              -0.5254918,
              39.2267004
            ],
            [
              -0.5254483,
              39.2269133
            ]
          ],
          [
            [
              -0.5101495,
              39.1941707
            ],
            [
              -0.5096504,
              39.1986676
            ],
            [
              -0.5096137,
              39.1992512
            ],
            [
              -0.5096467,
              39.1997727
            ],
            [
              -0.5097433,
              39.200297
            ],
            [
              -0.509892,
              39.2008057
            ],
            [
              -0.5100877,
              39.2012696
            ],
            [
              -0.510276,
              39.2016065
            ],
            [
              -0.5110592,
              39.2028836
            ],
            [
              -0.5202919,
              39.2178462
            ],
            [
              -0.5209404,
              39.2189455
            ],
            [
              -0.5218281,
              39.2203807
            ],
            [
              -0.5226203,
              39.2216131
            ],
            [
              -0.5234553,
              39.2230183
            ],
            [
              -0.5252051,
              39.2258412
            ]
          ],
          [
            [
              -0.5103775,
              39.192148
            ],
            [
              -0.5103354,
              39.1927149
            ],
            [
              -0.5102247,
              39.1937569
            ],
            [
              -0.5101495,
              39.1941707
            ]
          ],
          [
            [
              -0.5105598,
              39.1906076
            ],
            [
              -0.5104759,
              39.1911231
            ],
            [
              -0.5103775,
              39.192148
            ]
          ],
          [
            [
              -0.5105645,
              39.190496
            ],
            [
              -0.5105598,
              39.1906076
            ]
          ],
          [
            [
              -0.5109891,
              39.1873423
            ],
            [
              -0.5108466,
              39.1880027
            ],
            [
              -0.5107859,
              39.1884157
            ],
            [
              -0.5105645,
              39.190496
            ]
          ],
          [
            [
              -0.5110102,
              39.1872339
            ],
            [
              -0.5109891,
              39.1873423
            ]
          ],
          [
            [
              -0.5120237,
              39.1843888
            ],
            [
              -0.511548,
              39.1853324
            ],
            [
              -0.5113581,
              39.1857791
            ],
            [
              -0.5112218,
              39.1862517
            ],
            [
              -0.5110102,
              39.1872339
            ]
          ],
          [
            [
              -0.5122404,
              39.1839594
            ],
            [
              -0.5120237,
              39.1843888
            ]
          ],
          [
            [
              -0.5156802,
              39.1771556
            ],
            [
              -0.5122404,
              39.1839594
            ]
          ],
          [
            [
              -0.5155507,
              39.17359
            ],
            [
              -0.5157606,
              39.1750614
            ],
            [
              -0.5158823,
              39.1760841
            ],
            [
              -0.5158805,
              39.1764104
            ],
            [
              -0.5158477,
              39.17665
            ],
            [
              -0.5157985,
              39.1768613
            ],
            [
              -0.5156802,
              39.1771556
            ]
          ],
          [
            [
              -0.5161251,
              39.1651374
            ],
            [
              -0.5153883,
              39.1714752
            ],
            [
              -0.5153736,
              39.1717666
            ],
            [
              -0.5153944,
              39.1724132
            ],
            [
              -0.5155507,
              39.17359
            ]
          ],
          [
            [
              -0.5161338,
              39.1650647
            ],
            [
              -0.5161251,
              39.1651374
            ]
          ],
          [
            [
              -0.5167217,
              39.1599874
            ],
            [
              -0.5163373,
              39.1631733
            ],
            [
              -0.5161338,
              39.1650647
            ]
          ],
          [
            [
              -0.5167415,
              39.1598333
            ],
            [
              -0.5167217,
              39.1599874
            ]
          ],
          [
            [
              -0.5201841,
              39.137325
            ],
            [
              -0.5202106,
              39.1376899
            ],
            [
              -0.5201996,
              39.1379555
            ],
            [
              -0.5201465,
              39.1382279
            ],
            [
              -0.5200759,
              39.1384832
            ],
            [
              -0.5186864,
              39.1420453
            ],
            [
              -0.5185671,
              39.1424205
            ],
            [
              -0.5185008,
              39.1427323
            ],
            [
              -0.5184633,
              39.1431006
            ],
            [
              -0.5183011,
              39.1462198
            ],
            [
              -0.5182636,
              39.1466755
            ],
            [
              -0.5167415,
              39.1598333
            ]
          ],
          [
            [
              -0.5201421,
              39.1370114
            ],
            [
              -0.5201841,
              39.137325
            ]
          ],
          [
            [
              -0.5198262,
              39.1347874
            ],
            [
              -0.5201421,
              39.1370114
            ]
          ],
          [
            [
              -0.5198218,
              39.1347428
            ],
            [
              -0.5198262,
              39.1347874
            ]
          ],
          [
            [
              -0.5196164,
              39.1332675
            ],
            [
              -0.5198218,
              39.1347428
            ]
          ],
          [
            [
              -0.5196031,
              39.1331955
            ],
            [
              -0.5196164,
              39.1332675
            ]
          ],
          [
            [
              -0.5183262,
              39.1239398
            ],
            [
              -0.5196031,
              39.1331955
            ]
          ],
          [
            [
              -0.5232359,
              39.1177497
            ],
            [
              -0.5229198,
              39.1183331
            ],
            [
              -0.5227178,
              39.1186495
            ],
            [
              -0.5223474,
              39.1191095
            ],
            [
              -0.5220276,
              39.1194346
            ],
            [
              -0.5217339,
              39.1197016
            ],
            [
              -0.5214009,
              39.1199512
            ],
            [
              -0.5210923,
              39.1201602
            ],
            [
              -0.5199681,
              39.1208553
            ],
            [
              -0.5194743,
              39.1211905
            ],
            [
              -0.5191769,
              39.1214488
            ],
            [
              -0.5188402,
              39.1218145
            ],
            [
              -0.5186682,
              39.1220554
            ],
            [
              -0.5185709,
              39.1222223
            ],
            [
              -0.5184717,
              39.1224225
            ],
            [
              -0.5183539,
              39.1227635
            ],
            [
              -0.5183027,
              39.1230315
            ],
            [
              -0.5182658,
              39.1234097
            ],
            [
              -0.5183262,
              39.1239398
            ]
          ],
          [
            [
              -0.5242048,
              39.1159502
            ],
            [
              -0.5240851,
              39.1162375
            ],
            [
              -0.5238663,
              39.1166627
            ],
            [
              -0.5234548,
              39.1174145
            ],
            [
              -0.5232359,
              39.1177497
            ]
          ],
          [
            [
              -0.526647,
              39.1112733
            ],
            [
              -0.5267573,
              39.1116187
            ],
            [
              -0.5267891,
              39.1119337
            ],
            [
              -0.526776,
              39.1121108
            ],
            [
              -0.526748,
              39.1122399
            ],
            [
              -0.5266365,
              39.1125309
            ],
            [
              -0.5264419,
              39.1128386
            ],
            [
              -0.5251045,
              39.1145802
            ],
            [
              -0.5244012,
              39.115612
            ],
            [
              -0.5242048,
              39.1159502
            ]
          ],
          [
            [
              -0.5257024,
              39.1089845
            ],
            [
              -0.526647,
              39.1112733
            ]
          ],
          [
            [
              -0.5256612,
              39.1088872
            ],
            [
              -0.5257024,
              39.1089845
            ]
          ],
          [
            [
              -0.5254592,
              39.1083865
            ],
            [
              -0.5256612,
              39.1088872
            ]
          ],
          [
            [
              -0.5253863,
              39.1082123
            ],
            [
              -0.5254592,
              39.1083865
            ]
          ],
          [
            [
              -0.5252534,
              39.1078887
            ],
            [
              -0.5253863,
              39.1082123
            ]
          ],
          [
            [
              -0.5251973,
              39.1077624
            ],
            [
              -0.5252534,
              39.1078887
            ]
          ],
          [
            [
              -0.5249579,
              39.1071876
            ],
            [
              -0.5251973,
              39.1077624
            ]
          ],
          [
            [
              -0.5248345,
              39.1068901
            ],
            [
              -0.5249579,
              39.1071876
            ]
          ],
          [
            [
              -0.5244734,
              39.1060149
            ],
            [
              -0.5248345,
              39.1068901
            ]
          ],
          [
            [
              -0.5243893,
              39.1058116
            ],
            [
              -0.5244734,
              39.1060149
            ]
          ],
          [
            [
              -0.5241087,
              39.1051207
            ],
            [
              -0.5243893,
              39.1058116
            ]
          ],
          [
            [
              -0.5239927,
              39.1048435
            ],
            [
              -0.5241087,
              39.1051207
            ]
          ],
          [
            [
              -0.5237776,
              39.1043268
            ],
            [
              -0.5239927,
              39.1048435
            ]
          ],
          [
            [
              -0.5237365,
              39.1042295
            ],
            [
              -0.5237776,
              39.1043268
            ]
          ],
          [
            [
              -0.5234465,
              39.1035226
            ],
            [
              -0.5237365,
              39.1042295
            ]
          ],
          [
            [
              -0.5234054,
              39.1034239
            ],
            [
              -0.5234465,
              39.1035226
            ]
          ],
          [
            [
              -0.5232146,
              39.1029623
            ],
            [
              -0.5234054,
              39.1034239
            ]
          ],
          [
            [
              -0.5231697,
              39.1028549
            ],
            [
              -0.5232146,
              39.1029623
            ]
          ],
          [
            [
              -0.5230219,
              39.1024979
            ],
            [
              -0.5231697,
              39.1028549
            ]
          ],
          [
            [
              -0.5228499,
              39.1021596
            ],
            [
              -0.5230219,
              39.1024979
            ]
          ],
          [
            [
              -0.5225992,
              39.1017851
            ],
            [
              -0.5227657,
              39.102013
            ],
            [
              -0.5228499,
              39.1021596
            ]
          ],
          [
            [
              -0.5225132,
              39.1016879
            ],
            [
              -0.5225992,
              39.1017851
            ]
          ],
          [
            [
              -0.5222311,
              39.101403
            ],
            [
              -0.5225132,
              39.1016879
            ]
          ],
          [
            [
              -0.5202929,
              39.0997878
            ],
            [
              -0.521664,
              39.1009142
            ],
            [
              -0.5222311,
              39.101403
            ]
          ],
          [
            [
              -0.5195802,
              39.0992057
            ],
            [
              -0.5202929,
              39.0997878
            ]
          ],
          [
            [
              -0.5193988,
              39.0990533
            ],
            [
              -0.5195802,
              39.0992057
            ]
          ],
          [
            [
              -0.5187516,
              39.0985176
            ],
            [
              -0.5193988,
              39.0990533
            ]
          ],
          [
            [
              -0.5186618,
              39.098445
            ],
            [
              -0.5187516,
              39.0985176
            ]
          ],
          [
            [
              -0.5179305,
              39.0978252
            ],
            [
              -0.518183,
              39.0980545
            ],
            [
              -0.5186618,
              39.098445
            ]
          ],
          [
            [
              -0.5178575,
              39.097757
            ],
            [
              -0.5179305,
              39.0978252
            ]
          ],
          [
            [
              -0.5175358,
              39.0973853
            ],
            [
              -0.5176835,
              39.0975741
            ],
            [
              -0.5178575,
              39.097757
            ]
          ],
          [
            [
              -0.5173656,
              39.0971458
            ],
            [
              -0.5175358,
              39.0973853
            ]
          ],
          [
            [
              -0.5167539,
              39.095594
            ],
            [
              -0.5170382,
              39.0964882
            ],
            [
              -0.5172028,
              39.0968729
            ],
            [
              -0.5173656,
              39.0971458
            ]
          ],
          [
            [
              -0.5167202,
              39.0954866
            ],
            [
              -0.5167539,
              39.095594
            ]
          ],
          [
            [
              -0.5162152,
              39.0939216
            ],
            [
              -0.5167202,
              39.0954866
            ]
          ],
          [
            [
              -0.5161815,
              39.0938142
            ],
            [
              -0.5162152,
              39.0939216
            ]
          ],
          [
            [
              -0.5159739,
              39.093174
            ],
            [
              -0.5161815,
              39.0938142
            ]
          ],
          [
            [
              -0.5159459,
              39.0930811
            ],
            [
              -0.5159739,
              39.093174
            ]
          ],
          [
            [
              -0.5154951,
              39.0914217
            ],
            [
              -0.5155474,
              39.091776
            ],
            [
              -0.5155961,
              39.0919734
            ],
            [
              -0.5159459,
              39.0930811
            ]
          ],
          [
            [
              -0.5154857,
              39.0913259
            ],
            [
              -0.5154951,
              39.0914217
            ]
          ],
          [
            [
              -0.5156073,
              39.0897725
            ],
            [
              -0.5154857,
              39.0908033
            ],
            [
              -0.5154857,
              39.0913259
            ]
          ],
          [
            [
              -0.5156185,
              39.0896839
            ],
            [
              -0.5156073,
              39.0897725
            ]
          ],
          [
            [
              -0.5160356,
              39.0864318
            ],
            [
              -0.5156185,
              39.0896839
            ]
          ],
          [
            [
              -0.5160469,
              39.0863404
            ],
            [
              -0.5160356,
              39.0864318
            ]
          ],
          [
            [
              -0.5161684,
              39.0853386
            ],
            [
              -0.5160469,
              39.0863404
            ]
          ],
          [
            [
              -0.5160992,
              39.084495
            ],
            [
              -0.5161666,
              39.0848231
            ],
            [
              -0.5161797,
              39.0850278
            ],
            [
              -0.5161684,
              39.0853386
            ]
          ],
          [
            [
              -0.5160712,
              39.0844035
            ],
            [
              -0.5160992,
              39.084495
            ]
          ],
          [
            [
              -0.5130485,
              39.0803424
            ],
            [
              -0.5156971,
              39.0837153
            ],
            [
              -0.5159627,
              39.0841436
            ],
            [
              -0.5160712,
              39.0844035
            ]
          ]
        ]
      }
    },
    {
      "type": "Feature",
      "properties": {
        "full_id": "r5625922",
        "osm_id": "5625922",
        "osm_type": "relation",
        "route": "subway",
        "name:es": null,
        "name:ca": null,
        "wikipedia": "ca:Línia 2 de Metrovalència",
        "wikidata": "Q3832658",
        "type": "route",
        "to": "Torrent Avinguda",
        "ref": "2",
        "public_transport:version": "2",
        "owner:wikidata": "Q750832",
        "operator:wikipedia": "ca:Ferrocarrils de la Generalitat Valenciana",
        "operator:wikidata": "Q750832",
        "operator:short": "FGV",
        "operator": "Ferrocarrils de la Generalitat Valenciana",
        "network:wikipedia": "ca:Metrovalència",
        "network:wikidata": "Q511171",
        "network": "Metrovalencia",
        "name": "Línia 2: Llíria => Torrent Avinguda",
        "from": "Llíria",
        "colour": "#E70095",
        "layer": "route_subway_Valencia",
        "path": "MultiLineString?crs=EPSG:4326&field=full_id:string(0,0)&field=osm_id:string(0,0)&field=osm_type:string(0,0)&field=route:string(0,0)&field=name%3Aes:string(0,0)&field=name%3Aca:string(0,0)&field=wikipedia:string(0,0)&field=wikidata:string(0,0)&field=type:string(0,0)&field=to:string(0,0)&field=ref:string(0,0)&field=public_transport%3Aversion:string(0,0)&field=owner%3Awikidata:string(0,0)&field=operator%3Awikipedia:string(0,0)&field=operator%3Awikidata:string(0,0)&field=operator%3Ashort:string(0,0)&field=operator:string(0,0)&field=network%3Awikipedia:string(0,0)&field=network%3Awikidata:string(0,0)&field=network:string(0,0)&field=name:string(0,0)&field=from:string(0,0)&field=colour:string(0,0)&uid={d94403d5-81f4-4548-afeb-a6b8a5cb3c5c}"
      },
      "geometry": {
        "type": "MultiLineString",
        "coordinates": [
          [
            [
              -0.5143773,
              39.5431591
            ],
            [
              -0.5143658,
              39.5431279
            ],
            [
              -0.513637,
              39.5432792
            ],
            [
              -0.5136466,
              39.5433103
            ],
            [
              -0.5143773,
              39.5431591
            ]
          ],
          [
            [
              -0.4950287,
              39.5357528
            ],
            [
              -0.4957541,
              39.5362664
            ],
            [
              -0.4957895,
              39.5362366
            ],
            [
              -0.4950643,
              39.5357229
            ],
            [
              -0.4950287,
              39.5357528
            ]
          ],
          [
            [
              -0.5917252,
              39.6207963
            ],
            [
              -0.5913532,
              39.6213584
            ],
            [
              -0.5910808,
              39.6217107
            ],
            [
              -0.5903246,
              39.6228474
            ]
          ],
          [
            [
              -0.5919691,
              39.6204314
            ],
            [
              -0.5917252,
              39.6207963
            ]
          ],
          [
            [
              -0.5920301,
              39.6203437
            ],
            [
              -0.5919691,
              39.6204314
            ]
          ],
          [
            [
              -0.5928269,
              39.6191302
            ],
            [
              -0.5920301,
              39.6203437
            ]
          ],
          [
            [
              -0.5944978,
              39.616567
            ],
            [
              -0.5928269,
              39.6191302
            ]
          ],
          [
            [
              -0.5851054,
              39.5998549
            ],
            [
              -0.587245,
              39.6015408
            ],
            [
              -0.5938738,
              39.6068171
            ],
            [
              -0.5941482,
              39.6070442
            ],
            [
              -0.5944267,
              39.6073058
            ],
            [
              -0.5947133,
              39.6076472
            ],
            [
              -0.5949348,
              39.6079792
            ],
            [
              -0.5950995,
              39.6082986
            ],
            [
              -0.5951727,
              39.608485
            ],
            [
              -0.5952891,
              39.6088784
            ],
            [
              -0.5961931,
              39.6124079
            ],
            [
              -0.5962236,
              39.6125582
            ],
            [
              -0.5962582,
              39.6130421
            ],
            [
              -0.5962419,
              39.6133302
            ],
            [
              -0.5961728,
              39.6137139
            ],
            [
              -0.5960732,
              39.6140239
            ],
            [
              -0.5959817,
              39.6142369
            ],
            [
              -0.5958252,
              39.6145344
            ],
            [
              -0.5957154,
              39.6147082
            ],
            [
              -0.5944978,
              39.616567
            ]
          ],
          [
            [
              -0.5833443,
              39.5984521
            ],
            [
              -0.5838422,
              39.5988045
            ],
            [
              -0.5848626,
              39.5996221
            ],
            [
              -0.5851054,
              39.5998549
            ]
          ],
          [
            [
              -0.5794474,
              39.5941745
            ],
            [
              -0.5826205,
              39.5978256
            ],
            [
              -0.5830393,
              39.5982172
            ],
            [
              -0.5833443,
              39.5984521
            ]
          ],
          [
            [
              -0.5791913,
              39.5938847
            ],
            [
              -0.5794474,
              39.5941745
            ]
          ],
          [
            [
              -0.5788147,
              39.5934573
            ],
            [
              -0.5791913,
              39.5938847
            ]
          ],
          [
            [
              -0.5776017,
              39.5921337
            ],
            [
              -0.5778355,
              39.5923449
            ],
            [
              -0.5788147,
              39.5934573
            ]
          ],
          [
            [
              -0.5624325,
              39.5827153
            ],
            [
              -0.5770404,
              39.5917233
            ],
            [
              -0.5773861,
              39.5919563
            ],
            [
              -0.5776017,
              39.5921337
            ]
          ],
          [
            [
              -0.5608049,
              39.5817143
            ],
            [
              -0.5612754,
              39.5819604
            ],
            [
              -0.5620412,
              39.5824303
            ],
            [
              -0.5624325,
              39.5827153
            ]
          ],
          [
            [
              -0.5362198,
              39.5622781
            ],
            [
              -0.5363477,
              39.5625571
            ],
            [
              -0.5365909,
              39.5629926
            ],
            [
              -0.5369737,
              39.5634965
            ],
            [
              -0.5371657,
              39.5637149
            ],
            [
              -0.5394055,
              39.5660597
            ],
            [
              -0.5443293,
              39.571295
            ],
            [
              -0.5447038,
              39.571678
            ],
            [
              -0.5449438,
              39.5718964
            ],
            [
              -0.5453423,
              39.572198
            ],
            [
              -0.5466315,
              39.5730011
            ],
            [
              -0.5608049,
              39.5817143
            ]
          ],
          [
            [
              -0.5361834,
              39.5621122
            ],
            [
              -0.5362198,
              39.5622781
            ]
          ],
          [
            [
              -0.5344609,
              39.5584878
            ],
            [
              -0.5347459,
              39.5588539
            ],
            [
              -0.5350309,
              39.5593802
            ],
            [
              -0.5361834,
              39.5621122
            ]
          ],
          [
            [
              -0.5340037,
              39.5580126
            ],
            [
              -0.5344609,
              39.5584878
            ]
          ],
          [
            [
              -0.5278875,
              39.5496296
            ],
            [
              -0.5284612,
              39.5503311
            ],
            [
              -0.5288566,
              39.5508659
            ],
            [
              -0.5291305,
              39.5512798
            ],
            [
              -0.5308712,
              39.5541464
            ],
            [
              -0.53164,
              39.5553608
            ],
            [
              -0.531841,
              39.5556401
            ],
            [
              -0.5321613,
              39.5560557
            ],
            [
              -0.532623,
              39.5565973
            ],
            [
              -0.5340037,
              39.5580126
            ]
          ],
          [
            [
              -0.5275919,
              39.5492662
            ],
            [
              -0.5278875,
              39.5496296
            ]
          ],
          [
            [
              -0.5130109,
              39.5434905
            ],
            [
              -0.5136109,
              39.5433303
            ],
            [
              -0.5172182,
              39.5425462
            ],
            [
              -0.5178972,
              39.5424279
            ],
            [
              -0.518275,
              39.5423846
            ],
            [
              -0.5189989,
              39.5423601
            ],
            [
              -0.5193356,
              39.5423717
            ],
            [
              -0.5197433,
              39.5424092
            ],
            [
              -0.5203887,
              39.5425188
            ],
            [
              -0.5208413,
              39.5426371
            ],
            [
              -0.521322,
              39.5427914
            ],
            [
              -0.5218738,
              39.5430395
            ],
            [
              -0.5224331,
              39.5433583
            ],
            [
              -0.522839,
              39.5436511
            ],
            [
              -0.5232804,
              39.5440434
            ],
            [
              -0.5235535,
              39.5443305
            ],
            [
              -0.5239276,
              39.5447646
            ],
            [
              -0.5275919,
              39.5492662
            ]
          ],
          [
            [
              -0.4756397,
              39.5216051
            ],
            [
              -0.4769695,
              39.5221896
            ],
            [
              -0.4775107,
              39.5223838
            ],
            [
              -0.4781337,
              39.5225576
            ],
            [
              -0.4804753,
              39.5231421
            ],
            [
              -0.4807116,
              39.523212
            ],
            [
              -0.4812241,
              39.5233977
            ],
            [
              -0.4818206,
              39.5236806
            ],
            [
              -0.4861194,
              39.5261104
            ],
            [
              -0.4864839,
              39.5263421
            ],
            [
              -0.4867953,
              39.5265756
            ],
            [
              -0.4870626,
              39.5268107
            ],
            [
              -0.4874647,
              39.5272503
            ],
            [
              -0.4921925,
              39.5334715
            ],
            [
              -0.4925356,
              39.5338655
            ],
            [
              -0.4928935,
              39.5342063
            ],
            [
              -0.4934488,
              39.5346479
            ],
            [
              -0.5008647,
              39.5399001
            ],
            [
              -0.5036974,
              39.5417124
            ],
            [
              -0.5059494,
              39.5431316
            ],
            [
              -0.5064571,
              39.5434075
            ],
            [
              -0.506709,
              39.5435216
            ],
            [
              -0.5069686,
              39.5436269
            ],
            [
              -0.5075205,
              39.5438079
            ],
            [
              -0.5083571,
              39.5439932
            ],
            [
              -0.5090859,
              39.5440733
            ],
            [
              -0.5096224,
              39.5440837
            ],
            [
              -0.509884,
              39.5440733
            ],
            [
              -0.5106609,
              39.5439932
            ],
            [
              -0.5112859,
              39.5438731
            ],
            [
              -0.5130109,
              39.5434905
            ]
          ],
          [
            [
              -0.4749615,
              39.5213035
            ],
            [
              -0.4756397,
              39.5216051
            ]
          ],
          [
            [
              -0.4744385,
              39.521076
            ],
            [
              -0.4749615,
              39.5213035
            ]
          ],
          [
            [
              -0.4668528,
              39.51359
            ],
            [
              -0.469661,
              39.5175746
            ],
            [
              -0.4704931,
              39.5187018
            ],
            [
              -0.4706764,
              39.5189137
            ],
            [
              -0.4708731,
              39.5191084
            ],
            [
              -0.4710861,
              39.5193061
            ],
            [
              -0.4715179,
              39.5196375
            ],
            [
              -0.4720501,
              39.519964
            ],
            [
              -0.4723861,
              39.5201346
            ],
            [
              -0.47409,
              39.5208931
            ],
            [
              -0.4744385,
              39.521076
            ]
          ],
          [
            [
              -0.4667221,
              39.5133993
            ],
            [
              -0.4668528,
              39.51359
            ]
          ],
          [
            [
              -0.4645012,
              39.5115594
            ],
            [
              -0.4653799,
              39.5120966
            ],
            [
              -0.4658758,
              39.5124913
            ],
            [
              -0.4663944,
              39.5130168
            ],
            [
              -0.4667221,
              39.5133993
            ]
          ],
          [
            [
              -0.464013,
              39.5112317
            ],
            [
              -0.4645012,
              39.5115594
            ]
          ],
          [
            [
              -0.4631673,
              39.5106731
            ],
            [
              -0.464013,
              39.5112317
            ]
          ],
          [
            [
              -0.4431042,
              39.4993424
            ],
            [
              -0.4436572,
              39.4996317
            ],
            [
              -0.4438891,
              39.4997339
            ],
            [
              -0.4461733,
              39.5006033
            ],
            [
              -0.4467498,
              39.5008368
            ],
            [
              -0.4489477,
              39.501861
            ],
            [
              -0.4496768,
              39.5022362
            ],
            [
              -0.4585254,
              39.5078901
            ],
            [
              -0.4625603,
              39.5102946
            ],
            [
              -0.4631673,
              39.5106731
            ]
          ],
          [
            [
              -0.4331079,
              39.4952347
            ],
            [
              -0.4372763,
              39.4963339
            ],
            [
              -0.4375548,
              39.4964217
            ],
            [
              -0.437813,
              39.4965237
            ],
            [
              -0.4431042,
              39.4993424
            ]
          ],
          [
            [
              -0.4331079,
              39.4952347
            ],
            [
              -0.4328823,
              39.4951798
            ],
            [
              -0.432433,
              39.4951092
            ],
            [
              -0.4320773,
              39.4950841
            ],
            [
              -0.4316077,
              39.495106
            ],
            [
              -0.4313516,
              39.4951468
            ],
            [
              -0.4309634,
              39.4952425
            ],
            [
              -0.4305649,
              39.4953947
            ],
            [
              -0.4302291,
              39.4955589
            ]
          ],
          [
            [
              -0.4302291,
              39.4955589
            ],
            [
              -0.4285361,
              39.4964555
            ]
          ],
          [
            [
              -0.4285361,
              39.4964555
            ],
            [
              -0.427848,
              39.4968035
            ]
          ],
          [
            [
              -0.427848,
              39.4968035
            ],
            [
              -0.4271906,
              39.4971468
            ],
            [
              -0.4266554,
              39.4974607
            ]
          ],
          [
            [
              -0.4266554,
              39.4974607
            ],
            [
              -0.426207,
              39.4977965
            ],
            [
              -0.4257155,
              39.4982196
            ]
          ],
          [
            [
              -0.4257155,
              39.4982196
            ],
            [
              -0.4253007,
              39.4985417
            ],
            [
              -0.4250712,
              39.498741
            ],
            [
              -0.4241085,
              39.4996388
            ],
            [
              -0.4236311,
              39.500124
            ],
            [
              -0.4234719,
              39.5002608
            ],
            [
              -0.4226997,
              39.5007742
            ],
            [
              -0.4222588,
              39.5010479
            ],
            [
              -0.4217926,
              39.5013049
            ],
            [
              -0.4211753,
              39.5015864
            ],
            [
              -0.4208012,
              39.5017062
            ],
            [
              -0.4206029,
              39.5017494
            ],
            [
              -0.4203766,
              39.501774
            ],
            [
              -0.4183409,
              39.5018186
            ],
            [
              -0.418169,
              39.5018466
            ],
            [
              -0.4175158,
              39.5018908
            ],
            [
              -0.4170435,
              39.501873
            ],
            [
              -0.4158565,
              39.5016818
            ],
            [
              -0.4154756,
              39.5016295
            ],
            [
              -0.4151364,
              39.5016053
            ],
            [
              -0.4145338,
              39.5016154
            ],
            [
              -0.4142938,
              39.5016415
            ],
            [
              -0.4139804,
              39.5017043
            ],
            [
              -0.4138108,
              39.5017554
            ]
          ],
          [
            [
              -0.4138108,
              39.5017554
            ],
            [
              -0.4131187,
              39.5020108
            ]
          ],
          [
            [
              -0.4131187,
              39.5020108
            ],
            [
              -0.4124341,
              39.5022735
            ],
            [
              -0.4122049,
              39.502344
            ],
            [
              -0.4118467,
              39.5024121
            ],
            [
              -0.4107223,
              39.5025125
            ],
            [
              -0.407377,
              39.50277
            ]
          ],
          [
            [
              -0.4047566,
              39.5019364
            ],
            [
              -0.4050516,
              39.5022081
            ],
            [
              -0.4052983,
              39.502383
            ],
            [
              -0.4056792,
              39.5025672
            ],
            [
              -0.4059233,
              39.5026458
            ],
            [
              -0.4064366,
              39.5027479
            ],
            [
              -0.4067347,
              39.5027752
            ],
            [
              -0.4070391,
              39.5027845
            ],
            [
              -0.407377,
              39.50277
            ]
          ],
          [
            [
              -0.402586,
              39.4999195
            ],
            [
              -0.4047566,
              39.5019364
            ]
          ],
          [
            [
              -0.4020029,
              39.4993757
            ],
            [
              -0.402586,
              39.4999195
            ]
          ],
          [
            [
              -0.4019728,
              39.499349
            ],
            [
              -0.4020029,
              39.4993757
            ]
          ],
          [
            [
              -0.4017402,
              39.4991312
            ],
            [
              -0.4019728,
              39.499349
            ]
          ],
          [
            [
              -0.4012281,
              39.4986258
            ],
            [
              -0.4017402,
              39.4991312
            ]
          ],
          [
            [
              -0.4002352,
              39.4977108
            ],
            [
              -0.4012281,
              39.4986258
            ]
          ],
          [
            [
              -0.3997627,
              39.4971107
            ],
            [
              -0.3998986,
              39.497331
            ],
            [
              -0.4000448,
              39.4975152
            ],
            [
              -0.4002352,
              39.4977108
            ]
          ],
          [
            [
              -0.3956943,
              39.4857326
            ],
            [
              -0.3959611,
              39.4860765
            ],
            [
              -0.4006601,
              39.4926152
            ],
            [
              -0.4007895,
              39.4928949
            ],
            [
              -0.4008238,
              39.4930481
            ],
            [
              -0.400836,
              39.4932206
            ],
            [
              -0.4008152,
              39.4933804
            ],
            [
              -0.4007483,
              39.4936109
            ],
            [
              -0.399711,
              39.4958941
            ],
            [
              -0.3996473,
              39.4960982
            ],
            [
              -0.3996037,
              39.4964116
            ],
            [
              -0.3996219,
              39.4967402
            ],
            [
              -0.3996692,
              39.4969058
            ],
            [
              -0.3997627,
              39.4971107
            ]
          ],
          [
            [
              -0.3817594,
              39.4657123
            ],
            [
              -0.3843384,
              39.4692656
            ],
            [
              -0.3852172,
              39.4705378
            ],
            [
              -0.3891477,
              39.4759706
            ],
            [
              -0.3892633,
              39.4762041
            ],
            [
              -0.3896612,
              39.4772795
            ],
            [
              -0.3897567,
              39.4774745
            ],
            [
              -0.3903513,
              39.4783188
            ],
            [
              -0.3927407,
              39.4816018
            ],
            [
              -0.3956943,
              39.4857326
            ]
          ],
          [
            [
              -0.3816178,
              39.4649069
            ],
            [
              -0.3815819,
              39.4651158
            ],
            [
              -0.3815912,
              39.4653196
            ],
            [
              -0.3817008,
              39.4656127
            ],
            [
              -0.3817594,
              39.4657123
            ]
          ],
          [
            [
              -0.3832654,
              39.4599687
            ],
            [
              -0.3830981,
              39.4600593
            ],
            [
              -0.3829455,
              39.4601744
            ],
            [
              -0.3828604,
              39.4602707
            ],
            [
              -0.3827891,
              39.460442
            ],
            [
              -0.3826523,
              39.461024
            ],
            [
              -0.3826239,
              39.4610847
            ],
            [
              -0.3816178,
              39.4649069
            ]
          ],
          [
            [
              -0.3884568,
              39.456597
            ],
            [
              -0.3881859,
              39.4566382
            ],
            [
              -0.3879764,
              39.4566962
            ],
            [
              -0.3877846,
              39.4567771
            ],
            [
              -0.3874425,
              39.4569863
            ],
            [
              -0.3872944,
              39.4571069
            ],
            [
              -0.3871032,
              39.4573335
            ],
            [
              -0.3870205,
              39.4574676
            ],
            [
              -0.3869503,
              39.457626
            ],
            [
              -0.3868831,
              39.457902
            ],
            [
              -0.3867734,
              39.4582272
            ],
            [
              -0.3866955,
              39.4583584
            ],
            [
              -0.3866,
              39.4584731
            ],
            [
              -0.3865186,
              39.4585524
            ],
            [
              -0.3863803,
              39.4586484
            ],
            [
              -0.3862213,
              39.4587327
            ],
            [
              -0.3856111,
              39.4589616
            ],
            [
              -0.3832654,
              39.4599687
            ]
          ],
          [
            [
              -0.4000835,
              39.4532178
            ],
            [
              -0.3973358,
              39.4554663
            ],
            [
              -0.3971544,
              39.4555888
            ],
            [
              -0.3967332,
              39.4558086
            ],
            [
              -0.3962101,
              39.4560031
            ],
            [
              -0.3959053,
              39.4560943
            ],
            [
              -0.3955027,
              39.4561645
            ],
            [
              -0.393434,
              39.4563119
            ],
            [
              -0.3908175,
              39.4564504
            ],
            [
              -0.3884568,
              39.456597
            ]
          ],
          [
            [
              -0.4008407,
              39.452585
            ],
            [
              -0.4000835,
              39.4532178
            ]
          ],
          [
            [
              -0.4052084,
              39.4483404
            ],
            [
              -0.4046514,
              39.448985
            ],
            [
              -0.4042748,
              39.4493854
            ],
            [
              -0.4030134,
              39.4506254
            ],
            [
              -0.4018751,
              39.4517119
            ],
            [
              -0.4008407,
              39.452585
            ]
          ],
          [
            [
              -0.4069864,
              39.4458223
            ],
            [
              -0.4060378,
              39.4472345
            ],
            [
              -0.4057521,
              39.4476363
            ],
            [
              -0.4052084,
              39.4483404
            ]
          ],
          [
            [
              -0.4144037,
              39.4358532
            ],
            [
              -0.4090104,
              39.4427791
            ],
            [
              -0.4069864,
              39.4458223
            ]
          ],
          [
            [
              -0.4161799,
              39.4335795
            ],
            [
              -0.4144037,
              39.4358532
            ]
          ],
          [
            [
              -0.4177496,
              39.4324413
            ],
            [
              -0.4174946,
              39.4325436
            ],
            [
              -0.4172356,
              39.4326718
            ],
            [
              -0.4168955,
              39.4328887
            ],
            [
              -0.4166622,
              39.4330719
            ],
            [
              -0.4164566,
              39.4332613
            ],
            [
              -0.4161799,
              39.4335795
            ]
          ],
          [
            [
              -0.41909,
              39.431932
            ],
            [
              -0.4177496,
              39.4324413
            ]
          ],
          [
            [
              -0.4197502,
              39.4316806
            ],
            [
              -0.41909,
              39.431932
            ]
          ],
          [
            [
              -0.4197502,
              39.4316806
            ],
            [
              -0.4219728,
              39.4308221
            ],
            [
              -0.422258,
              39.4307221
            ],
            [
              -0.4226425,
              39.4306168
            ],
            [
              -0.4230748,
              39.4305349
            ],
            [
              -0.4235885,
              39.4304799
            ],
            [
              -0.4241206,
              39.430475
            ],
            [
              -0.4248753,
              39.430543
            ],
            [
              -0.4252885,
              39.4306102
            ],
            [
              -0.4263265,
              39.4308225
            ],
            [
              -0.4451907,
              39.4348044
            ]
          ],
          [
            [
              -0.4451907,
              39.4348044
            ],
            [
              -0.4457534,
              39.4349207
            ]
          ],
          [
            [
              -0.4457534,
              39.4349207
            ],
            [
              -0.4568616,
              39.4372525
            ]
          ],
          [
            [
              -0.4608513,
              39.4358462
            ],
            [
              -0.4607884,
              39.4361133
            ],
            [
              -0.4607031,
              39.4363078
            ],
            [
              -0.4605752,
              39.4365098
            ],
            [
              -0.4604633,
              39.4366461
            ],
            [
              -0.4602889,
              39.436816
            ],
            [
              -0.4600321,
              39.4370065
            ],
            [
              -0.459839,
              39.4371141
            ],
            [
              -0.459556,
              39.4372353
            ],
            [
              -0.4593242,
              39.4373067
            ],
            [
              -0.4589318,
              39.4373886
            ],
            [
              -0.4586457,
              39.4374217
            ],
            [
              -0.4583487,
              39.4374323
            ],
            [
              -0.4579764,
              39.4374154
            ],
            [
              -0.4575445,
              39.4373696
            ],
            [
              -0.4568616,
              39.4372525
            ]
          ],
          [
            [
              -0.4608744,
              39.4353406
            ],
            [
              -0.4608513,
              39.4358462
            ]
          ],
          [
            [
              -0.4609071,
              39.4291907
            ],
            [
              -0.4608744,
              39.4353406
            ]
          ],
          [
            [
              -0.4612094,
              39.4271872
            ],
            [
              -0.4611043,
              39.4274252
            ],
            [
              -0.4610272,
              39.4276922
            ],
            [
              -0.4609071,
              39.4291907
            ]
          ],
          [
            [
              -0.4614524,
              39.426826
            ],
            [
              -0.4612817,
              39.4270591
            ],
            [
              -0.4612094,
              39.4271872
            ]
          ],
          [
            [
              -0.4659772,
              39.4261716
            ],
            [
              -0.465717,
              39.4260566
            ],
            [
              -0.4654153,
              39.425953
            ],
            [
              -0.4648735,
              39.4258453
            ],
            [
              -0.4644001,
              39.4258153
            ],
            [
              -0.4637389,
              39.4258173
            ],
            [
              -0.4632186,
              39.4258691
            ],
            [
              -0.462713,
              39.4259986
            ],
            [
              -0.4624327,
              39.4261053
            ],
            [
              -0.4622248,
              39.4262079
            ],
            [
              -0.4620464,
              39.4263115
            ],
            [
              -0.4617675,
              39.4265135
            ],
            [
              -0.4614524,
              39.426826
            ]
          ],
          [
            [
              -0.4659772,
              39.4261716
            ],
            [
              -0.4661556,
              39.426269
            ],
            [
              -0.4664117,
              39.4264399
            ],
            [
              -0.4665432,
              39.4265414
            ],
            [
              -0.4669683,
              39.4269289
            ]
          ],
          [
            [
              -0.4669683,
              39.4269289
            ],
            [
              -0.4697485,
              39.4295497
            ]
          ],
          [
            [
              -0.4697485,
              39.4295497
            ],
            [
              -0.4701264,
              39.4298218
            ]
          ],
          [
            [
              -0.4701264,
              39.4298218
            ],
            [
              -0.4708077,
              39.4301757
            ],
            [
              -0.4711589,
              39.4304275
            ]
          ],
          [
            [
              -0.4711589,
              39.4304275
            ],
            [
              -0.4725134,
              39.4316726
            ]
          ]
        ]
      }
    },
    {
      "type": "Feature",
      "properties": {
        "full_id": "r5625981",
        "osm_id": "5625981",
        "osm_type": "relation",
        "route": "subway",
        "name:es": "Línea 3: Rafelbunyol => Aeropuerto",
        "name:ca": "Línia 3: Rafelbunyol => Aeroport",
        "wikipedia": "ca:Línia 3 de Metrovalència",
        "wikidata": "Q3238906",
        "type": "route",
        "to": "Aeroport",
        "ref": "3",
        "public_transport:version": "2",
        "owner:wikidata": "Q750832",
        "operator:wikipedia": "ca:Ferrocarrils de la Generalitat Valenciana",
        "operator:wikidata": "Q750832",
        "operator:short": "FGV",
        "operator": "Ferrocarrils de la Generalitat Valenciana",
        "network:wikipedia": "ca:Metrovalència",
        "network:wikidata": "Q511171",
        "network": "Metrovalencia",
        "name": "Línia 3: Rafelbunyol => Aeroport",
        "from": "Rafelbunyol",
        "colour": "#DD052B",
        "layer": "route_subway_Valencia",
        "path": "MultiLineString?crs=EPSG:4326&field=full_id:string(0,0)&field=osm_id:string(0,0)&field=osm_type:string(0,0)&field=route:string(0,0)&field=name%3Aes:string(0,0)&field=name%3Aca:string(0,0)&field=wikipedia:string(0,0)&field=wikidata:string(0,0)&field=type:string(0,0)&field=to:string(0,0)&field=ref:string(0,0)&field=public_transport%3Aversion:string(0,0)&field=owner%3Awikidata:string(0,0)&field=operator%3Awikipedia:string(0,0)&field=operator%3Awikidata:string(0,0)&field=operator%3Ashort:string(0,0)&field=operator:string(0,0)&field=network%3Awikipedia:string(0,0)&field=network%3Awikidata:string(0,0)&field=network:string(0,0)&field=name:string(0,0)&field=from:string(0,0)&field=colour:string(0,0)&uid={d94403d5-81f4-4548-afeb-a6b8a5cb3c5c}"
      },
      "geometry": {
        "type": "MultiLineString",
        "coordinates": [
          [
            [
              -0.3306477,
              39.586653
            ],
            [
              -0.3307908,
              39.5885898
            ]
          ],
          [
            [
              -0.3306411,
              39.5865373
            ],
            [
              -0.3306477,
              39.586653
            ]
          ],
          [
            [
              -0.3306345,
              39.5864147
            ],
            [
              -0.3306411,
              39.5865373
            ]
          ],
          [
            [
              -0.332398,
              39.5711233
            ],
            [
              -0.3308826,
              39.5735581
            ],
            [
              -0.3303705,
              39.5744292
            ],
            [
              -0.3302153,
              39.5747954
            ],
            [
              -0.3301236,
              39.5750751
            ],
            [
              -0.330047,
              39.5753894
            ],
            [
              -0.3300095,
              39.5756576
            ],
            [
              -0.3299927,
              39.5760123
            ],
            [
              -0.3300077,
              39.5763914
            ],
            [
              -0.3302906,
              39.5807432
            ],
            [
              -0.330334,
              39.5816733
            ],
            [
              -0.3304423,
              39.5831068
            ],
            [
              -0.3306345,
              39.5864147
            ]
          ],
          [
            [
              -0.333384,
              39.5695147
            ],
            [
              -0.332398,
              39.5711233
            ]
          ],
          [
            [
              -0.339757,
              39.5624241
            ],
            [
              -0.3359708,
              39.5656678
            ],
            [
              -0.335582,
              39.5660493
            ],
            [
              -0.3353523,
              39.5663439
            ],
            [
              -0.3351402,
              39.5666623
            ],
            [
              -0.333384,
              39.5695147
            ]
          ],
          [
            [
              -0.3415207,
              39.5609132
            ],
            [
              -0.339757,
              39.5624241
            ]
          ],
          [
            [
              -0.3476089,
              39.5460829
            ],
            [
              -0.3473577,
              39.5465154
            ],
            [
              -0.3471476,
              39.5470141
            ],
            [
              -0.3458934,
              39.5509267
            ],
            [
              -0.3456908,
              39.5516352
            ],
            [
              -0.3433952,
              39.5587561
            ],
            [
              -0.3432505,
              39.5590784
            ],
            [
              -0.3431034,
              39.5593268
            ],
            [
              -0.3429633,
              39.5595284
            ],
            [
              -0.342627,
              39.5599429
            ],
            [
              -0.3423936,
              39.5601659
            ],
            [
              -0.3415207,
              39.5609132
            ]
          ],
          [
            [
              -0.3487791,
              39.5443891
            ],
            [
              -0.3486351,
              39.5446628
            ],
            [
              -0.348004,
              39.5455846
            ],
            [
              -0.3478399,
              39.5458079
            ],
            [
              -0.3476089,
              39.5460829
            ]
          ],
          [
            [
              -0.3528473,
              39.538493
            ],
            [
              -0.3487791,
              39.5443891
            ]
          ],
          [
            [
              -0.3541196,
              39.5366454
            ],
            [
              -0.3528473,
              39.538493
            ]
          ],
          [
            [
              -0.3521692,
              39.528751
            ],
            [
              -0.3543492,
              39.5326913
            ],
            [
              -0.3544683,
              39.5329251
            ],
            [
              -0.3545884,
              39.5332187
            ],
            [
              -0.3547407,
              39.5337326
            ],
            [
              -0.3548025,
              39.5340814
            ],
            [
              -0.3548251,
              39.5344781
            ],
            [
              -0.3547989,
              39.5349553
            ],
            [
              -0.3547407,
              39.5352587
            ],
            [
              -0.3546118,
              39.5357093
            ],
            [
              -0.3545013,
              39.5359856
            ],
            [
              -0.3543322,
              39.536311
            ],
            [
              -0.3541196,
              39.5366454
            ]
          ],
          [
            [
              -0.3512786,
              39.5271511
            ],
            [
              -0.3515103,
              39.5274833
            ],
            [
              -0.3520119,
              39.5283933
            ],
            [
              -0.3521692,
              39.528751
            ]
          ],
          [
            [
              -0.3497877,
              39.5239821
            ],
            [
              -0.349873,
              39.5244567
            ],
            [
              -0.349992,
              39.5247942
            ],
            [
              -0.3501803,
              39.5251741
            ],
            [
              -0.3512786,
              39.5271511
            ]
          ],
          [
            [
              -0.3497802,
              39.5238827
            ],
            [
              -0.3497877,
              39.5239821
            ]
          ],
          [
            [
              -0.3499877,
              39.5225875
            ],
            [
              -0.3498723,
              39.5229155
            ],
            [
              -0.3498163,
              39.5231417
            ],
            [
              -0.3497752,
              39.5235095
            ],
            [
              -0.3497802,
              39.5238827
            ]
          ],
          [
            [
              -0.3500665,
              39.5224093
            ],
            [
              -0.3499877,
              39.5225875
            ]
          ],
          [
            [
              -0.3541414,
              39.513347
            ],
            [
              -0.3541581,
              39.5139488
            ],
            [
              -0.3541447,
              39.51418
            ],
            [
              -0.3540995,
              39.5145249
            ],
            [
              -0.35403,
              39.5148316
            ],
            [
              -0.3538216,
              39.5153605
            ],
            [
              -0.3536927,
              39.5156291
            ],
            [
              -0.3500665,
              39.5224093
            ]
          ],
          [
            [
              -0.3540261,
              39.51126
            ],
            [
              -0.3541414,
              39.513347
            ]
          ],
          [
            [
              -0.3538918,
              39.5088491
            ],
            [
              -0.3540261,
              39.51126
            ]
          ],
          [
            [
              -0.3538818,
              39.5086993
            ],
            [
              -0.3538918,
              39.5088491
            ]
          ],
          [
            [
              -0.3538,
              39.5071652
            ],
            [
              -0.3538818,
              39.5086993
            ]
          ],
          [
            [
              -0.353766,
              39.5065168
            ],
            [
              -0.3538,
              39.5071652
            ]
          ],
          [
            [
              -0.3537324,
              39.5058766
            ],
            [
              -0.353766,
              39.5065168
            ]
          ],
          [
            [
              -0.3536433,
              39.5042364
            ],
            [
              -0.3537324,
              39.5058766
            ]
          ],
          [
            [
              -0.3535718,
              39.5032784
            ],
            [
              -0.3536051,
              39.5035009
            ],
            [
              -0.3536433,
              39.5042364
            ]
          ],
          [
            [
              -0.3525998,
              39.501382
            ],
            [
              -0.352698,
              39.5017251
            ],
            [
              -0.3528089,
              39.5019817
            ],
            [
              -0.353203,
              39.5026358
            ],
            [
              -0.3534578,
              39.5030166
            ],
            [
              -0.3535718,
              39.5032784
            ]
          ],
          [
            [
              -0.3524993,
              39.4991764
            ],
            [
              -0.3523132,
              39.4993606
            ],
            [
              -0.3521962,
              39.4995341
            ],
            [
              -0.3521675,
              39.4996406
            ],
            [
              -0.3521671,
              39.4999031
            ],
            [
              -0.3521971,
              39.5001427
            ],
            [
              -0.3522345,
              39.5002813
            ],
            [
              -0.352352,
              39.5005546
            ],
            [
              -0.3525998,
              39.501382
            ]
          ],
          [
            [
              -0.3572217,
              39.4949527
            ],
            [
              -0.3565189,
              39.4952392
            ],
            [
              -0.3563018,
              39.4953889
            ],
            [
              -0.3553391,
              39.4963613
            ],
            [
              -0.3548669,
              39.4968163
            ],
            [
              -0.3546135,
              39.4970356
            ],
            [
              -0.3524993,
              39.4991764
            ]
          ],
          [
            [
              -0.3629492,
              39.483682
            ],
            [
              -0.3618225,
              39.485848
            ],
            [
              -0.3580417,
              39.4934888
            ],
            [
              -0.3579655,
              39.493684
            ],
            [
              -0.3579142,
              39.4940339
            ],
            [
              -0.3577798,
              39.4944013
            ],
            [
              -0.3576443,
              39.4946139
            ],
            [
              -0.3574762,
              39.4948031
            ],
            [
              -0.3573268,
              39.4949076
            ],
            [
              -0.3572217,
              39.4949527
            ]
          ],
          [
            [
              -0.3626025,
              39.4830272
            ],
            [
              -0.3628083,
              39.4831339
            ],
            [
              -0.3629487,
              39.4832601
            ],
            [
              -0.3629891,
              39.4833265
            ],
            [
              -0.3630194,
              39.4834275
            ],
            [
              -0.3630124,
              39.4835023
            ],
            [
              -0.3629492,
              39.483682
            ]
          ],
          [
            [
              -0.3601463,
              39.4816725
            ],
            [
              -0.3614091,
              39.482601
            ],
            [
              -0.3615125,
              39.482663
            ],
            [
              -0.3618985,
              39.4828159
            ],
            [
              -0.3626025,
              39.4830272
            ]
          ],
          [
            [
              -0.3601457,
              39.4809723
            ],
            [
              -0.3600303,
              39.4810814
            ],
            [
              -0.3599828,
              39.4811798
            ],
            [
              -0.3599611,
              39.4812996
            ],
            [
              -0.3600016,
              39.4814873
            ],
            [
              -0.3601463,
              39.4816725
            ]
          ],
          [
            [
              -0.3653016,
              39.4735551
            ],
            [
              -0.3639771,
              39.4741937
            ],
            [
              -0.3638979,
              39.47425
            ],
            [
              -0.3637592,
              39.4744049
            ],
            [
              -0.3636322,
              39.4746091
            ],
            [
              -0.3607767,
              39.4803777
            ],
            [
              -0.3607021,
              39.4805008
            ],
            [
              -0.3606234,
              39.4805869
            ],
            [
              -0.3601457,
              39.4809723
            ]
          ],
          [
            [
              -0.3677424,
              39.4723033
            ],
            [
              -0.36719,
              39.4725604
            ],
            [
              -0.3670497,
              39.4726388
            ],
            [
              -0.3667784,
              39.4728277
            ],
            [
              -0.3653016,
              39.4735551
            ]
          ],
          [
            [
              -0.3722088,
              39.4689937
            ],
            [
              -0.3712489,
              39.4697045
            ],
            [
              -0.37068,
              39.4701604
            ],
            [
              -0.3689058,
              39.4717832
            ],
            [
              -0.3687558,
              39.4718842
            ],
            [
              -0.3685776,
              39.4719659
            ],
            [
              -0.3677424,
              39.4723033
            ]
          ],
          [
            [
              -0.3755105,
              39.4670745
            ],
            [
              -0.3752255,
              39.467028
            ],
            [
              -0.3750676,
              39.4670327
            ],
            [
              -0.3749273,
              39.4670558
            ],
            [
              -0.3747783,
              39.4671183
            ],
            [
              -0.3731176,
              39.46826
            ],
            [
              -0.3722088,
              39.4689937
            ]
          ],
          [
            [
              -0.3755105,
              39.4670745
            ],
            [
              -0.3757995,
              39.467152
            ],
            [
              -0.3763991,
              39.4673697
            ],
            [
              -0.3788964,
              39.468003
            ],
            [
              -0.3794077,
              39.4681607
            ],
            [
              -0.3799735,
              39.4683113
            ],
            [
              -0.3806744,
              39.4685476
            ],
            [
              -0.3810992,
              39.4687256
            ],
            [
              -0.381548,
              39.4689772
            ],
            [
              -0.3829486,
              39.4700676
            ],
            [
              -0.3832745,
              39.470253
            ],
            [
              -0.3834159,
              39.4703159
            ],
            [
              -0.3839475,
              39.4704354
            ],
            [
              -0.3845582,
              39.4704758
            ]
          ],
          [
            [
              -0.3868344,
              39.4700651
            ],
            [
              -0.3850916,
              39.4704504
            ],
            [
              -0.3848531,
              39.470473
            ],
            [
              -0.3845582,
              39.4704758
            ]
          ],
          [
            [
              -0.3868344,
              39.4700651
            ],
            [
              -0.3873652,
              39.4699009
            ],
            [
              -0.3878392,
              39.4697883
            ],
            [
              -0.3886931,
              39.4696216
            ],
            [
              -0.3889103,
              39.4695929
            ],
            [
              -0.3900343,
              39.4693441
            ],
            [
              -0.3916742,
              39.4690115
            ],
            [
              -0.3955564,
              39.4682855
            ],
            [
              -0.3958288,
              39.4682737
            ],
            [
              -0.3962995,
              39.4683269
            ],
            [
              -0.3988411,
              39.4687988
            ],
            [
              -0.3998884,
              39.4689351
            ],
            [
              -0.4046764,
              39.4698135
            ],
            [
              -0.4049495,
              39.4699109
            ],
            [
              -0.4050708,
              39.469985
            ],
            [
              -0.4054648,
              39.4703219
            ],
            [
              -0.4056366,
              39.4704335
            ],
            [
              -0.4058484,
              39.4705318
            ],
            [
              -0.4060815,
              39.4706022
            ],
            [
              -0.4076018,
              39.4709499
            ],
            [
              -0.4093871,
              39.4713854
            ],
            [
              -0.4123702,
              39.4721241
            ],
            [
              -0.4129231,
              39.472281
            ],
            [
              -0.4230081,
              39.4755852
            ],
            [
              -0.4259534,
              39.4765265
            ]
          ],
          [
            [
              -0.4294988,
              39.4763501
            ],
            [
              -0.4292358,
              39.4763051
            ],
            [
              -0.4289227,
              39.476309
            ],
            [
              -0.4264684,
              39.4765907
            ],
            [
              -0.4262407,
              39.4765855
            ],
            [
              -0.4259534,
              39.4765265
            ]
          ],
          [
            [
              -0.4294988,
              39.4763501
            ],
            [
              -0.4315783,
              39.477049
            ],
            [
              -0.4320522,
              39.4772376
            ],
            [
              -0.4327783,
              39.4774928
            ],
            [
              -0.4336418,
              39.4777824
            ],
            [
              -0.4342711,
              39.4779701
            ],
            [
              -0.4386668,
              39.4795157
            ],
            [
              -0.4396066,
              39.4798808
            ],
            [
              -0.440419,
              39.4802289
            ],
            [
              -0.4417198,
              39.4808266
            ],
            [
              -0.4423307,
              39.4811349
            ],
            [
              -0.4427068,
              39.481394
            ],
            [
              -0.4430581,
              39.4817437
            ],
            [
              -0.4432816,
              39.4818901
            ],
            [
              -0.4485029,
              39.4844004
            ],
            [
              -0.4491026,
              39.4847147
            ],
            [
              -0.4494309,
              39.4849395
            ],
            [
              -0.4495691,
              39.48501
            ],
            [
              -0.451301,
              39.4857058
            ],
            [
              -0.4520167,
              39.486022
            ],
            [
              -0.453941,
              39.4870124
            ],
            [
              -0.4578834,
              39.4889137
            ],
            [
              -0.4584802,
              39.4891582
            ],
            [
              -0.4591046,
              39.4894527
            ],
            [
              -0.4599112,
              39.4898519
            ],
            [
              -0.4609377,
              39.4903874
            ],
            [
              -0.4612839,
              39.4905482
            ],
            [
              -0.4615737,
              39.4906687
            ],
            [
              -0.4660275,
              39.4923028
            ],
            [
              -0.4674764,
              39.4928234
            ],
            [
              -0.4678524,
              39.4929381
            ]
          ],
          [
            [
              -0.4678524,
              39.4929381
            ],
            [
              -0.4707731,
              39.4939782
            ]
          ],
          [
            [
              -0.4735756,
              39.4937991
            ],
            [
              -0.4726067,
              39.4940002
            ],
            [
              -0.4718544,
              39.4941157
            ],
            [
              -0.4716269,
              39.4941257
            ],
            [
              -0.4711512,
              39.4940849
            ],
            [
              -0.4707731,
              39.4939782
            ]
          ],
          [
            [
              -0.4742777,
              39.4932344
            ],
            [
              -0.4742569,
              39.4933077
            ],
            [
              -0.4742026,
              39.4934067
            ],
            [
              -0.4740569,
              39.4935705
            ],
            [
              -0.4738817,
              39.4936886
            ],
            [
              -0.4735756,
              39.4937991
            ]
          ],
          [
            [
              -0.4744067,
              39.4922874
            ],
            [
              -0.4743091,
              39.4930998
            ],
            [
              -0.4742777,
              39.4932344
            ]
          ]
        ]
      }
    },
    {
      "type": "Feature",
      "properties": {
        "full_id": "r5626066",
        "osm_id": "5626066",
        "osm_type": "relation",
        "route": "subway",
        "name:es": "Línea 5: Marítim => Aeropuerto",
        "name:ca": "Línia 5: Marítim => Aeroport",
        "wikipedia": "ca:Línia 5 de Metrovalència",
        "wikidata": "Q3238965",
        "type": "route",
        "to": "Aeroport",
        "ref": "5",
        "public_transport:version": "2",
        "owner:wikidata": "Q750832",
        "operator:wikipedia": "ca:Ferrocarrils de la Generalitat Valenciana",
        "operator:wikidata": "Q750832",
        "operator:short": "FGV",
        "operator": "Ferrocarrils de la Generalitat Valenciana",
        "network:wikipedia": "ca:Metrovalència",
        "network:wikidata": "Q511171",
        "network": "Metrovalencia",
        "name": "Línia 5: Marítim => Aeroport",
        "from": "Marítim",
        "colour": "#009870",
        "layer": "route_subway_Valencia",
        "path": "MultiLineString?crs=EPSG:4326&field=full_id:string(0,0)&field=osm_id:string(0,0)&field=osm_type:string(0,0)&field=route:string(0,0)&field=name%3Aes:string(0,0)&field=name%3Aca:string(0,0)&field=wikipedia:string(0,0)&field=wikidata:string(0,0)&field=type:string(0,0)&field=to:string(0,0)&field=ref:string(0,0)&field=public_transport%3Aversion:string(0,0)&field=owner%3Awikidata:string(0,0)&field=operator%3Awikipedia:string(0,0)&field=operator%3Awikidata:string(0,0)&field=operator%3Ashort:string(0,0)&field=operator:string(0,0)&field=network%3Awikipedia:string(0,0)&field=network%3Awikidata:string(0,0)&field=network:string(0,0)&field=name:string(0,0)&field=from:string(0,0)&field=colour:string(0,0)&uid={d94403d5-81f4-4548-afeb-a6b8a5cb3c5c}"
      },
      "geometry": {
        "type": "MultiLineString",
        "coordinates": [
          [
            [
              -0.338295,
              39.4648634
            ],
            [
              -0.3391923,
              39.4651206
            ],
            [
              -0.3394168,
              39.465129
            ],
            [
              -0.3397019,
              39.4651888
            ]
          ],
          [
            [
              -0.3397019,
              39.4651888
            ],
            [
              -0.3423744,
              39.4659672
            ],
            [
              -0.3426074,
              39.4660653
            ],
            [
              -0.3426577,
              39.4661007
            ],
            [
              -0.3427415,
              39.4662228
            ],
            [
              -0.3427996,
              39.4663885
            ],
            [
              -0.3431909,
              39.4682558
            ],
            [
              -0.3432875,
              39.4684964
            ],
            [
              -0.3433371,
              39.4685752
            ],
            [
              -0.3434033,
              39.4686454
            ],
            [
              -0.3435924,
              39.4687487
            ],
            [
              -0.3438562,
              39.4688016
            ],
            [
              -0.3439574,
              39.4687992
            ],
            [
              -0.3440672,
              39.4687797
            ],
            [
              -0.3444131,
              39.4686721
            ],
            [
              -0.3445872,
              39.4686682
            ],
            [
              -0.344756,
              39.4687012
            ],
            [
              -0.3506684,
              39.4704101
            ],
            [
              -0.3584587,
              39.4726908
            ],
            [
              -0.3633764,
              39.4740992
            ],
            [
              -0.3635478,
              39.4741201
            ],
            [
              -0.3637047,
              39.4741143
            ],
            [
              -0.3638514,
              39.474087
            ],
            [
              -0.364047,
              39.4740212
            ],
            [
              -0.3642869,
              39.4738895
            ],
            [
              -0.3652094,
              39.4734414
            ]
          ],
          [
            [
              -0.3677424,
              39.4723033
            ],
            [
              -0.366816,
              39.4726511
            ],
            [
              -0.3652094,
              39.4734414
            ]
          ],
          [
            [
              -0.3722088,
              39.4689937
            ],
            [
              -0.3712489,
              39.4697045
            ],
            [
              -0.37068,
              39.4701604
            ],
            [
              -0.3689058,
              39.4717832
            ],
            [
              -0.3687558,
              39.4718842
            ],
            [
              -0.3685776,
              39.4719659
            ],
            [
              -0.3677424,
              39.4723033
            ]
          ],
          [
            [
              -0.3755105,
              39.4670745
            ],
            [
              -0.3752255,
              39.467028
            ],
            [
              -0.3750676,
              39.4670327
            ],
            [
              -0.3749273,
              39.4670558
            ],
            [
              -0.3747783,
              39.4671183
            ],
            [
              -0.3731176,
              39.46826
            ],
            [
              -0.3722088,
              39.4689937
            ]
          ],
          [
            [
              -0.3755105,
              39.4670745
            ],
            [
              -0.3757995,
              39.467152
            ],
            [
              -0.3763991,
              39.4673697
            ],
            [
              -0.3788964,
              39.468003
            ],
            [
              -0.3794077,
              39.4681607
            ],
            [
              -0.3799735,
              39.4683113
            ],
            [
              -0.3806744,
              39.4685476
            ],
            [
              -0.3810992,
              39.4687256
            ],
            [
              -0.381548,
              39.4689772
            ],
            [
              -0.3829486,
              39.4700676
            ],
            [
              -0.3832745,
              39.470253
            ],
            [
              -0.3834159,
              39.4703159
            ],
            [
              -0.3839475,
              39.4704354
            ],
            [
              -0.3845582,
              39.4704758
            ]
          ],
          [
            [
              -0.3868344,
              39.4700651
            ],
            [
              -0.3850916,
              39.4704504
            ],
            [
              -0.3848531,
              39.470473
            ],
            [
              -0.3845582,
              39.4704758
            ]
          ],
          [
            [
              -0.3868344,
              39.4700651
            ],
            [
              -0.3873652,
              39.4699009
            ],
            [
              -0.3878392,
              39.4697883
            ],
            [
              -0.3886931,
              39.4696216
            ],
            [
              -0.3889103,
              39.4695929
            ],
            [
              -0.3900343,
              39.4693441
            ],
            [
              -0.3916742,
              39.4690115
            ],
            [
              -0.3955564,
              39.4682855
            ],
            [
              -0.3958288,
              39.4682737
            ],
            [
              -0.3962995,
              39.4683269
            ],
            [
              -0.3988411,
              39.4687988
            ],
            [
              -0.3998884,
              39.4689351
            ],
            [
              -0.4046764,
              39.4698135
            ],
            [
              -0.4049495,
              39.4699109
            ],
            [
              -0.4050708,
              39.469985
            ],
            [
              -0.4054648,
              39.4703219
            ],
            [
              -0.4056366,
              39.4704335
            ],
            [
              -0.4058484,
              39.4705318
            ],
            [
              -0.4060815,
              39.4706022
            ],
            [
              -0.4076018,
              39.4709499
            ],
            [
              -0.4093871,
              39.4713854
            ],
            [
              -0.4123702,
              39.4721241
            ],
            [
              -0.4129231,
              39.472281
            ],
            [
              -0.4230081,
              39.4755852
            ],
            [
              -0.4259534,
              39.4765265
            ]
          ],
          [
            [
              -0.4294988,
              39.4763501
            ],
            [
              -0.4292358,
              39.4763051
            ],
            [
              -0.4289227,
              39.476309
            ],
            [
              -0.4264684,
              39.4765907
            ],
            [
              -0.4262407,
              39.4765855
            ],
            [
              -0.4259534,
              39.4765265
            ]
          ],
          [
            [
              -0.4294988,
              39.4763501
            ],
            [
              -0.4315783,
              39.477049
            ],
            [
              -0.4320522,
              39.4772376
            ],
            [
              -0.4327783,
              39.4774928
            ],
            [
              -0.4336418,
              39.4777824
            ],
            [
              -0.4342711,
              39.4779701
            ],
            [
              -0.4386668,
              39.4795157
            ],
            [
              -0.4396066,
              39.4798808
            ],
            [
              -0.440419,
              39.4802289
            ],
            [
              -0.4417198,
              39.4808266
            ],
            [
              -0.4423307,
              39.4811349
            ],
            [
              -0.4427068,
              39.481394
            ],
            [
              -0.4430581,
              39.4817437
            ],
            [
              -0.4432816,
              39.4818901
            ],
            [
              -0.4485029,
              39.4844004
            ],
            [
              -0.4491026,
              39.4847147
            ],
            [
              -0.4494309,
              39.4849395
            ],
            [
              -0.4495691,
              39.48501
            ],
            [
              -0.451301,
              39.4857058
            ],
            [
              -0.4520167,
              39.486022
            ],
            [
              -0.453941,
              39.4870124
            ],
            [
              -0.4578834,
              39.4889137
            ],
            [
              -0.4584802,
              39.4891582
            ],
            [
              -0.4591046,
              39.4894527
            ],
            [
              -0.4599112,
              39.4898519
            ],
            [
              -0.4609377,
              39.4903874
            ],
            [
              -0.4612839,
              39.4905482
            ],
            [
              -0.4615737,
              39.4906687
            ],
            [
              -0.4660275,
              39.4923028
            ],
            [
              -0.4674764,
              39.4928234
            ],
            [
              -0.4678524,
              39.4929381
            ]
          ],
          [
            [
              -0.4678524,
              39.4929381
            ],
            [
              -0.4707731,
              39.4939782
            ]
          ],
          [
            [
              -0.4735756,
              39.4937991
            ],
            [
              -0.4726067,
              39.4940002
            ],
            [
              -0.4718544,
              39.4941157
            ],
            [
              -0.4716269,
              39.4941257
            ],
            [
              -0.4711512,
              39.4940849
            ],
            [
              -0.4707731,
              39.4939782
            ]
          ],
          [
            [
              -0.4742777,
              39.4932344
            ],
            [
              -0.4742569,
              39.4933077
            ],
            [
              -0.4742026,
              39.4934067
            ],
            [
              -0.4740569,
              39.4935705
            ],
            [
              -0.4738817,
              39.4936886
            ],
            [
              -0.4735756,
              39.4937991
            ]
          ],
          [
            [
              -0.4744067,
              39.4922874
            ],
            [
              -0.4743091,
              39.4930998
            ],
            [
              -0.4742777,
              39.4932344
            ]
          ]
        ]
      }
    },
    {
      "type": "Feature",
      "properties": {
        "full_id": "r5626068",
        "osm_id": "5626068",
        "osm_type": "relation",
        "route": "subway",
        "name:es": null,
        "name:ca": null,
        "wikipedia": "ca:Línia 9 de Metrovalència",
        "wikidata": "Q18613779",
        "type": "route",
        "to": "Riba-roja de Túria",
        "ref": "9",
        "public_transport:version": "2",
        "owner:wikidata": "Q750832",
        "operator:wikipedia": "ca:Ferrocarrils de la Generalitat Valenciana",
        "operator:wikidata": "Q750832",
        "operator:short": "FGV",
        "operator": "Ferrocarrils de la Generalitat Valenciana",
        "network:wikipedia": "ca:Metrovalència",
        "network:wikidata": "Q511171",
        "network": "Metrovalencia",
        "name": "Línia 9: Alboraia Peris Aragó => Riba-roja de Túria",
        "from": "Alboraia Peris Aragó",
        "colour": "#B7814F",
        "layer": "route_subway_Valencia",
        "path": "MultiLineString?crs=EPSG:4326&field=full_id:string(0,0)&field=osm_id:string(0,0)&field=osm_type:string(0,0)&field=route:string(0,0)&field=name%3Aes:string(0,0)&field=name%3Aca:string(0,0)&field=wikipedia:string(0,0)&field=wikidata:string(0,0)&field=type:string(0,0)&field=to:string(0,0)&field=ref:string(0,0)&field=public_transport%3Aversion:string(0,0)&field=owner%3Awikidata:string(0,0)&field=operator%3Awikipedia:string(0,0)&field=operator%3Awikidata:string(0,0)&field=operator%3Ashort:string(0,0)&field=operator:string(0,0)&field=network%3Awikipedia:string(0,0)&field=network%3Awikidata:string(0,0)&field=network:string(0,0)&field=name:string(0,0)&field=from:string(0,0)&field=colour:string(0,0)&uid={d94403d5-81f4-4548-afeb-a6b8a5cb3c5c}"
      },
      "geometry": {
        "type": "MultiLineString",
        "coordinates": [
          [
            [
              -0.3524993,
              39.4991764
            ],
            [
              -0.3523132,
              39.4993606
            ],
            [
              -0.3521962,
              39.4995341
            ],
            [
              -0.3521675,
              39.4996406
            ],
            [
              -0.3521671,
              39.4999031
            ],
            [
              -0.3521971,
              39.5001427
            ],
            [
              -0.3522345,
              39.5002813
            ],
            [
              -0.352352,
              39.5005546
            ],
            [
              -0.3525998,
              39.501382
            ]
          ],
          [
            [
              -0.3572217,
              39.4949527
            ],
            [
              -0.3565189,
              39.4952392
            ],
            [
              -0.3563018,
              39.4953889
            ],
            [
              -0.3553391,
              39.4963613
            ],
            [
              -0.3548669,
              39.4968163
            ],
            [
              -0.3546135,
              39.4970356
            ],
            [
              -0.3524993,
              39.4991764
            ]
          ],
          [
            [
              -0.3629492,
              39.483682
            ],
            [
              -0.3618225,
              39.485848
            ],
            [
              -0.3580417,
              39.4934888
            ],
            [
              -0.3579655,
              39.493684
            ],
            [
              -0.3579142,
              39.4940339
            ],
            [
              -0.3577798,
              39.4944013
            ],
            [
              -0.3576443,
              39.4946139
            ],
            [
              -0.3574762,
              39.4948031
            ],
            [
              -0.3573268,
              39.4949076
            ],
            [
              -0.3572217,
              39.4949527
            ]
          ],
          [
            [
              -0.3626025,
              39.4830272
            ],
            [
              -0.3628083,
              39.4831339
            ],
            [
              -0.3629487,
              39.4832601
            ],
            [
              -0.3629891,
              39.4833265
            ],
            [
              -0.3630194,
              39.4834275
            ],
            [
              -0.3630124,
              39.4835023
            ],
            [
              -0.3629492,
              39.483682
            ]
          ],
          [
            [
              -0.3601463,
              39.4816725
            ],
            [
              -0.3614091,
              39.482601
            ],
            [
              -0.3615125,
              39.482663
            ],
            [
              -0.3618985,
              39.4828159
            ],
            [
              -0.3626025,
              39.4830272
            ]
          ],
          [
            [
              -0.3601457,
              39.4809723
            ],
            [
              -0.3600303,
              39.4810814
            ],
            [
              -0.3599828,
              39.4811798
            ],
            [
              -0.3599611,
              39.4812996
            ],
            [
              -0.3600016,
              39.4814873
            ],
            [
              -0.3601463,
              39.4816725
            ]
          ],
          [
            [
              -0.3653016,
              39.4735551
            ],
            [
              -0.3639771,
              39.4741937
            ],
            [
              -0.3638979,
              39.47425
            ],
            [
              -0.3637592,
              39.4744049
            ],
            [
              -0.3636322,
              39.4746091
            ],
            [
              -0.3607767,
              39.4803777
            ],
            [
              -0.3607021,
              39.4805008
            ],
            [
              -0.3606234,
              39.4805869
            ],
            [
              -0.3601457,
              39.4809723
            ]
          ],
          [
            [
              -0.3677424,
              39.4723033
            ],
            [
              -0.36719,
              39.4725604
            ],
            [
              -0.3670497,
              39.4726388
            ],
            [
              -0.3667784,
              39.4728277
            ],
            [
              -0.3653016,
              39.4735551
            ]
          ],
          [
            [
              -0.3722088,
              39.4689937
            ],
            [
              -0.3712489,
              39.4697045
            ],
            [
              -0.37068,
              39.4701604
            ],
            [
              -0.3689058,
              39.4717832
            ],
            [
              -0.3687558,
              39.4718842
            ],
            [
              -0.3685776,
              39.4719659
            ],
            [
              -0.3677424,
              39.4723033
            ]
          ],
          [
            [
              -0.3755105,
              39.4670745
            ],
            [
              -0.3752255,
              39.467028
            ],
            [
              -0.3750676,
              39.4670327
            ],
            [
              -0.3749273,
              39.4670558
            ],
            [
              -0.3747783,
              39.4671183
            ],
            [
              -0.3731176,
              39.46826
            ],
            [
              -0.3722088,
              39.4689937
            ]
          ],
          [
            [
              -0.3755105,
              39.4670745
            ],
            [
              -0.3757995,
              39.467152
            ],
            [
              -0.3763991,
              39.4673697
            ],
            [
              -0.3788964,
              39.468003
            ],
            [
              -0.3794077,
              39.4681607
            ],
            [
              -0.3799735,
              39.4683113
            ],
            [
              -0.3806744,
              39.4685476
            ],
            [
              -0.3810992,
              39.4687256
            ],
            [
              -0.381548,
              39.4689772
            ],
            [
              -0.3829486,
              39.4700676
            ],
            [
              -0.3832745,
              39.470253
            ],
            [
              -0.3834159,
              39.4703159
            ],
            [
              -0.3839475,
              39.4704354
            ],
            [
              -0.3845582,
              39.4704758
            ]
          ],
          [
            [
              -0.3868344,
              39.4700651
            ],
            [
              -0.3850916,
              39.4704504
            ],
            [
              -0.3848531,
              39.470473
            ],
            [
              -0.3845582,
              39.4704758
            ]
          ],
          [
            [
              -0.3868344,
              39.4700651
            ],
            [
              -0.3873652,
              39.4699009
            ],
            [
              -0.3878392,
              39.4697883
            ],
            [
              -0.3886931,
              39.4696216
            ],
            [
              -0.3889103,
              39.4695929
            ],
            [
              -0.3900343,
              39.4693441
            ],
            [
              -0.3916742,
              39.4690115
            ],
            [
              -0.3955564,
              39.4682855
            ],
            [
              -0.3958288,
              39.4682737
            ],
            [
              -0.3962995,
              39.4683269
            ],
            [
              -0.3988411,
              39.4687988
            ],
            [
              -0.3998884,
              39.4689351
            ],
            [
              -0.4046764,
              39.4698135
            ],
            [
              -0.4049495,
              39.4699109
            ],
            [
              -0.4050708,
              39.469985
            ],
            [
              -0.4054648,
              39.4703219
            ],
            [
              -0.4056366,
              39.4704335
            ],
            [
              -0.4058484,
              39.4705318
            ],
            [
              -0.4060815,
              39.4706022
            ],
            [
              -0.4076018,
              39.4709499
            ],
            [
              -0.4093871,
              39.4713854
            ],
            [
              -0.4123702,
              39.4721241
            ],
            [
              -0.4129231,
              39.472281
            ],
            [
              -0.4230081,
              39.4755852
            ],
            [
              -0.4259534,
              39.4765265
            ]
          ],
          [
            [
              -0.4294988,
              39.4763501
            ],
            [
              -0.4292358,
              39.4763051
            ],
            [
              -0.4289227,
              39.476309
            ],
            [
              -0.4264684,
              39.4765907
            ],
            [
              -0.4262407,
              39.4765855
            ],
            [
              -0.4259534,
              39.4765265
            ]
          ],
          [
            [
              -0.4294988,
              39.4763501
            ],
            [
              -0.4315783,
              39.477049
            ],
            [
              -0.4320522,
              39.4772376
            ],
            [
              -0.4327783,
              39.4774928
            ],
            [
              -0.4336418,
              39.4777824
            ],
            [
              -0.4342711,
              39.4779701
            ],
            [
              -0.4386668,
              39.4795157
            ],
            [
              -0.4396066,
              39.4798808
            ],
            [
              -0.440419,
              39.4802289
            ],
            [
              -0.4417198,
              39.4808266
            ],
            [
              -0.4423307,
              39.4811349
            ],
            [
              -0.4427068,
              39.481394
            ],
            [
              -0.4430581,
              39.4817437
            ],
            [
              -0.4432816,
              39.4818901
            ],
            [
              -0.4485029,
              39.4844004
            ],
            [
              -0.4491026,
              39.4847147
            ],
            [
              -0.4494309,
              39.4849395
            ],
            [
              -0.4495691,
              39.48501
            ],
            [
              -0.451301,
              39.4857058
            ],
            [
              -0.4520167,
              39.486022
            ],
            [
              -0.453941,
              39.4870124
            ],
            [
              -0.4578834,
              39.4889137
            ],
            [
              -0.4584802,
              39.4891582
            ],
            [
              -0.4591046,
              39.4894527
            ],
            [
              -0.4599112,
              39.4898519
            ],
            [
              -0.4609377,
              39.4903874
            ],
            [
              -0.4612839,
              39.4905482
            ],
            [
              -0.4615737,
              39.4906687
            ],
            [
              -0.4660275,
              39.4923028
            ],
            [
              -0.4674764,
              39.4928234
            ],
            [
              -0.4678524,
              39.4929381
            ]
          ],
          [
            [
              -0.4678524,
              39.4929381
            ],
            [
              -0.4707731,
              39.4939782
            ]
          ],
          [
            [
              -0.4707731,
              39.4939782
            ],
            [
              -0.4781362,
              39.4966625
            ]
          ],
          [
            [
              -0.4781362,
              39.4966625
            ],
            [
              -0.4814266,
              39.4978349
            ]
          ],
          [
            [
              -0.4814266,
              39.4978349
            ],
            [
              -0.4850371,
              39.49914
            ],
            [
              -0.4855454,
              39.4992919
            ]
          ],
          [
            [
              -0.4855454,
              39.4992919
            ],
            [
              -0.4928835,
              39.5019638
            ],
            [
              -0.4940477,
              39.5024291
            ],
            [
              -0.4948429,
              39.5027854
            ],
            [
              -0.4956559,
              39.5031791
            ],
            [
              -0.496672,
              39.5037007
            ],
            [
              -0.5014414,
              39.5061721
            ],
            [
              -0.5018765,
              39.5064124
            ],
            [
              -0.502632,
              39.5068522
            ],
            [
              -0.5030038,
              39.5070936
            ],
            [
              -0.5036968,
              39.5075748
            ],
            [
              -0.5043223,
              39.5080483
            ]
          ],
          [
            [
              -0.5043223,
              39.5080483
            ],
            [
              -0.5044642,
              39.5081608
            ]
          ],
          [
            [
              -0.5044642,
              39.5081608
            ],
            [
              -0.5060824,
              39.5094235
            ]
          ],
          [
            [
              -0.5060824,
              39.5094235
            ],
            [
              -0.5065973,
              39.5098297
            ]
          ],
          [
            [
              -0.5065973,
              39.5098297
            ],
            [
              -0.5126898,
              39.5145981
            ],
            [
              -0.5151006,
              39.5165268
            ]
          ],
          [
            [
              -0.5151006,
              39.5165268
            ],
            [
              -0.516715,
              39.5178189
            ]
          ],
          [
            [
              -0.516715,
              39.5178189
            ],
            [
              -0.5174503,
              39.5183779
            ],
            [
              -0.5178258,
              39.5186216
            ],
            [
              -0.5183405,
              39.5189181
            ],
            [
              -0.518853,
              39.5191652
            ],
            [
              -0.5192485,
              39.5193356
            ],
            [
              -0.5217911,
              39.5203734
            ],
            [
              -0.5235274,
              39.5211045
            ],
            [
              -0.5239316,
              39.5212902
            ],
            [
              -0.5246893,
              39.5216855
            ],
            [
              -0.5252703,
              39.5220297
            ],
            [
              -0.52569,
              39.5223075
            ],
            [
              -0.5262334,
              39.5227045
            ],
            [
              -0.5268233,
              39.5231885
            ],
            [
              -0.527254,
              39.523577
            ],
            [
              -0.5281862,
              39.524509
            ],
            [
              -0.5359507,
              39.5321015
            ],
            [
              -0.5379264,
              39.5340567
            ],
            [
              -0.5384738,
              39.5345455
            ],
            [
              -0.5389107,
              39.5348695
            ],
            [
              -0.5394076,
              39.5352009
            ],
            [
              -0.5398302,
              39.5354268
            ]
          ],
          [
            [
              -0.5398302,
              39.5354268
            ],
            [
              -0.5409056,
              39.5359082
            ]
          ],
          [
            [
              -0.5409056,
              39.5359082
            ],
            [
              -0.5415445,
              39.5361768
            ],
            [
              -0.5424776,
              39.5365342
            ]
          ],
          [
            [
              -0.5424776,
              39.5365342
            ],
            [
              -0.5426461,
              39.5366006
            ]
          ],
          [
            [
              -0.5426461,
              39.5366006
            ],
            [
              -0.5455572,
              39.5377571
            ]
          ],
          [
            [
              -0.5455572,
              39.5377571
            ],
            [
              -0.5476334,
              39.5385855
            ]
          ],
          [
            [
              -0.5476334,
              39.5385855
            ],
            [
              -0.5588985,
              39.5430729
            ],
            [
              -0.5594314,
              39.5432765
            ],
            [
              -0.5602908,
              39.5435579
            ]
          ]
        ]
      }
    },
    {
      "type": "Feature",
      "properties": {
        "full_id": "r5622078",
        "osm_id": "5622078",
        "osm_type": "relation",
        "route": "tram",
        "name:es": null,
        "name:ca": null,
        "wikipedia": "ca:Línia 8 de Metrovalència",
        "wikidata": "Q18638820",
        "type": "route",
        "to": "Neptú",
        "ref": "8",
        "public_transport:version": "2",
        "owner:wikidata": "Q750832",
        "operator:wikipedia": "ca:Ferrocarrils de la Generalitat Valenciana",
        "operator:wikidata": "Q750832",
        "operator:short": "FGV",
        "operator": "Ferrocarrils de la Generalitat Valenciana",
        "network:wikipedia": "ca:Metrovalència",
        "network:wikidata": "Q511171",
        "network": "Metrovalencia",
        "name": "Línia 8: Marítim => Neptú",
        "from": "Marítim",
        "colour": "#82cee6",
        "layer": "route_tram_Valencia",
        "path": "MultiLineString?crs=EPSG:4326&field=full_id:string(0,0)&field=osm_id:string(0,0)&field=osm_type:string(0,0)&field=route:string(0,0)&field=name%3Aes:string(0,0)&field=name%3Aca:string(0,0)&field=wikipedia:string(0,0)&field=wikidata:string(0,0)&field=type:string(0,0)&field=to:string(0,0)&field=ref:string(0,0)&field=public_transport%3Aversion:string(0,0)&field=owner%3Awikidata:string(0,0)&field=operator%3Awikipedia:string(0,0)&field=operator%3Awikidata:string(0,0)&field=operator%3Ashort:string(0,0)&field=operator:string(0,0)&field=network%3Awikipedia:string(0,0)&field=network%3Awikidata:string(0,0)&field=network:string(0,0)&field=name:string(0,0)&field=from:string(0,0)&field=colour:string(0,0)&uid={7f6796d3-a05c-4c82-b318-46a72aaa79da}"
      },
      "geometry": {
        "type": "MultiLineString",
        "coordinates": [
          [
            [
              -0.3379569,
              39.4646713
            ],
            [
              -0.3390399,
              39.4649891
            ]
          ],
          [
            [
              -0.337736,
              39.4645644
            ],
            [
              -0.3379569,
              39.4646713
            ]
          ],
          [
            [
              -0.3372199,
              39.464414
            ],
            [
              -0.337736,
              39.4645644
            ]
          ],
          [
            [
              -0.3366823,
              39.4642582
            ],
            [
              -0.3372199,
              39.464414
            ]
          ],
          [
            [
              -0.3286412,
              39.463456
            ],
            [
              -0.3292204,
              39.4634841
            ],
            [
              -0.3293508,
              39.4634688
            ],
            [
              -0.3294988,
              39.4634074
            ],
            [
              -0.3302806,
              39.4629477
            ],
            [
              -0.3304012,
              39.4628967
            ],
            [
              -0.3305327,
              39.462887
            ],
            [
              -0.3318216,
              39.4629505
            ],
            [
              -0.3324314,
              39.463027
            ],
            [
              -0.333189,
              39.4631555
            ],
            [
              -0.3349426,
              39.4633762
            ],
            [
              -0.3353893,
              39.4634826
            ],
            [
              -0.3362224,
              39.4635939
            ],
            [
              -0.3363557,
              39.4636569
            ],
            [
              -0.3364278,
              39.4637388
            ],
            [
              -0.3364584,
              39.4638446
            ],
            [
              -0.3364328,
              39.4640232
            ],
            [
              -0.3364623,
              39.4641206
            ],
            [
              -0.3365655,
              39.4642117
            ],
            [
              -0.3366823,
              39.4642582
            ]
          ],
          [
            [
              -0.3282551,
              39.4633501
            ],
            [
              -0.328478,
              39.4634265
            ],
            [
              -0.3286412,
              39.463456
            ]
          ],
          [
            [
              -0.3269196,
              39.4632378
            ],
            [
              -0.3278751,
              39.4631665
            ],
            [
              -0.3279703,
              39.4631941
            ],
            [
              -0.3282551,
              39.4633501
            ]
          ],
          [
            [
              -0.3253671,
              39.4632303
            ],
            [
              -0.3269196,
              39.4632378
            ]
          ]
        ]
      }
    },
    {
      "type": "Feature",
      "properties": {
        "full_id": "r14166106",
        "osm_id": "14166106",
        "osm_type": "relation",
        "route": "tram",
        "name:es": null,
        "name:ca": null,
        "wikipedia": "ca:Línia 10 de Metrovalència",
        "wikidata": "Q18638829",
        "type": "route",
        "to": "Natzaret",
        "ref": "10",
        "public_transport:version": "2",
        "owner:wikidata": "Q750832",
        "operator:wikipedia": "ca:Ferrocarrils de la Generalitat Valenciana",
        "operator:wikidata": "Q750832",
        "operator:short": "FGV",
        "operator": "Ferrocarrils de la Generalitat Valenciana",
        "network:wikipedia": "ca:Metrovalència",
        "network:wikidata": "Q511171",
        "network": "Metrovalencia",
        "name": "Línia 10: Alacant => Natzaret",
        "from": "Alacant",
        "colour": "#b3cb6d",
        "layer": "route_tram_Valencia",
        "path": "MultiLineString?crs=EPSG:4326&field=full_id:string(0,0)&field=osm_id:string(0,0)&field=osm_type:string(0,0)&field=route:string(0,0)&field=name%3Aes:string(0,0)&field=name%3Aca:string(0,0)&field=wikipedia:string(0,0)&field=wikidata:string(0,0)&field=type:string(0,0)&field=to:string(0,0)&field=ref:string(0,0)&field=public_transport%3Aversion:string(0,0)&field=owner%3Awikidata:string(0,0)&field=operator%3Awikipedia:string(0,0)&field=operator%3Awikidata:string(0,0)&field=operator%3Ashort:string(0,0)&field=operator:string(0,0)&field=network%3Awikipedia:string(0,0)&field=network%3Awikidata:string(0,0)&field=network:string(0,0)&field=name:string(0,0)&field=from:string(0,0)&field=colour:string(0,0)&uid={7f6796d3-a05c-4c82-b318-46a72aaa79da}"
      },
      "geometry": {
        "type": "MultiLineString",
        "coordinates": [
          [
            [
              -0.3777355,
              39.463107
            ],
            [
              -0.3778547,
              39.4630772
            ],
            [
              -0.3779549,
              39.4630944
            ],
            [
              -0.3780173,
              39.4631604
            ],
            [
              -0.3780319,
              39.4632633
            ],
            [
              -0.3774505,
              39.4648977
            ]
          ],
          [
            [
              -0.3626306,
              39.4556977
            ],
            [
              -0.3660543,
              39.460538
            ],
            [
              -0.3681892,
              39.4636043
            ],
            [
              -0.3682886,
              39.4637203
            ],
            [
              -0.3683924,
              39.4637962
            ],
            [
              -0.3686577,
              39.4638805
            ],
            [
              -0.3728448,
              39.4648272
            ],
            [
              -0.3730776,
              39.4648636
            ],
            [
              -0.3733774,
              39.4648789
            ],
            [
              -0.3736324,
              39.4648465
            ],
            [
              -0.3738774,
              39.4647594
            ],
            [
              -0.3777355,
              39.463107
            ]
          ],
          [
            [
              -0.3600178,
              39.4520669
            ],
            [
              -0.3612576,
              39.4538087
            ],
            [
              -0.3618417,
              39.4545743
            ],
            [
              -0.3626306,
              39.4556977
            ]
          ],
          [
            [
              -0.358853,
              39.4505903
            ],
            [
              -0.35896,
              39.4506533
            ],
            [
              -0.3591177,
              39.450807
            ],
            [
              -0.3600178,
              39.4520669
            ]
          ],
          [
            [
              -0.358853,
              39.4505903
            ],
            [
              -0.358701,
              39.4505452
            ],
            [
              -0.3584905,
              39.4505288
            ],
            [
              -0.358343,
              39.4505483
            ],
            [
              -0.3581411,
              39.4506142
            ]
          ],
          [
            [
              -0.3581411,
              39.4506142
            ],
            [
              -0.3548853,
              39.4520003
            ]
          ],
          [
            [
              -0.3444621,
              39.4513438
            ],
            [
              -0.3466115,
              39.4517502
            ],
            [
              -0.3475234,
              39.4519569
            ],
            [
              -0.3484853,
              39.4522261
            ],
            [
              -0.351394,
              39.4531577
            ],
            [
              -0.3516469,
              39.4532024
            ],
            [
              -0.3519985,
              39.4531853
            ],
            [
              -0.3522771,
              39.4531119
            ],
            [
              -0.3548853,
              39.4520003
            ]
          ],
          [
            [
              -0.3425199,
              39.4509691
            ],
            [
              -0.3444621,
              39.4513438
            ]
          ],
          [
            [
              -0.3409238,
              39.4505187
            ],
            [
              -0.3425199,
              39.4509691
            ]
          ],
          [
            [
              -0.3390374,
              39.450092
            ],
            [
              -0.3403104,
              39.4503661
            ],
            [
              -0.3409238,
              39.4505187
            ]
          ],
          [
            [
              -0.3357372,
              39.4496484
            ],
            [
              -0.3358451,
              39.4495314
            ],
            [
              -0.3359795,
              39.4494674
            ],
            [
              -0.336101,
              39.4494556
            ],
            [
              -0.3390374,
              39.450092
            ]
          ],
          [
            [
              -0.3357372,
              39.4496484
            ],
            [
              -0.3355994,
              39.449814
            ]
          ],
          [
            [
              -0.3355994,
              39.449814
            ],
            [
              -0.3354764,
              39.449919
            ],
            [
              -0.3353506,
              39.4499605
            ],
            [
              -0.3352442,
              39.4499588
            ],
            [
              -0.3347839,
              39.4498751
            ]
          ]
        ]
      }
    },
    {
      "type": "Feature",
      "properties": {
        "full_id": "r5622078",
        "osm_id": "5622078",
        "osm_type": "relation",
        "route": "tram",
        "name:es": null,
        "name:ca": null,
        "wikipedia": "ca:Línia 8 de Metrovalència",
        "wikidata": "Q18638820",
        "type": "route",
        "to": "Neptú",
        "ref": "8",
        "public_transport:version": "2",
        "owner:wikidata": "Q750832",
        "operator:wikipedia": "ca:Ferrocarrils de la Generalitat Valenciana",
        "operator:wikidata": "Q750832",
        "operator:short": "FGV",
        "operator": "Ferrocarrils de la Generalitat Valenciana",
        "network:wikipedia": "ca:Metrovalència",
        "network:wikidata": "Q511171",
        "network": "Metrovalencia",
        "name": "Línia 8: Marítim => Neptú",
        "from": "Marítim",
        "colour": "#82cee6",
        "layer": null,
        "path": null
      },
      "geometry": {
        "type": "MultiLineString",
        "coordinates": [
          [
            [
              -0.3379569,
              39.4646713
            ],
            [
              -0.3390399,
              39.4649891
            ]
          ],
          [
            [
              -0.337736,
              39.4645644
            ],
            [
              -0.3379569,
              39.4646713
            ]
          ],
          [
            [
              -0.3372199,
              39.464414
            ],
            [
              -0.337736,
              39.4645644
            ]
          ],
          [
            [
              -0.3366823,
              39.4642582
            ],
            [
              -0.3372199,
              39.464414
            ]
          ],
          [
            [
              -0.3286412,
              39.463456
            ],
            [
              -0.3292204,
              39.4634841
            ],
            [
              -0.3293508,
              39.4634688
            ],
            [
              -0.3294988,
              39.4634074
            ],
            [
              -0.3302806,
              39.4629477
            ],
            [
              -0.3304012,
              39.4628967
            ],
            [
              -0.3305327,
              39.462887
            ],
            [
              -0.3318216,
              39.4629505
            ],
            [
              -0.3324314,
              39.463027
            ],
            [
              -0.333189,
              39.4631555
            ],
            [
              -0.3349426,
              39.4633762
            ],
            [
              -0.3353893,
              39.4634826
            ],
            [
              -0.3362224,
              39.4635939
            ],
            [
              -0.3363557,
              39.4636569
            ],
            [
              -0.3364278,
              39.4637388
            ],
            [
              -0.3364584,
              39.4638446
            ],
            [
              -0.3364328,
              39.4640232
            ],
            [
              -0.3364623,
              39.4641206
            ],
            [
              -0.3365655,
              39.4642117
            ],
            [
              -0.3366823,
              39.4642582
            ]
          ],
          [
            [
              -0.3282551,
              39.4633501
            ],
            [
              -0.328478,
              39.4634265
            ],
            [
              -0.3286412,
              39.463456
            ]
          ],
          [
            [
              -0.3269196,
              39.4632378
            ],
            [
              -0.3278751,
              39.4631665
            ],
            [
              -0.3279703,
              39.4631941
            ],
            [
              -0.3282551,
              39.4633501
            ]
          ],
          [
            [
              -0.3253671,
              39.4632303
            ],
            [
              -0.3269196,
              39.4632378
            ]
          ]
        ]
      }
    }
  ]
}