{"type":"FeatureCollection","features":[{"type":"Feature","properties":{"shape_id":"40_C1","ref":"C1","name":"Valencia Nord - Platja i Grau de Gandia","route":"train","colour":"#7AB3DE"},"geometry":{"type":"LineString","coordinates":[[-0.1800134,38.970314],[-0.1801855,38.9705087],[-0.180411,38.9708167],[-0.1805387,38.9710312],[-0.1806946,38.9713645],[-0.1807742,38.9715927],[-0.180834,38.9718247],[-0.1808735,38.9720592],[-0.1808945,38.9724135],[-0.180883,38.9726499],[-0.1807499,38.9738574],[-0.1803845,38.9766091],[-0.180099,38.9789108],[-0.1800726,38.9793027],[-0.1800705,38.9796629],[-0.1800983,38.9801093],[-0.1801518,38.9805576],[-0.1820011,38.9905367],[-0.1821571,38.9912743],[-0.1823311,38.9919077],[-0.1830714,38.9940148],[-0.183402,38.9948984],[-0.1835376,38.9951943],[-0.1836932,38.9954839],[-0.1839516,38.9958743],[-0.1842783,38.9962626],[-0.1846928,38.9966564],[-0.1850868,38.996962],[-0.1855092,38.9972295],[-0.1860013,38.9974809],[-0.1867638,38.9978183],[-0.1887584,38.998644],[-0.189368,38.998914],[-0.1898987,38.9991863],[-0.1902703,38.9994034],[-0.1905762,38.9995959],[-0.1911966,39.0000295],[-0.1981557,39.005162],[-0.1985514,39.0054834],[-0.1988125,39.0057239],[-0.1990597,39.0059733],[-0.1993665,39.0063187],[-0.1998203,39.0069367],[-0.2004698,39.0079692],[-0.2007858,39.0084233],[-0.201233,39.0089668],[-0.2017273,39.009465],[-0.2021219,39.0098036],[-0.2025148,39.0101078],[-0.2044886,39.011453],[-0.2053405,39.0120973],[-0.2091974,39.0155448],[-0.2096442,39.0159796],[-0.2101372,39.0165609],[-0.2105004,39.0171078],[-0.2108083,39.0176802],[-0.214167,39.0245469],[-0.2159772,39.0283869],[-0.2211952,39.0392704],[-0.2233149,39.0437398],[-0.2282019,39.0539224],[-0.2285757,39.0545773],[-0.2289682,39.0551352],[-0.2313155,39.057991],[-0.231653,39.0584265],[-0.2319403,39.058858],[-0.2321627,39.059315],[-0.2322639,39.0595975],[-0.2323861,39.0600165],[-0.232596,39.0608409],[-0.2326523,39.0611869],[-0.2326736,39.0615351],[-0.2326488,39.0619578],[-0.2325606,39.0623941],[-0.2324231,39.0627954],[-0.2321851,39.0632606],[-0.2320298,39.0634887],[-0.231777,39.0637989],[-0.2315552,39.0640368],[-0.2312645,39.0643105],[-0.2251618,39.0695266],[-0.2246195,39.0700345],[-0.2243051,39.0703855],[-0.2241542,39.0705876],[-0.2238736,39.0710595],[-0.2237585,39.0713064],[-0.2236768,39.0715287],[-0.2235626,39.0719774],[-0.2235289,39.0721972],[-0.2235132,39.0724424],[-0.2235204,39.0728493],[-0.2235474,39.0730627],[-0.2236346,39.0734599],[-0.2237726,39.0738748],[-0.2240617,39.0745354],[-0.2250961,39.0767773],[-0.2256076,39.0778214],[-0.2269635,39.0807798],[-0.2272349,39.081426],[-0.2290526,39.0853558],[-0.2294377,39.0861712],[-0.2298285,39.086937],[-0.2306699,39.0884826],[-0.2312998,39.0895293],[-0.2319108,39.0904966],[-0.2452214,39.1111803],[-0.2461841,39.1127429],[-0.2467921,39.1138334],[-0.2473308,39.114873],[-0.2481774,39.1166698],[-0.2489105,39.1184325],[-0.2517286,39.1254529],[-0.2520477,39.126191],[-0.2525552,39.1272739],[-0.2533124,39.1287645],[-0.257463,39.1364709],[-0.2678026,39.156867],[-0.2680927,39.1574675],[-0.2683663,39.1581321],[-0.2685642,39.1586985],[-0.268672,39.1590572],[-0.2688809,39.1599223],[-0.2690073,39.1607463],[-0.2690518,39.1611833],[-0.2690718,39.1616291],[-0.2690644,39.1624546],[-0.2689826,39.1633339],[-0.2689068,39.1638239],[-0.2688294,39.1642055],[-0.2687154,39.1646766],[-0.2685782,39.165156],[-0.2683343,39.1658424],[-0.2680745,39.1664591],[-0.2676508,39.1672879],[-0.2674415,39.1676522],[-0.2669897,39.1683691],[-0.2637012,39.173326],[-0.2633999,39.17385],[-0.2632477,39.1741945],[-0.263157,39.174482],[-0.2630871,39.1748639],[-0.263074,39.1753324],[-0.2632292,39.1766407],[-0.2639295,39.1804927],[-0.2641202,39.1811904],[-0.2646236,39.1825651],[-0.264835,39.1830458],[-0.2650219,39.1833715],[-0.2653747,39.1838412],[-0.2658051,39.1842721],[-0.2662857,39.1846406],[-0.2668621,39.1849808],[-0.2867267,39.1950471],[-0.2901231,39.1967382],[-0.2931914,39.1983194],[-0.3093574,39.206489],[-0.3104295,39.2070465],[-0.3108647,39.2073025],[-0.3114034,39.2076554],[-0.3118345,39.2079667],[-0.3168219,39.2117146],[-0.3181385,39.2126801],[-0.3208228,39.2147356],[-0.3322307,39.2233127],[-0.3327405,39.223708],[-0.3334916,39.2243494],[-0.3339921,39.2248255],[-0.3344142,39.2252698],[-0.3352183,39.2261928],[-0.3461077,39.2396642],[-0.3518031,39.2466684],[-0.3570683,39.2531824],[-0.3616792,39.2588338],[-0.3680387,39.2666783],[-0.3701911,39.2692934],[-0.3714777,39.2709055],[-0.3724199,39.2720524],[-0.3736988,39.2735638],[-0.3748281,39.2750233],[-0.3757455,39.2761375],[-0.3760148,39.2764348],[-0.3775029,39.277878],[-0.377773,39.2781329],[-0.3786345,39.2788699],[-0.3795619,39.2797878],[-0.3812075,39.2813766],[-0.3825639,39.2827281],[-0.3872255,39.2872246],[-0.3879057,39.2879625],[-0.3884509,39.2887085],[-0.3887173,39.2891544],[-0.388882,39.2894716],[-0.3891086,39.2899718],[-0.3911361,39.2951863],[-0.3933735,39.3010039],[-0.3941256,39.3028874],[-0.3953586,39.3061697],[-0.4005822,39.3197221],[-0.4007804,39.3202729],[-0.4011727,39.3212506],[-0.4026822,39.3252148],[-0.4040643,39.3287629],[-0.404673,39.3303659],[-0.4063521,39.3346666],[-0.4082019,39.3395371],[-0.4088971,39.3414966],[-0.4090568,39.3418646],[-0.4093349,39.3423632],[-0.4095151,39.3426209],[-0.4097154,39.3428694],[-0.409898,39.3430664],[-0.4101956,39.3433474],[-0.4106346,39.3436927],[-0.4111708,39.3440333],[-0.411541,39.344234],[-0.4144873,39.3457089],[-0.4149406,39.3459598],[-0.4153541,39.3462247],[-0.4157175,39.3464857],[-0.4160826,39.3467982],[-0.4164286,39.3471394],[-0.4167338,39.3474961],[-0.4169674,39.3478289],[-0.4171773,39.348178],[-0.4173227,39.3484598],[-0.4174744,39.3488232],[-0.4175729,39.3491133],[-0.4176525,39.3494111],[-0.4178062,39.3501128],[-0.4181007,39.3516527],[-0.4181565,39.3520799],[-0.4181836,39.3524729],[-0.4181585,39.3533419],[-0.4180352,39.3542191],[-0.4179989,39.3543889],[-0.3949217,39.4098534],[-0.3944751,39.4109522],[-0.3942692,39.4115102],[-0.3939471,39.4125112],[-0.3936339,39.413716],[-0.39351,39.4142908],[-0.3933307,39.4153508],[-0.3932427,39.4160672],[-0.3931706,39.4169389],[-0.3931382,39.417607],[-0.3931123,39.4192792],[-0.3930861,39.4198803],[-0.3930439,39.4203633],[-0.3929078,39.4216506],[-0.3928174,39.4221778],[-0.3926787,39.422735],[-0.3924249,39.4234507],[-0.3920335,39.4243732],[-0.390032,39.4288472],[-0.3896277,39.4297961],[-0.3886311,39.4320418],[-0.388332,39.4327604],[-0.3880031,39.4337216],[-0.3856849,39.4410178],[-0.3854215,39.4415149],[-0.3852741,39.4417582],[-0.3840783,39.4435046],[-0.38393,39.4437679],[-0.3837512,39.4441758],[-0.3836619,39.4444547],[-0.3835738,39.4448801],[-0.3835461,39.4451666],[-0.3835322,39.4456408],[-0.3834539,39.4461983],[-0.3831502,39.4473463],[-0.3821909,39.4514612],[-0.3819367,39.4523489],[-0.3810381,39.4549192],[-0.380907,39.455432],[-0.3806342,39.456739],[-0.3804806,39.4572709],[-0.3790903,39.4612669],[-0.378756,39.4627153],[-0.3784321,39.4636456],[-0.3784206,39.4637603],[-0.3783296,39.4640362],[-0.3775364,39.4663394]]}},{"type":"Feature","properties":{"shape_id":"40_C1_INV","ref":"C1","name":"Platja i Grau de Gandia - Valencia Nord","route":"train","colour":"#7AB3DE"},"geometry":{"type":"LineString","coordinates":[[-0.3775364,39.4663394],[-0.3783296,39.4640362],[-0.3784206,39.4637603],[-0.3784321,39.4636456],[-0.378756,39.4627153],[-0.3790903,39.4612669],[-0.3804806,39.4572709],[-0.3806342,39.456739],[-0.380907,39.455432],[-0.3810381,39.4549192],[-0.3819367,39.4523489],[-0.3821909,39.4514612],[-0.3831502,39.4473463],[-0.3834539,39.4461983],[-0.3835322,39.4456408],[-0.3835461,39.4451666],[-0.3835738,39.4448801],[-0.3836619,39.4444547],[-0.3837512,39.4441758],[-0.38393,39.4437679],[-0.3840783,39.4435046],[-0.3852741,39.4417582],[-0.3854215,39.4415149],[-0.3856849,39.4410178],[-0.3880031,39.4337216],[-0.388332,39.4327604],[-0.3886311,39.4320418],[-0.3896277,39.4297961],[-0.390032,39.4288472],[-0.3920335,39.4243732],[-0.3924249,39.4234507],[-0.3926787,39.422735],[-0.3928174,39.4221778],[-0.3929078,39.4216506],[-0.3930439,39.4203633],[-0.3930861,39.4198803],[-0.3931123,39.4192792],[-0.3931382,39.417607],[-0.3931706,39.4169389],[-0.3932427,39.4160672],[-0.3933307,39.4153508],[-0.39351,39.4142908],[-0.3936339,39.413716],[-0.3939471,39.4125112],[-0.3942692,39.4115102],[-0.3944751,39.4109522],[-0.3949217,39.4098534],[-0.4179989,39.3543889],[-0.4180352,39.3542191],[-0.4181585,39.3533419],[-0.4181836,39.3524729],[-0.4181565,39.3520799],[-0.4181007,39.3516527],[-0.4178062,39.3501128],[-0.4176525,39.3494111],[-0.4175729,39.3491133],[-0.4174744,39.3488232],[-0.4173227,39.3484598],[-0.4171773,39.348178],[-0.4169674,39.3478289],[-0.4167338,39.3474961],[-0.4164286,39.3471394],[-0.4160826,39.3467982],[-0.4157175,39.3464857],[-0.4153541,39.3462247],[-0.4149406,39.3459598],[-0.4144873,39.3457089],[-0.411541,39.344234],[-0.4111708,39.3440333],[-0.4106346,39.3436927],[-0.4101956,39.3433474],[-0.409898,39.3430664],[-0.4097154,39.3428694],[-0.4095151,39.3426209],[-0.4093349,39.3423632],[-0.4090568,39.3418646],[-0.4088971,39.3414966],[-0.4082019,39.3395371],[-0.4063521,39.3346666],[-0.404673,39.3303659],[-0.4040643,39.3287629],[-0.4026822,39.3252148],[-0.4011727,39.3212506],[-0.4007804,39.3202729],[-0.4005822,39.3197221],[-0.3953586,39.3061697],[-0.3941256,39.3028874],[-0.3933735,39.3010039],[-0.3911361,39.2951863],[-0.3891086,39.2899718],[-0.388882,39.2894716],[-0.3887173,39.2891544],[-0.3884509,39.2887085],[-0.3879057,39.2879625],[-0.3872255,39.2872246],[-0.3825639,39.2827281],[-0.3812075,39.2813766],[-0.3795619,39.2797878],[-0.3786345,39.2788699],[-0.377773,39.2781329],[-0.3775029,39.277878],[-0.3760148,39.2764348],[-0.3757455,39.2761375],[-0.3748281,39.2750233],[-0.3736988,39.2735638],[-0.3724199,39.2720524],[-0.3714777,39.2709055],[-0.3701911,39.2692934],[-0.3680387,39.2666783],[-0.3616792,39.2588338],[-0.3570683,39.2531824],[-0.3518031,39.2466684],[-0.3461077,39.2396642],[-0.3352183,39.2261928],[-0.3344142,39.2252698],[-0.3339921,39.2248255],[-0.3334916,39.2243494],[-0.3327405,39.223708],[-0.3322307,39.2233127],[-0.3208228,39.2147356],[-0.3181385,39.2126801],[-0.3168219,39.2117146],[-0.3118345,39.2079667],[-0.3114034,39.2076554],[-0.3108647,39.2073025],[-0.3104295,39.2070465],[-0.3093574,39.206489],[-0.2931914,39.1983194],[-0.2901231,39.1967382],[-0.2867267,39.1950471],[-0.2668621,39.1849808],[-0.2662857,39.1846406],[-0.2658051,39.1842721],[-0.2653747,39.1838412],[-0.2650219,39.1833715],[-0.264835,39.1830458],[-0.2646236,39.1825651],[-0.2641202,39.1811904],[-0.2639295,39.1804927],[-0.2632292,39.1766407],[-0.263074,39.1753324],[-0.2630871,39.1748639],[-0.263157,39.174482],[-0.2632477,39.1741945],[-0.2633999,39.17385],[-0.2637012,39.173326],[-0.2669897,39.1683691],[-0.2674415,39.1676522],[-0.2676508,39.1672879],[-0.2680745,39.1664591],[-0.2683343,39.1658424],[-0.2685782,39.165156],[-0.2687154,39.1646766],[-0.2688294,39.1642055],[-0.2689068,39.1638239],[-0.2689826,39.1633339],[-0.2690644,39.1624546],[-0.2690718,39.1616291],[-0.2690518,39.1611833],[-0.2690073,39.1607463],[-0.2688809,39.1599223],[-0.268672,39.1590572],[-0.2685642,39.1586985],[-0.2683663,39.1581321],[-0.2680927,39.1574675],[-0.2678026,39.156867],[-0.257463,39.1364709],[-0.2533124,39.1287645],[-0.2525552,39.1272739],[-0.2520477,39.126191],[-0.2517286,39.1254529],[-0.2489105,39.1184325],[-0.2481774,39.1166698],[-0.2473308,39.114873],[-0.2467921,39.1138334],[-0.2461841,39.1127429],[-0.2452214,39.1111803],[-0.2319108,39.0904966],[-0.2312998,39.0895293],[-0.2306699,39.0884826],[-0.2298285,39.086937],[-0.2294377,39.0861712],[-0.2290526,39.0853558],[-0.2272349,39.081426],[-0.2269635,39.0807798],[-0.2256076,39.0778214],[-0.2250961,39.0767773],[-0.2240617,39.0745354],[-0.2237726,39.0738748],[-0.2236346,39.0734599],[-0.2235474,39.0730627],[-0.2235204,39.0728493],[-0.2235132,39.0724424],[-0.2235289,39.0721972],[-0.2235626,39.0719774],[-0.2236768,39.0715287],[-0.2237585,39.0713064],[-0.2238736,39.0710595],[-0.2241542,39.0705876],[-0.2243051,39.0703855],[-0.2246195,39.0700345],[-0.2251618,39.0695266],[-0.2312645,39.0643105],[-0.2315552,39.0640368],[-0.231777,39.0637989],[-0.2320298,39.0634887],[-0.2321851,39.0632606],[-0.2324231,39.0627954],[-0.2325606,39.0623941],[-0.2326488,39.0619578],[-0.2326736,39.0615351],[-0.2326523,39.0611869],[-0.232596,39.0608409],[-0.2323861,39.0600165],[-0.2322639,39.0595975],[-0.2321627,39.059315],[-0.2319403,39.058858],[-0.231653,39.0584265],[-0.2313155,39.057991],[-0.2289682,39.0551352],[-0.2285757,39.0545773],[-0.2282019,39.0539224],[-0.2233149,39.0437398],[-0.2211952,39.0392704],[-0.2159772,39.0283869],[-0.214167,39.0245469],[-0.2108083,39.0176802],[-0.2105004,39.0171078],[-0.2101372,39.0165609],[-0.2096442,39.0159796],[-0.2091974,39.0155448],[-0.2053405,39.0120973],[-0.2044886,39.011453],[-0.2025148,39.0101078],[-0.2021219,39.0098036],[-0.2017273,39.009465],[-0.201233,39.0089668],[-0.2007858,39.0084233],[-0.2004698,39.0079692],[-0.1998203,39.0069367],[-0.1993665,39.0063187],[-0.1990597,39.0059733],[-0.1988125,39.0057239],[-0.1985514,39.0054834],[-0.1981557,39.005162],[-0.1911966,39.0000295],[-0.1905762,38.9995959],[-0.1902703,38.9994034],[-0.1898987,38.9991863],[-0.189368,38.998914],[-0.1887584,38.998644],[-0.1867638,38.9978183],[-0.1860013,38.9974809],[-0.1855092,38.9972295],[-0.1850868,38.996962],[-0.1846928,38.9966564],[-0.1842783,38.9962626],[-0.1839516,38.9958743],[-0.1836932,38.9954839],[-0.1835376,38.9951943],[-0.183402,38.9948984],[-0.1830714,38.9940148],[-0.1823311,38.9919077],[-0.1821571,38.9912743],[-0.1820011,38.9905367],[-0.1801518,38.9805576],[-0.1800983,38.9801093],[-0.1800705,38.9796629],[-0.1800726,38.9793027],[-0.180099,38.9789108],[-0.1803845,38.9766091],[-0.1807499,38.9738574],[-0.180883,38.9726499],[-0.1808945,38.9724135],[-0.1808735,38.9720592],[-0.180834,38.9718247],[-0.1807742,38.9715927],[-0.1806946,38.9713645],[-0.1805387,38.9710312],[-0.180411,38.9708167],[-0.1801855,38.9705087],[-0.1800134,38.970314]]}},{"type":"Feature","properties":{"shape_id":"40_C2","ref":"C2","name":"Valencia Nord - Moixent","route":"train","colour":"#F79529"},"geometry":{"type":"LineString","coordinates":[[-0.7535829,38.8780823],[-0.7502461,38.8796318],[-0.7494629,38.8799607],[-0.7475622,38.8808414],[-0.7472232,38.881012],[-0.746011,38.8816796],[-0.7455082,38.8819375],[-0.7447473,38.8822917],[-0.743841,38.8827888],[-0.7435511,38.8829674],[-0.7432373,38.8831874],[-0.7429428,38.8834231],[-0.7426689,38.8836735],[-0.7422992,38.8840742],[-0.7419273,38.8845809],[-0.7415975,38.885155],[-0.7414196,38.8855508],[-0.7412759,38.8859551],[-0.7396761,38.8911342],[-0.7393477,38.8921334],[-0.7392223,38.8924451],[-0.7390715,38.8927498],[-0.7388803,38.8930714],[-0.7386452,38.8934069],[-0.7383813,38.893729],[-0.7381013,38.8940251],[-0.7378092,38.8942955],[-0.7373314,38.8946725],[-0.7369777,38.8949099],[-0.7365939,38.8951342],[-0.7359835,38.8954309],[-0.7354077,38.8956571],[-0.7348414,38.8958282],[-0.7343153,38.8959471],[-0.7333029,38.8961164],[-0.7272408,38.8969318],[-0.7242281,38.8973576],[-0.7237318,38.8974594],[-0.7230063,38.8976598],[-0.7225383,38.8978243],[-0.7218651,38.8981157],[-0.7212994,38.8984212],[-0.7209448,38.8986487],[-0.7206102,38.8988937],[-0.7201488,38.8992923],[-0.7196185,38.8998579],[-0.7194385,38.900078],[-0.7191072,38.9005315],[-0.7170497,38.9035918],[-0.7165497,38.9042467],[-0.7162077,38.904612],[-0.7159565,38.9048413],[-0.7156531,38.9050846],[-0.7151053,38.905456],[-0.7147142,38.9056782],[-0.7143957,38.9058355],[-0.713725,38.9061033],[-0.7130789,38.9062931],[-0.7125957,38.9063998],[-0.7121042,38.9064795],[-0.7116522,38.9065212],[-0.7107442,38.9065697],[-0.7074951,38.9066672],[-0.7069093,38.9067114],[-0.706212,38.9067918],[-0.7052217,38.9069607],[-0.7025627,38.907527],[-0.7016907,38.9076672],[-0.7010867,38.9077323],[-0.6998054,38.9077921],[-0.697748,38.9077685],[-0.6969619,38.9077757],[-0.6961766,38.907805],[-0.6955779,38.9078517],[-0.6946968,38.9079721],[-0.6935433,38.9081915],[-0.6925624,38.908428],[-0.691569,38.9087048],[-0.6910671,38.9088634],[-0.6905728,38.909036],[-0.6902196,38.9091694],[-0.6885276,38.9099008],[-0.6853057,38.9113337],[-0.6814618,38.9130071],[-0.6781702,38.9145543],[-0.6772081,38.9149907],[-0.6767237,38.9151931],[-0.6757331,38.9155638],[-0.6750494,38.9157916],[-0.6716653,38.9168208],[-0.6709706,38.9170703],[-0.6698994,38.917496],[-0.6598519,38.9220292],[-0.6592459,38.9223145],[-0.6586971,38.9226089],[-0.6582071,38.9229106],[-0.6577446,38.923238],[-0.6571079,38.9237736],[-0.6567242,38.9241579],[-0.6562142,38.9247709],[-0.6557883,38.9254194],[-0.6555539,38.9258666],[-0.6553604,38.9263256],[-0.6552793,38.9265588],[-0.6550631,38.9273986],[-0.654165,38.9323984],[-0.6540064,38.9331097],[-0.6538105,38.9337357],[-0.6535903,38.9342759],[-0.6533255,38.9348038],[-0.6530169,38.9353169],[-0.6528466,38.9355673],[-0.6524579,38.9360757],[-0.6522388,38.9363328],[-0.6517682,38.9368291],[-0.6512564,38.9372998],[-0.6505221,38.9378763],[-0.649758,38.9383762],[-0.6481399,38.9393308],[-0.6457896,38.9406866],[-0.6442204,38.9415078],[-0.6428382,38.9421365],[-0.6418593,38.9425261],[-0.6412897,38.9427352],[-0.6408258,38.9428895],[-0.6393164,38.9433659],[-0.6368977,38.9440172],[-0.6153224,38.9495142],[-0.6142892,38.9498258],[-0.6136604,38.9500575],[-0.6130533,38.9503221],[-0.6125108,38.9505965],[-0.612032,38.9508756],[-0.6113597,38.9513382],[-0.6107716,38.951816],[-0.6103572,38.9521979],[-0.6101008,38.9524707],[-0.6085595,38.9543643],[-0.6055423,38.9581879],[-0.6016651,38.9630682],[-0.6010583,38.9638109],[-0.6008281,38.9640736],[-0.6003368,38.9645814],[-0.5999012,38.9649828],[-0.5994448,38.9653632],[-0.5989686,38.9657214],[-0.5983501,38.9661374],[-0.5976521,38.9665511],[-0.5972658,38.9667576],[-0.5965392,38.9671055],[-0.5957835,38.9674158],[-0.5949701,38.9676976],[-0.594538,38.9678275],[-0.5936581,38.9680526],[-0.5928019,38.968223],[-0.5881733,38.9689162],[-0.587079,38.9691138],[-0.5866857,38.9691714],[-0.5851228,38.9694387],[-0.5841787,38.969619],[-0.5839532,38.9696681],[-0.5834503,38.9698438],[-0.5828875,38.9700722],[-0.5824803,38.9702647],[-0.5820485,38.970494],[-0.5815353,38.9708047],[-0.5812451,38.9710032],[-0.5809004,38.9712597],[-0.5806106,38.9715039],[-0.5801219,38.9719576],[-0.5798476,38.9722575],[-0.5796469,38.9724963],[-0.5792889,38.9729823],[-0.579117,38.9732488],[-0.5788191,38.9737803],[-0.5770541,38.9773477],[-0.5766109,38.9782015],[-0.5762704,38.9787715],[-0.5759153,38.9792379],[-0.575695,38.9794951],[-0.5753281,38.9798627],[-0.5749935,38.9801635],[-0.5746952,38.9803975],[-0.5741759,38.9807475],[-0.5738719,38.9809284],[-0.5735373,38.9811099],[-0.573023,38.981352],[-0.5726571,38.9814994],[-0.5719282,38.9817413],[-0.5713276,38.9818949],[-0.5706991,38.9820133],[-0.5701711,38.9820802],[-0.5696181,38.9821225],[-0.5687507,38.9821279],[-0.5681476,38.9820946],[-0.567684,38.9820357],[-0.5671037,38.9819332],[-0.5662114,38.9817228],[-0.5600364,38.9799678],[-0.5587219,38.979609],[-0.5581949,38.9794972],[-0.5576885,38.9794134],[-0.5571647,38.9793606],[-0.5567538,38.9793382],[-0.5562406,38.9793372],[-0.5557336,38.9793612],[-0.555316,38.9794033],[-0.5544836,38.97955],[-0.5542365,38.9796128],[-0.5501176,38.9813951],[-0.5310179,38.9895614],[-0.5290767,38.9904081],[-0.5210311,38.9938385],[-0.5192026,38.9946414],[-0.5182931,38.9950878],[-0.5178763,38.9953099],[-0.5172837,38.9956775],[-0.5141189,38.9978769],[-0.5070188,39.0028607],[-0.504019,39.0048104],[-0.5013636,39.0064492],[-0.4996086,39.007476],[-0.4982013,39.0082709],[-0.4967761,39.0090477],[-0.4927862,39.0111137],[-0.4917242,39.0116866],[-0.4906831,39.0122824],[-0.4898165,39.0128106],[-0.4889726,39.0133608],[-0.4878535,39.0141205],[-0.4871549,39.014646],[-0.4863947,39.01525],[-0.4856697,39.0158437],[-0.4849685,39.0164544],[-0.4842917,39.0170817],[-0.4836669,39.0176956],[-0.483063,39.0183219],[-0.4823777,39.0190791],[-0.4817261,39.0198543],[-0.4811879,39.0205396],[-0.4806743,39.0212363],[-0.4800403,39.0221635],[-0.4795697,39.0228903],[-0.479103,39.0236803],[-0.4781917,39.025439],[-0.4764157,39.0290163],[-0.4757694,39.0304569],[-0.4754331,39.0313349],[-0.4751316,39.0322205],[-0.4748653,39.033113],[-0.4746342,39.0340114],[-0.4744388,39.0349149],[-0.4742792,39.0358228],[-0.4741555,39.036734],[-0.4740955,39.0374599],[-0.4740652,39.0381871],[-0.4740787,39.0392571],[-0.4741525,39.03994],[-0.474212,39.0402796],[-0.4747658,39.0427822],[-0.4750031,39.0437696],[-0.4752714,39.044752],[-0.4754631,39.0453719],[-0.4756777,39.0459873],[-0.4759264,39.0466363],[-0.4767726,39.048672],[-0.4773928,39.0502127],[-0.4783036,39.0525698],[-0.4785399,39.0532743],[-0.4787515,39.0539836],[-0.4790159,39.055016],[-0.4792327,39.0560551],[-0.4793935,39.0570062],[-0.4795633,39.0583249],[-0.4796531,39.0598359],[-0.4796732,39.060645],[-0.4796622,39.0614542],[-0.4796203,39.0622627],[-0.4795476,39.0630699],[-0.4794324,39.0640562],[-0.4792778,39.0650391],[-0.4790905,39.0659832],[-0.4788647,39.0669222],[-0.4786235,39.0677827],[-0.4783516,39.0686377],[-0.4780154,39.0695808],[-0.4776453,39.0705162],[-0.4773105,39.0712788],[-0.4769437,39.0720324],[-0.4761583,39.0734881],[-0.4753655,39.0747713],[-0.4745476,39.0759894],[-0.4730913,39.0780289],[-0.4715874,39.080072],[-0.4708162,39.0812074],[-0.4676544,39.0856164],[-0.466129,39.0879063],[-0.4654497,39.08889],[-0.4639393,39.0909878],[-0.4630308,39.0923186],[-0.4623517,39.0934503],[-0.4617601,39.094596],[-0.4615167,39.0951371],[-0.4612652,39.0957515],[-0.4610418,39.0963543],[-0.4608022,39.0970845],[-0.4605754,39.0978983],[-0.4589299,39.1041685],[-0.4585179,39.1058293],[-0.4575794,39.1094038],[-0.4567281,39.1123416],[-0.4557993,39.1157926],[-0.4554475,39.1172245],[-0.4551279,39.1187157],[-0.4545874,39.1207545],[-0.4541768,39.1223811],[-0.4531574,39.1261676],[-0.4527424,39.127766],[-0.4525191,39.1286431],[-0.4522055,39.130113],[-0.4520692,39.1309404],[-0.4519248,39.1320665],[-0.4518174,39.1333937],[-0.4517355,39.1356646],[-0.4515304,39.1393378],[-0.4507998,39.1545924],[-0.4507063,39.1556234],[-0.4503402,39.1584492],[-0.4501559,39.1595841],[-0.4500252,39.160242],[-0.4497318,39.1614551],[-0.4420213,39.1899633],[-0.4420043,39.1901917],[-0.4418505,39.1910242],[-0.4413004,39.1930844],[-0.4412384,39.19335],[-0.4412073,39.1936048],[-0.440721,39.1955017],[-0.4406607,39.1957715],[-0.4405812,39.1963474],[-0.4404543,39.1969058],[-0.4403244,39.1977055],[-0.4403096,39.1979261],[-0.4402519,39.1982191],[-0.4402339,39.1985643],[-0.4401254,39.213486],[-0.4400968,39.2152302],[-0.4400519,39.2163224],[-0.4304245,39.2781171],[-0.4301487,39.2854331],[-0.4300161,39.2885116],[-0.4297892,39.2950609],[-0.4294859,39.3022128],[-0.4294107,39.3045932],[-0.4293519,39.3054931],[-0.4292436,39.3064328],[-0.4290627,39.3074222],[-0.4289371,39.3079611],[-0.4287389,39.3086722],[-0.4284919,39.309443],[-0.4277945,39.311249],[-0.4276372,39.311683],[-0.4273991,39.312421],[-0.4271019,39.3135303],[-0.4269556,39.3142292],[-0.4268179,39.3150261],[-0.426759,39.3154659],[-0.4266686,39.3164387],[-0.4256005,39.3309479],[-0.4255382,39.3316039],[-0.42545,39.3322657],[-0.4253261,39.3328547],[-0.4250757,39.3336525],[-0.4248318,39.3342168],[-0.4245906,39.334678],[-0.4243709,39.3350504],[-0.423893,39.3357319],[-0.42332,39.3364065],[-0.4227193,39.3370002],[-0.4221042,39.3375436],[-0.4203852,39.3389773],[-0.4197149,39.3395807],[-0.4192117,39.3401014],[-0.4187169,39.340701],[-0.4185273,39.340961],[-0.4181877,39.341496],[-0.4179541,39.3419267],[-0.4178082,39.3422423],[-0.4175447,39.3429004],[-0.4173566,39.3435658],[-0.4172488,39.3441204],[-0.4171878,39.3447708],[-0.417175,39.3453813],[-0.4172513,39.3463121],[-0.4173553,39.3470079],[-0.4182204,39.3513861],[-0.4183116,39.3520565],[-0.4183401,39.3526939],[-0.4183218,39.3532552],[-0.4182904,39.3536152],[-0.4182031,39.3541608],[-0.4179955,39.3549511],[-0.4176359,39.3558934],[-0.4171875,39.3569686],[-0.416667,39.3583883],[-0.4161135,39.3597431],[-0.4152025,39.3619017],[-0.4146344,39.3631541],[-0.4142207,39.3641308],[-0.4137048,39.3652667],[-0.41321,39.3664266],[-0.4085905,39.3774228],[-0.4061791,39.3831127],[-0.4037303,39.3889622],[-0.3949217,39.4098534],[-0.3944751,39.4109522],[-0.3942692,39.4115102],[-0.3939471,39.4125112],[-0.3936339,39.413716],[-0.39351,39.4142908],[-0.3933307,39.4153508],[-0.3932427,39.4160672],[-0.3931706,39.4169389],[-0.3931382,39.417607],[-0.3931123,39.4192792],[-0.3930861,39.4198803],[-0.3930439,39.4203633],[-0.3929078,39.4216506],[-0.3928174,39.4221778],[-0.3926787,39.422735],[-0.3924249,39.4234507],[-0.3920335,39.4243732],[-0.390032,39.4288472],[-0.3896277,39.4297961],[-0.3886311,39.4320418],[-0.388332,39.4327604],[-0.3880031,39.4337216],[-0.3856849,39.4410178],[-0.3854215,39.4415149],[-0.3852741,39.4417582],[-0.3840783,39.4435046],[-0.38393,39.4437679],[-0.3837512,39.4441758],[-0.3836619,39.4444547],[-0.3835738,39.4448801],[-0.3835461,39.4451666],[-0.3835322,39.4456408],[-0.3834539,39.4461983],[-0.3831502,39.4473463],[-0.3823626,39.4507494],[-0.3821909,39.4514612],[-0.3820739,39.4518757],[-0.3819367,39.4523489],[-0.3810381,39.4549192],[-0.3809644,39.455177],[-0.3805428,39.4570681],[-0.3789442,39.4617017],[-0.3787911,39.4622675],[-0.3773923,39.4663048]]}},{"type":"Feature","properties":{"shape_id":"40_C2_INV","ref":"C2","name":"Moixent - Valencia Nord","route":"train","colour":"#F79529"},"geometry":{"type":"LineString","coordinates":[[-0.3773923,39.4663048],[-0.3787911,39.4622675],[-0.3789442,39.4617017],[-0.3805428,39.4570681],[-0.3809644,39.455177],[-0.3810381,39.4549192],[-0.3819367,39.4523489],[-0.3820739,39.4518757],[-0.3821909,39.4514612],[-0.3823626,39.4507494],[-0.3831502,39.4473463],[-0.3834539,39.4461983],[-0.3835322,39.4456408],[-0.3835461,39.4451666],[-0.3835738,39.4448801],[-0.3836619,39.4444547],[-0.3837512,39.4441758],[-0.38393,39.4437679],[-0.3840783,39.4435046],[-0.3852741,39.4417582],[-0.3854215,39.4415149],[-0.3856849,39.4410178],[-0.3880031,39.4337216],[-0.388332,39.4327604],[-0.3886311,39.4320418],[-0.3896277,39.4297961],[-0.390032,39.4288472],[-0.3920335,39.4243732],[-0.3924249,39.4234507],[-0.3926787,39.422735],[-0.3928174,39.4221778],[-0.3929078,39.4216506],[-0.3930439,39.4203633],[-0.3930861,39.4198803],[-0.3931123,39.4192792],[-0.3931382,39.417607],[-0.3931706,39.4169389],[-0.3932427,39.4160672],[-0.3933307,39.4153508],[-0.39351,39.4142908],[-0.3936339,39.413716],[-0.3939471,39.4125112],[-0.3942692,39.4115102],[-0.3944751,39.4109522],[-0.3949217,39.4098534],[-0.4037303,39.3889622],[-0.4061791,39.3831127],[-0.4085905,39.3774228],[-0.41321,39.3664266],[-0.4137048,39.3652667],[-0.4142207,39.3641308],[-0.4146344,39.3631541],[-0.4152025,39.3619017],[-0.4161135,39.3597431],[-0.416667,39.3583883],[-0.4171875,39.3569686],[-0.4176359,39.3558934],[-0.4179955,39.3549511],[-0.4182031,39.3541608],[-0.4182904,39.3536152],[-0.4183218,39.3532552],[-0.4183401,39.3526939],[-0.4183116,39.3520565],[-0.4182204,39.3513861],[-0.4173553,39.3470079],[-0.4172513,39.3463121],[-0.417175,39.3453813],[-0.4171878,39.3447708],[-0.4172488,39.3441204],[-0.4173566,39.3435658],[-0.4175447,39.3429004],[-0.4178082,39.3422423],[-0.4179541,39.3419267],[-0.4181877,39.341496],[-0.4185273,39.340961],[-0.4187169,39.340701],[-0.4192117,39.3401014],[-0.4197149,39.3395807],[-0.4203852,39.3389773],[-0.4221042,39.3375436],[-0.4227193,39.3370002],[-0.42332,39.3364065],[-0.423893,39.3357319],[-0.4243709,39.3350504],[-0.4245906,39.334678],[-0.4248318,39.3342168],[-0.4250757,39.3336525],[-0.4253261,39.3328547],[-0.42545,39.3322657],[-0.4255382,39.3316039],[-0.4256005,39.3309479],[-0.4266686,39.3164387],[-0.426759,39.3154659],[-0.4268179,39.3150261],[-0.4269556,39.3142292],[-0.4271019,39.3135303],[-0.4273991,39.312421],[-0.4276372,39.311683],[-0.4277945,39.311249],[-0.4284919,39.309443],[-0.4287389,39.3086722],[-0.4289371,39.3079611],[-0.4290627,39.3074222],[-0.4292436,39.3064328],[-0.4293519,39.3054931],[-0.4294107,39.3045932],[-0.4294859,39.3022128],[-0.4297892,39.2950609],[-0.4300161,39.2885116],[-0.4301487,39.2854331],[-0.4304245,39.2781171],[-0.4400519,39.2163224],[-0.4400968,39.2152302],[-0.4401254,39.213486],[-0.4402339,39.1985643],[-0.4402519,39.1982191],[-0.4403096,39.1979261],[-0.4403244,39.1977055],[-0.4404543,39.1969058],[-0.4405812,39.1963474],[-0.4406607,39.1957715],[-0.440721,39.1955017],[-0.4412073,39.1936048],[-0.4412384,39.19335],[-0.4413004,39.1930844],[-0.4418505,39.1910242],[-0.4420043,39.1901917],[-0.4420213,39.1899633],[-0.4497318,39.1614551],[-0.4500252,39.160242],[-0.4501559,39.1595841],[-0.4503402,39.1584492],[-0.4507063,39.1556234],[-0.4507998,39.1545924],[-0.4515304,39.1393378],[-0.4517355,39.1356646],[-0.4518174,39.1333937],[-0.4519248,39.1320665],[-0.4520692,39.1309404],[-0.4522055,39.130113],[-0.4525191,39.1286431],[-0.4527424,39.127766],[-0.4531574,39.1261676],[-0.4541768,39.1223811],[-0.4545874,39.1207545],[-0.4551279,39.1187157],[-0.4554475,39.1172245],[-0.4557993,39.1157926],[-0.4567281,39.1123416],[-0.4575794,39.1094038],[-0.4585179,39.1058293],[-0.4589299,39.1041685],[-0.4605754,39.0978983],[-0.4608022,39.0970845],[-0.4610418,39.0963543],[-0.4612652,39.0957515],[-0.4615167,39.0951371],[-0.4617601,39.094596],[-0.4623517,39.0934503],[-0.4630308,39.0923186],[-0.4639393,39.0909878],[-0.4654497,39.08889],[-0.466129,39.0879063],[-0.4676544,39.0856164],[-0.4708162,39.0812074],[-0.4715874,39.080072],[-0.4730913,39.0780289],[-0.4745476,39.0759894],[-0.4753655,39.0747713],[-0.4761583,39.0734881],[-0.4769437,39.0720324],[-0.4773105,39.0712788],[-0.4776453,39.0705162],[-0.4780154,39.0695808],[-0.4783516,39.0686377],[-0.4786235,39.0677827],[-0.4788647,39.0669222],[-0.4790905,39.0659832],[-0.4792778,39.0650391],[-0.4794324,39.0640562],[-0.4795476,39.0630699],[-0.4796203,39.0622627],[-0.4796622,39.0614542],[-0.4796732,39.060645],[-0.4796531,39.0598359],[-0.4795633,39.0583249],[-0.4793935,39.0570062],[-0.4792327,39.0560551],[-0.4790159,39.055016],[-0.4787515,39.0539836],[-0.4785399,39.0532743],[-0.4783036,39.0525698],[-0.4773928,39.0502127],[-0.4767726,39.048672],[-0.4759264,39.0466363],[-0.4756777,39.0459873],[-0.4754631,39.0453719],[-0.4752714,39.044752],[-0.4750031,39.0437696],[-0.4747658,39.0427822],[-0.474212,39.0402796],[-0.4741525,39.03994],[-0.4740787,39.0392571],[-0.4740652,39.0381871],[-0.4740955,39.0374599],[-0.4741555,39.036734],[-0.4742792,39.0358228],[-0.4744388,39.0349149],[-0.4746342,39.0340114],[-0.4748653,39.033113],[-0.4751316,39.0322205],[-0.4754331,39.0313349],[-0.4757694,39.0304569],[-0.4764157,39.0290163],[-0.4781917,39.025439],[-0.479103,39.0236803],[-0.4795697,39.0228903],[-0.4800403,39.0221635],[-0.4806743,39.0212363],[-0.4811879,39.0205396],[-0.4817261,39.0198543],[-0.4823777,39.0190791],[-0.483063,39.0183219],[-0.4836669,39.0176956],[-0.4842917,39.0170817],[-0.4849685,39.0164544],[-0.4856697,39.0158437],[-0.4863947,39.01525],[-0.4871549,39.014646],[-0.4878535,39.0141205],[-0.4889726,39.0133608],[-0.4898165,39.0128106],[-0.4906831,39.0122824],[-0.4917242,39.0116866],[-0.4927862,39.0111137],[-0.4967761,39.0090477],[-0.4982013,39.0082709],[-0.4996086,39.007476],[-0.5013636,39.0064492],[-0.504019,39.0048104],[-0.5070188,39.0028607],[-0.5141189,38.9978769],[-0.5172837,38.9956775],[-0.5178763,38.9953099],[-0.5182931,38.9950878],[-0.5192026,38.9946414],[-0.5210311,38.9938385],[-0.5290767,38.9904081],[-0.5310179,38.9895614],[-0.5501176,38.9813951],[-0.5542365,38.9796128],[-0.5544836,38.97955],[-0.555316,38.9794033],[-0.5557336,38.9793612],[-0.5562406,38.9793372],[-0.5567538,38.9793382],[-0.5571647,38.9793606],[-0.5576885,38.9794134],[-0.5581949,38.9794972],[-0.5587219,38.979609],[-0.5600364,38.9799678],[-0.5662114,38.9817228],[-0.5671037,38.9819332],[-0.567684,38.9820357],[-0.5681476,38.9820946],[-0.5687507,38.9821279],[-0.5696181,38.9821225],[-0.5701711,38.9820802],[-0.5706991,38.9820133],[-0.5713276,38.9818949],[-0.5719282,38.9817413],[-0.5726571,38.9814994],[-0.573023,38.981352],[-0.5735373,38.9811099],[-0.5738719,38.9809284],[-0.5741759,38.9807475],[-0.5746952,38.9803975],[-0.5749935,38.9801635],[-0.5753281,38.9798627],[-0.575695,38.9794951],[-0.5759153,38.9792379],[-0.5762704,38.9787715],[-0.5766109,38.9782015],[-0.5770541,38.9773477],[-0.5788191,38.9737803],[-0.579117,38.9732488],[-0.5792889,38.9729823],[-0.5796469,38.9724963],[-0.5798476,38.9722575],[-0.5801219,38.9719576],[-0.5806106,38.9715039],[-0.5809004,38.9712597],[-0.5812451,38.9710032],[-0.5815353,38.9708047],[-0.5820485,38.970494],[-0.5824803,38.9702647],[-0.5828875,38.9700722],[-0.5834503,38.9698438],[-0.5839532,38.9696681],[-0.5841787,38.969619],[-0.5851228,38.9694387],[-0.5866857,38.9691714],[-0.587079,38.9691138],[-0.5881733,38.9689162],[-0.5928019,38.968223],[-0.5936581,38.9680526],[-0.594538,38.9678275],[-0.5949701,38.9676976],[-0.5957835,38.9674158],[-0.5965392,38.9671055],[-0.5972658,38.9667576],[-0.5976521,38.9665511],[-0.5983501,38.9661374],[-0.5989686,38.9657214],[-0.5994448,38.9653632],[-0.5999012,38.9649828],[-0.6003368,38.9645814],[-0.6008281,38.9640736],[-0.6010583,38.9638109],[-0.6016651,38.9630682],[-0.6055423,38.9581879],[-0.6085595,38.9543643],[-0.6101008,38.9524707],[-0.6103572,38.9521979],[-0.6107716,38.951816],[-0.6113597,38.9513382],[-0.612032,38.9508756],[-0.6125108,38.9505965],[-0.6130533,38.9503221],[-0.6136604,38.9500575],[-0.6142892,38.9498258],[-0.6153224,38.9495142],[-0.6368977,38.9440172],[-0.6393164,38.9433659],[-0.6408258,38.9428895],[-0.6412897,38.9427352],[-0.6418593,38.9425261],[-0.6428382,38.9421365],[-0.6442204,38.9415078],[-0.6457896,38.9406866],[-0.6481399,38.9393308],[-0.649758,38.9383762],[-0.6505221,38.9378763],[-0.6512564,38.9372998],[-0.6517682,38.9368291],[-0.6522388,38.9363328],[-0.6524579,38.9360757],[-0.6528466,38.9355673],[-0.6530169,38.9353169],[-0.6533255,38.9348038],[-0.6535903,38.9342759],[-0.6538105,38.9337357],[-0.6540064,38.9331097],[-0.654165,38.9323984],[-0.6550631,38.9273986],[-0.6552793,38.9265588],[-0.6553604,38.9263256],[-0.6555539,38.9258666],[-0.6557883,38.9254194],[-0.6562142,38.9247709],[-0.6567242,38.9241579],[-0.6571079,38.9237736],[-0.6577446,38.923238],[-0.6582071,38.9229106],[-0.6586971,38.9226089],[-0.6592459,38.9223145],[-0.6598519,38.9220292],[-0.6698994,38.917496],[-0.6709706,38.9170703],[-0.6716653,38.9168208],[-0.6750494,38.9157916],[-0.6757331,38.9155638],[-0.6767237,38.9151931],[-0.6772081,38.9149907],[-0.6781702,38.9145543],[-0.6814618,38.9130071],[-0.6853057,38.9113337],[-0.6885276,38.9099008],[-0.6902196,38.9091694],[-0.6905728,38.909036],[-0.6910671,38.9088634],[-0.691569,38.9087048],[-0.6925624,38.908428],[-0.6935433,38.9081915],[-0.6946968,38.9079721],[-0.6955779,38.9078517],[-0.6961766,38.907805],[-0.6969619,38.9077757],[-0.697748,38.9077685],[-0.6998054,38.9077921],[-0.7010867,38.9077323],[-0.7016907,38.9076672],[-0.7025627,38.907527],[-0.7052217,38.9069607],[-0.706212,38.9067918],[-0.7069093,38.9067114],[-0.7074951,38.9066672],[-0.7107442,38.9065697],[-0.7116522,38.9065212],[-0.7121042,38.9064795],[-0.7125957,38.9063998],[-0.7130789,38.9062931],[-0.713725,38.9061033],[-0.7143957,38.9058355],[-0.7147142,38.9056782],[-0.7151053,38.905456],[-0.7156531,38.9050846],[-0.7159565,38.9048413],[-0.7162077,38.904612],[-0.7165497,38.9042467],[-0.7170497,38.9035918],[-0.7191072,38.9005315],[-0.7194385,38.900078],[-0.7196185,38.8998579],[-0.7201488,38.8992923],[-0.7206102,38.8988937],[-0.7209448,38.8986487],[-0.7212994,38.8984212],[-0.7218651,38.8981157],[-0.7225383,38.8978243],[-0.7230063,38.8976598],[-0.7237318,38.8974594],[-0.7242281,38.8973576],[-0.7272408,38.8969318],[-0.7333029,38.8961164],[-0.7343153,38.8959471],[-0.7348414,38.8958282],[-0.7354077,38.8956571],[-0.7359835,38.8954309],[-0.7365939,38.8951342],[-0.7369777,38.8949099],[-0.7373314,38.8946725],[-0.7378092,38.8942955],[-0.7381013,38.8940251],[-0.7383813,38.893729],[-0.7386452,38.8934069],[-0.7388803,38.8930714],[-0.7390715,38.8927498],[-0.7392223,38.8924451],[-0.7393477,38.8921334],[-0.7396761,38.8911342],[-0.7412759,38.8859551],[-0.7414196,38.8855508],[-0.7415975,38.885155],[-0.7419273,38.8845809],[-0.7422992,38.8840742],[-0.7426689,38.8836735],[-0.7429428,38.8834231],[-0.7432373,38.8831874],[-0.7435511,38.8829674],[-0.743841,38.8827888],[-0.7447473,38.8822917],[-0.7455082,38.8819375],[-0.746011,38.8816796],[-0.7472232,38.881012],[-0.7475622,38.8808414],[-0.7494629,38.8799607],[-0.7502461,38.8796318],[-0.7535829,38.8780823]]}},{"type":"Feature","properties":{"shape_id":"40_C3","ref":"C3","name":"Valencia Nord - Buñol","route":"train","colour":"#7A2780"},"geometry":{"type":"LineString","coordinates":[[-1.2023977,39.5709344],[-1.2009687,39.5699244],[-1.2007564,39.5697523],[-1.2000827,39.5691365],[-1.1997262,39.5687568],[-1.1962492,39.565531],[-1.1935632,39.5629071],[-1.1926552,39.562049],[-1.1802366,39.5505019],[-1.1794874,39.54982],[-1.1788324,39.5492886],[-1.1781959,39.5488647],[-1.1776582,39.548565],[-1.1771052,39.5482875],[-1.1649292,39.5425051],[-1.1638297,39.5419546],[-1.1632486,39.5416199],[-1.1624205,39.5410773],[-1.161766,39.5405799],[-1.160924,39.5398419],[-1.1603735,39.5392512],[-1.160137,39.5389796],[-1.1597487,39.5384917],[-1.1592073,39.5376885],[-1.1590388,39.5374024],[-1.1587461,39.5368325],[-1.1584887,39.5362242],[-1.1583599,39.5358733],[-1.1556856,39.5280216],[-1.1555061,39.5275531],[-1.1553158,39.5271469],[-1.1550653,39.5267155],[-1.1549326,39.5265223],[-1.1547707,39.5263059],[-1.1544647,39.5259513],[-1.1540792,39.5255681],[-1.153236,39.524842],[-1.1236246,39.5003726],[-1.1227603,39.4996697],[-1.1223815,39.4993857],[-1.1221288,39.4992078],[-1.1215097,39.4988225],[-1.1210392,39.4985624],[-1.1204639,39.4982713],[-1.107934,39.4921742],[-1.1071611,39.4918201],[-1.1067472,39.4916682],[-1.1063,39.4915311],[-1.105701,39.4914118],[-1.1052609,39.4913556],[-1.1047814,39.4913267],[-1.1040577,39.4913469],[-1.103567,39.4914037],[-1.1030622,39.4915048],[-1.1023344,39.491713],[-1.0994921,39.4927837],[-1.0944376,39.4947096],[-1.0941196,39.494845],[-1.0936678,39.4950717],[-1.0932064,39.4953733],[-1.0929258,39.4956014],[-1.0927529,39.4957695],[-1.092605,39.4959278],[-1.0924155,39.4961668],[-1.0922419,39.4964309],[-1.0921112,39.4966828],[-1.0919719,39.4970494],[-1.0918866,39.4973683],[-1.0915198,39.4993885],[-1.0914153,39.4998988],[-1.0912836,39.5003558],[-1.0910918,39.5008011],[-1.0908828,39.5011644],[-1.0906891,39.5014359],[-1.0903958,39.5017819],[-1.0900861,39.5020815],[-1.0896756,39.5024104],[-1.089274,39.5026735],[-1.0888067,39.5029252],[-1.0883226,39.503154],[-1.0852496,39.5044836],[-1.084405,39.5048189],[-1.0838277,39.5050146],[-1.0832067,39.505194],[-1.0825836,39.5053474],[-1.082022,39.5054596],[-1.0814196,39.5055579],[-1.0808963,39.5056211],[-1.080432,39.5056633],[-1.0797381,39.5056993],[-1.078018,39.5057071],[-1.075948,39.505682],[-1.074957,39.5056641],[-1.0738736,39.5056228],[-1.0730807,39.5055731],[-1.0718756,39.5054663],[-1.0703554,39.505265],[-1.0690976,39.5050578],[-1.0665752,39.5045584],[-1.0645237,39.5041078],[-1.0630319,39.5037564],[-1.0615736,39.5033922],[-1.0591117,39.5027276],[-1.0570979,39.5021409],[-1.0553335,39.5015908],[-1.0534017,39.5009478],[-1.0516538,39.5003327],[-1.0491522,39.4994001],[-1.0475692,39.4987672],[-1.0457741,39.4980164],[-1.0439631,39.4972164],[-1.0421641,39.4963835],[-1.0399593,39.4953019],[-1.0373413,39.4939293],[-1.0272375,39.4884173],[-1.0258579,39.4876435],[-1.0239831,39.48652],[-1.0232566,39.4860606],[-1.0218353,39.48512],[-1.0211464,39.4846487],[-1.0201961,39.4839649],[-1.0098534,39.4762268],[-0.9970745,39.4685313],[-0.9790068,39.4646958],[-0.9784112,39.4645285],[-0.977753,39.4642991],[-0.9752802,39.4632454],[-0.9743824,39.4628922],[-0.9736369,39.4626309],[-0.9722126,39.4622142],[-0.9712573,39.4619909],[-0.9707813,39.4618954],[-0.9698641,39.4617407],[-0.9690839,39.4616331],[-0.9650232,39.4612011],[-0.9641583,39.4611474],[-0.963284,39.4611542],[-0.9625862,39.4612097],[-0.9615941,39.4613606],[-0.9553447,39.462655],[-0.9545319,39.4628092],[-0.9536941,39.4629244],[-0.95325,39.4629558],[-0.9526267,39.4629636],[-0.9516803,39.4628918],[-0.9502635,39.4626955],[-0.9401835,39.4611715],[-0.9395564,39.4610393],[-0.9391825,39.4609413],[-0.9388249,39.4608287],[-0.9384284,39.4606795],[-0.9379344,39.4604609],[-0.9376269,39.4602997],[-0.9371833,39.4600311],[-0.9368721,39.4598119],[-0.9365951,39.4595913],[-0.9362771,39.4593034],[-0.9358228,39.4588162],[-0.934081,39.4566194],[-0.9336688,39.4561484],[-0.9334648,39.4559413],[-0.9330437,39.4555762],[-0.9325826,39.4552414],[-0.9320976,39.4549514],[-0.9318293,39.4548103],[-0.9312643,39.4545615],[-0.930641,39.4543471],[-0.9301811,39.4542209],[-0.9294392,39.4540626],[-0.9269522,39.4536213],[-0.9266747,39.4535816],[-0.9261681,39.4535435],[-0.9257674,39.4535426],[-0.9255124,39.4535592],[-0.9248508,39.4536586],[-0.9181507,39.4549954],[-0.9173666,39.4551429],[-0.9167306,39.4552295],[-0.9160062,39.4552739],[-0.915278,39.4552649],[-0.9128203,39.4550779],[-0.9121012,39.4550428],[-0.9117404,39.455041],[-0.9111997,39.4550663],[-0.9105471,39.4551396],[-0.9098787,39.455267],[-0.9093884,39.4553851],[-0.9041005,39.4567995],[-0.9030524,39.4570488],[-0.902387,39.4571751],[-0.9015501,39.4573008],[-0.9007226,39.4573973],[-0.8998842,39.4574628],[-0.8911933,39.4578573],[-0.8894875,39.4578929],[-0.8856365,39.4579152],[-0.8850047,39.4578775],[-0.8842051,39.4577617],[-0.881458,39.4571446],[-0.880647,39.4569968],[-0.8801579,39.4569503],[-0.8794254,39.456941],[-0.8751327,39.4572086],[-0.8742316,39.4572493],[-0.8737238,39.4572228],[-0.8731031,39.4571072],[-0.8727001,39.4569805],[-0.8724301,39.4568649],[-0.8721675,39.4567242],[-0.8718289,39.4564951],[-0.8716,39.4562999],[-0.8713898,39.456077],[-0.8707791,39.4552659],[-0.8706282,39.455093],[-0.8704008,39.454874],[-0.870057,39.4546061],[-0.869759,39.4544157],[-0.8694724,39.4542657],[-0.8691443,39.4541233],[-0.8686489,39.4539593],[-0.868276,39.4538724],[-0.867939,39.4538164],[-0.862869,39.4532235],[-0.8621652,39.4531333],[-0.8617119,39.4530509],[-0.8611754,39.4528949],[-0.8605581,39.4526226],[-0.8601212,39.4523444],[-0.8597573,39.4520422],[-0.8594493,39.4517107],[-0.8592101,39.4514127],[-0.8544786,39.445336],[-0.8542059,39.4448972],[-0.8540272,39.4444632],[-0.8539465,39.4440398],[-0.8539338,39.4436491],[-0.8539513,39.4434521],[-0.853992,39.4432313],[-0.8540556,39.443006],[-0.854194,39.4426737],[-0.8544104,39.442299],[-0.8546046,39.4420371],[-0.8556922,39.4408415],[-0.8560943,39.4403444],[-0.8563155,39.4399779],[-0.8564796,39.439585],[-0.856558,39.4392704],[-0.856591,39.4389634],[-0.856593,39.4387945],[-0.8565618,39.4384561],[-0.8565297,39.4382937],[-0.8564394,39.4379897],[-0.8563047,39.4376816],[-0.8562004,39.4375003],[-0.85602,39.4372481],[-0.8558148,39.4370068],[-0.8555773,39.4367791],[-0.8553152,39.4365706],[-0.8550435,39.4363928],[-0.854763,39.4362371],[-0.8544467,39.436093],[-0.8541226,39.4359736],[-0.8536729,39.435852],[-0.8532274,39.4357671],[-0.8495409,39.4352742],[-0.8487014,39.4351324],[-0.8482723,39.4350181],[-0.8477781,39.4348271],[-0.8473144,39.4345784],[-0.8469719,39.4343201],[-0.8466637,39.4340276],[-0.8463884,39.4337049],[-0.846157,39.4333619],[-0.8459476,39.4329453],[-0.8458723,39.4327462],[-0.8446194,39.4287898],[-0.8444401,39.4283068],[-0.8442615,39.4279316],[-0.8439564,39.4274361],[-0.8434791,39.426825],[-0.8432332,39.4265732],[-0.8429702,39.4263411],[-0.8424713,39.4259797],[-0.8418214,39.425636],[-0.8414711,39.4254835],[-0.839992,39.4249208],[-0.8394746,39.4247701],[-0.8385678,39.4245881],[-0.8348286,39.4239147],[-0.8344432,39.4238315],[-0.8336889,39.4236228],[-0.8331488,39.4234332],[-0.8326234,39.423219],[-0.8305709,39.4223205],[-0.8300663,39.4221563],[-0.8295214,39.4220545],[-0.8271488,39.4218487],[-0.8260849,39.4217341],[-0.8226041,39.4214126],[-0.821521,39.4212242],[-0.8201908,39.4209182],[-0.8193413,39.4206827],[-0.8187359,39.4204947],[-0.8157546,39.4197168],[-0.8150533,39.4194773],[-0.8135353,39.4188618],[-0.8131898,39.4187544],[-0.8128795,39.41868],[-0.8123012,39.4186329],[-0.8115446,39.4186184],[-0.8108876,39.4186489],[-0.8101854,39.4187266],[-0.8097475,39.4188594],[-0.8094308,39.4189812],[-0.8077071,39.4197985],[-0.8073689,39.4199408],[-0.8069368,39.4200859],[-0.8067,39.4201496],[-0.8061682,39.420248],[-0.8057895,39.420285],[-0.8044193,39.4203565],[-0.8039349,39.420419],[-0.8035657,39.4204956],[-0.8032398,39.4205852],[-0.8029066,39.4207002],[-0.802579,39.420839],[-0.8023194,39.420993],[-0.8020582,39.4211894],[-0.8018783,39.4213492],[-0.8015744,39.4216914],[-0.8014502,39.4218746],[-0.8012797,39.4222073],[-0.8012139,39.4223918],[-0.8008956,39.4236427],[-0.800737,39.4239873],[-0.8005371,39.424282],[-0.8002341,39.4246156],[-0.8000458,39.4247857],[-0.799878,39.4249119],[-0.7996897,39.4250326],[-0.7992883,39.4252463],[-0.7988576,39.425406],[-0.798474,39.425504],[-0.7979949,39.4255747],[-0.7975256,39.4255913],[-0.7969257,39.4255336],[-0.7964018,39.4254159],[-0.793839,39.4247048],[-0.7935227,39.4246371],[-0.7931353,39.4245864],[-0.7925794,39.4245746],[-0.7921391,39.424616],[-0.7917393,39.4246955],[-0.7911813,39.4248696],[-0.7909728,39.4249586],[-0.7901228,39.4253826],[-0.7889904,39.4259757],[-0.7884489,39.4263236],[-0.7879653,39.4267321],[-0.7876001,39.4271306],[-0.7874107,39.427398],[-0.7872455,39.4276773],[-0.7871531,39.4278672],[-0.7870276,39.4281879],[-0.7867454,39.4290131],[-0.7865352,39.4294232],[-0.7864101,39.4296074],[-0.7861495,39.4299293],[-0.7857532,39.4302986],[-0.7853975,39.4305556],[-0.7848623,39.4308494],[-0.7844753,39.4310095],[-0.7842377,39.4310904],[-0.7836696,39.4312486],[-0.7710472,39.4343964],[-0.7706936,39.4345009],[-0.7701129,39.4347105],[-0.7687268,39.4353246],[-0.7682534,39.435502],[-0.7612603,39.4377117],[-0.7608023,39.4378659],[-0.7602197,39.4380867],[-0.759527,39.4384075],[-0.7591765,39.4386],[-0.7587101,39.4388836],[-0.7531023,39.4428345],[-0.7525337,39.443193],[-0.7519883,39.4434894],[-0.7513989,39.4437599],[-0.7498501,39.4443946],[-0.7353493,39.450305],[-0.7348536,39.450535],[-0.7342765,39.4508518],[-0.733934,39.4510737],[-0.7335227,39.4513837],[-0.7333165,39.4515552],[-0.7328271,39.45204],[-0.7327136,39.4521708],[-0.7324547,39.4524981],[-0.7320135,39.4531519],[-0.7238244,39.4661463],[-0.7235903,39.4665527],[-0.7234841,39.4667716],[-0.7233977,39.4669956],[-0.723289,39.4674313],[-0.7232486,39.4677551],[-0.7230876,39.4710442],[-0.7230144,39.473038],[-0.7230368,39.4735067],[-0.7230799,39.4738802],[-0.7232435,39.4746076],[-0.7260899,39.4842034],[-0.7261695,39.4845616],[-0.7262544,39.4851102],[-0.7262646,39.4855246],[-0.7262269,39.4860522],[-0.7261856,39.4862946],[-0.7260853,39.4866995],[-0.7259711,39.4870285],[-0.7258361,39.487341],[-0.7256832,39.4876299],[-0.7254733,39.48797],[-0.7252766,39.4882433],[-0.7250214,39.48855],[-0.7246777,39.4889046],[-0.7243873,39.4891774],[-0.7218829,39.4914081],[-0.7212776,39.491886],[-0.7209752,39.492081],[-0.7207295,39.4922173],[-0.7204064,39.4923685],[-0.7200348,39.4925077],[-0.7196404,39.4926229],[-0.7192391,39.4927099],[-0.7189139,39.4927573],[-0.7185055,39.4927875],[-0.7181075,39.4927905],[-0.7177102,39.4927706],[-0.7165586,39.4926125],[-0.6940015,39.4889603],[-0.6934652,39.4888959],[-0.6928724,39.4888641],[-0.6922389,39.488877],[-0.6916446,39.4889387],[-0.6912257,39.4890111],[-0.6908405,39.4890999],[-0.6900031,39.4893541],[-0.674288,39.4947994],[-0.6737327,39.4950001],[-0.6728654,39.4953452],[-0.6685424,39.4971771],[-0.6681073,39.4973359],[-0.6675218,39.4975124],[-0.6669525,39.4976294],[-0.6663702,39.4976978],[-0.6660763,39.4977135],[-0.6655398,39.4977108],[-0.6648292,39.4976495],[-0.664133,39.4975231],[-0.6636506,39.4973894],[-0.6631797,39.4972333],[-0.6623869,39.4969335],[-0.6616942,39.4967086],[-0.6610784,39.4965755],[-0.6604593,39.4965008],[-0.6597938,39.4964808],[-0.6592087,39.4965182],[-0.6585406,39.4966245],[-0.6579294,39.4967836],[-0.6575064,39.4969282],[-0.6570091,39.4971384],[-0.6565243,39.4973849],[-0.6561237,39.4976203],[-0.6555693,39.49798],[-0.6506059,39.5014091],[-0.6498027,39.5019079],[-0.6492467,39.5021796],[-0.6486765,39.5023864],[-0.6480631,39.5025492],[-0.6476627,39.5026262],[-0.6473289,39.5026712],[-0.6469038,39.5027038],[-0.6464443,39.5027122],[-0.6457723,39.5026715],[-0.6451624,39.5025783],[-0.6444866,39.5024119],[-0.643868,39.5022149],[-0.635007,39.4990847],[-0.6344394,39.4988566],[-0.6337007,39.4984927],[-0.6315435,39.4972338],[-0.6306584,39.4967564],[-0.6303314,39.4966075],[-0.6297682,39.4963873],[-0.6294567,39.4962858],[-0.6289051,39.4961375],[-0.6278868,39.4959393],[-0.6192425,39.4945747],[-0.6183339,39.4943847],[-0.6178803,39.4942685],[-0.617355,39.4941068],[-0.616642,39.4938428],[-0.6158281,39.4934906],[-0.6043414,39.4881453],[-0.6038083,39.4879101],[-0.6029544,39.4875782],[-0.6025086,39.4874236],[-0.5970071,39.4856647],[-0.5960662,39.4854057],[-0.5951542,39.485215],[-0.5945671,39.4851263],[-0.5936602,39.4850413],[-0.5928774,39.485023],[-0.5914502,39.4850416],[-0.5707612,39.4856502],[-0.5694005,39.4856054],[-0.5671982,39.4855063],[-0.5659217,39.4854939],[-0.5652385,39.4854288],[-0.5644421,39.4852918],[-0.5639121,39.4851572],[-0.5633854,39.4849852],[-0.5627551,39.4847248],[-0.5621441,39.4844146],[-0.561791,39.4842134],[-0.5502165,39.4771965],[-0.5494218,39.4767633],[-0.5487921,39.4764635],[-0.5480229,39.4761786],[-0.5475124,39.4760149],[-0.5468006,39.4758243],[-0.5460973,39.4756584],[-0.5393213,39.4741501],[-0.5045276,39.466419],[-0.4807442,39.4611535],[-0.4793323,39.4608572],[-0.4783705,39.4607098],[-0.4777359,39.4606508],[-0.4772139,39.4606252],[-0.4764372,39.4606228],[-0.4583222,39.4613878],[-0.4323969,39.462451],[-0.4314956,39.4624687],[-0.4310169,39.4624587],[-0.4304382,39.4624267],[-0.4297665,39.4623583],[-0.4289453,39.4622362],[-0.4283838,39.4621318],[-0.4141612,39.4592804],[-0.4123726,39.4589046],[-0.4117758,39.4587403],[-0.4114332,39.4586181],[-0.4109895,39.4584224],[-0.4107085,39.458274],[-0.4103399,39.4580439],[-0.4100079,39.457794],[-0.4097045,39.4575219],[-0.4094081,39.4572053],[-0.4090765,39.4567862],[-0.4083392,39.4557839],[-0.405888,39.4524328],[-0.4047762,39.4508813],[-0.4039075,39.4497073],[-0.4039075,39.4497073],[-0.4005068,39.4450785],[-0.400278,39.4448281],[-0.4001079,39.4446717],[-0.3997292,39.4443871],[-0.3991624,39.4440616],[-0.3986886,39.4438331],[-0.3978881,39.4434995],[-0.3972857,39.4432201],[-0.3960768,39.4425541],[-0.3955536,39.4423239],[-0.3947996,39.4420346],[-0.3941175,39.4418354],[-0.3934737,39.4416798],[-0.3927221,39.4415496],[-0.3920154,39.4414835],[-0.3914299,39.4414586],[-0.3908567,39.4414672],[-0.3902001,39.4415145],[-0.3896779,39.4415813],[-0.3890396,39.4416982],[-0.3875517,39.4420663],[-0.3869416,39.4421741],[-0.386312,39.4422423],[-0.3848134,39.4423484],[-0.382851,39.4425879],[-0.3822232,39.4426341],[-0.3818217,39.4426126],[-0.3814248,39.4425609],[-0.3810568,39.4424782],[-0.3808217,39.4424145],[-0.3806052,39.44235],[-0.3804951,39.4423217],[-0.3799651,39.4422222],[-0.3796972,39.442196],[-0.379009,39.4421542],[-0.3764812,39.4419096],[-0.3734734,39.4416149],[-0.3729789,39.441545],[-0.3713422,39.441357],[-0.3716536,39.4413928],[-0.3727637,39.4415203],[-0.3734734,39.4416149],[-0.3740972,39.4416745],[-0.3744766,39.4417457],[-0.3749969,39.4417967],[-0.3753862,39.4418701],[-0.3764276,39.4419716],[-0.3778194,39.4421046],[-0.3789388,39.4422142],[-0.3794251,39.4422622],[-0.3795498,39.4422771],[-0.3797048,39.4422958],[-0.3798822,39.4423186],[-0.3800408,39.4423389],[-0.380105,39.4423482],[-0.380162,39.4423569],[-0.3802346,39.4423689],[-0.3803025,39.4423812],[-0.380348,39.4423923],[-0.3804088,39.442407],[-0.3804644,39.4424209],[-0.3805215,39.4424355],[-0.3805715,39.4424486],[-0.3806231,39.4424622],[-0.3806981,39.442484],[-0.3807544,39.442501],[-0.3808055,39.4425174],[-0.3808542,39.4425331],[-0.3808899,39.4425458],[-0.3809271,39.4425589],[-0.3809674,39.4425732],[-0.3810259,39.4425957],[-0.3810787,39.4426161],[-0.381112,39.4426301],[-0.3811881,39.442662],[-0.3812482,39.4426893],[-0.3812954,39.4427107],[-0.3813451,39.4427351],[-0.3814004,39.4427623],[-0.3814427,39.4427842],[-0.3815032,39.4428166],[-0.3815537,39.4428452],[-0.3816295,39.4428904],[-0.3817014,39.442933],[-0.3817444,39.4429611],[-0.3817964,39.4429951],[-0.381845,39.4430294],[-0.3819426,39.4430995],[-0.3819783,39.4431266],[-0.3820283,39.4431689],[-0.3820754,39.4432107],[-0.3821238,39.4432561],[-0.3821591,39.4432903],[-0.3822144,39.443348],[-0.382267,39.4434072],[-0.382317,39.4434677],[-0.3823642,39.4435296],[-0.3824086,39.4435926],[-0.3824503,39.4436569],[-0.3824931,39.44373],[-0.3825558,39.443847],[-0.3827364,39.4441872],[-0.3829338,39.444559],[-0.383103,39.4448742],[-0.3831284,39.444924],[-0.3831505,39.4449702],[-0.3831759,39.4450274],[-0.3832022,39.4450931],[-0.3832205,39.445143],[-0.3832282,39.4451732],[-0.3832345,39.4451976],[-0.3832425,39.4452285],[-0.3832483,39.445254],[-0.3832566,39.4452925],[-0.3832652,39.4453329],[-0.383271,39.445367],[-0.3832774,39.4454079],[-0.3832859,39.4454627],[-0.3832938,39.4455245],[-0.383297,39.4455611],[-0.3833007,39.4456033],[-0.3833039,39.4456575],[-0.3833066,39.4457171],[-0.3833069,39.4458136],[-0.3832831,39.4460837],[-0.3832191,39.4464287],[-0.3831752,39.4465997],[-0.3830364,39.4472017],[-0.3823595,39.4501857],[-0.3821626,39.4510215],[-0.3819442,39.4518542],[-0.3818081,39.4523237],[-0.3809089,39.4548956],[-0.3807857,39.4553539],[-0.3805112,39.4566604],[-0.3803455,39.4572642],[-0.3772119,39.4662768]]}},{"type":"Feature","properties":{"shape_id":"40_C3_INV","ref":"C3","name":"Buñol - Valencia Nord","route":"train","colour":"#7A2780"},"geometry":{"type":"LineString","coordinates":[[-0.3772119,39.4662768],[-0.3803455,39.4572642],[-0.3805112,39.4566604],[-0.3807857,39.4553539],[-0.3809089,39.4548956],[-0.3818081,39.4523237],[-0.3819442,39.4518542],[-0.3821626,39.4510215],[-0.3823595,39.4501857],[-0.3830364,39.4472017],[-0.3831752,39.4465997],[-0.3832191,39.4464287],[-0.3832831,39.4460837],[-0.3833069,39.4458136],[-0.3833066,39.4457171],[-0.3833039,39.4456575],[-0.3833007,39.4456033],[-0.383297,39.4455611],[-0.3832938,39.4455245],[-0.3832859,39.4454627],[-0.3832774,39.4454079],[-0.383271,39.445367],[-0.3832652,39.4453329],[-0.3832566,39.4452925],[-0.3832483,39.445254],[-0.3832425,39.4452285],[-0.3832345,39.4451976],[-0.3832282,39.4451732],[-0.3832205,39.445143],[-0.3832022,39.4450931],[-0.3831759,39.4450274],[-0.3831505,39.4449702],[-0.3831284,39.444924],[-0.383103,39.4448742],[-0.3829338,39.444559],[-0.3827364,39.4441872],[-0.3825558,39.443847],[-0.3824931,39.44373],[-0.3824503,39.4436569],[-0.3824086,39.4435926],[-0.3823642,39.4435296],[-0.382317,39.4434677],[-0.382267,39.4434072],[-0.3822144,39.443348],[-0.3821591,39.4432903],[-0.3821238,39.4432561],[-0.3820754,39.4432107],[-0.3820283,39.4431689],[-0.3819783,39.4431266],[-0.3819426,39.4430995],[-0.381845,39.4430294],[-0.3817964,39.4429951],[-0.3817444,39.4429611],[-0.3817014,39.442933],[-0.3816295,39.4428904],[-0.3815537,39.4428452],[-0.3815032,39.4428166],[-0.3814427,39.4427842],[-0.3814004,39.4427623],[-0.3813451,39.4427351],[-0.3812954,39.4427107],[-0.3812482,39.4426893],[-0.3811881,39.442662],[-0.381112,39.4426301],[-0.3810787,39.4426161],[-0.3810259,39.4425957],[-0.3809674,39.4425732],[-0.3809271,39.4425589],[-0.3808899,39.4425458],[-0.3808542,39.4425331],[-0.3808055,39.4425174],[-0.3807544,39.442501],[-0.3806981,39.442484],[-0.3806231,39.4424622],[-0.3805715,39.4424486],[-0.3805215,39.4424355],[-0.3804644,39.4424209],[-0.3804088,39.442407],[-0.380348,39.4423923],[-0.3803025,39.4423812],[-0.3802346,39.4423689],[-0.380162,39.4423569],[-0.380105,39.4423482],[-0.3800408,39.4423389],[-0.3798822,39.4423186],[-0.3797048,39.4422958],[-0.3795498,39.4422771],[-0.3794251,39.4422622],[-0.3789388,39.4422142],[-0.3778194,39.4421046],[-0.3764276,39.4419716],[-0.3753862,39.4418701],[-0.3749969,39.4417967],[-0.3744766,39.4417457],[-0.3740972,39.4416745],[-0.3734734,39.4416149],[-0.3727637,39.4415203],[-0.3716536,39.4413928],[-0.3713422,39.441357],[-0.3729789,39.441545],[-0.3734734,39.4416149],[-0.3764812,39.4419096],[-0.379009,39.4421542],[-0.3796972,39.442196],[-0.3799651,39.4422222],[-0.3804951,39.4423217],[-0.3806052,39.44235],[-0.3808217,39.4424145],[-0.3810568,39.4424782],[-0.3814248,39.4425609],[-0.3818217,39.4426126],[-0.3822232,39.4426341],[-0.382851,39.4425879],[-0.3848134,39.4423484],[-0.386312,39.4422423],[-0.3869416,39.4421741],[-0.3875517,39.4420663],[-0.3890396,39.4416982],[-0.3896779,39.4415813],[-0.3902001,39.4415145],[-0.3908567,39.4414672],[-0.3914299,39.4414586],[-0.3920154,39.4414835],[-0.3927221,39.4415496],[-0.3934737,39.4416798],[-0.3941175,39.4418354],[-0.3947996,39.4420346],[-0.3955536,39.4423239],[-0.3960768,39.4425541],[-0.3972857,39.4432201],[-0.3978881,39.4434995],[-0.3986886,39.4438331],[-0.3991624,39.4440616],[-0.3997292,39.4443871],[-0.4001079,39.4446717],[-0.400278,39.4448281],[-0.4005068,39.4450785],[-0.4039075,39.4497073],[-0.4039075,39.4497073],[-0.4047762,39.4508813],[-0.405888,39.4524328],[-0.4083392,39.4557839],[-0.4090765,39.4567862],[-0.4094081,39.4572053],[-0.4097045,39.4575219],[-0.4100079,39.457794],[-0.4103399,39.4580439],[-0.4107085,39.458274],[-0.4109895,39.4584224],[-0.4114332,39.4586181],[-0.4117758,39.4587403],[-0.4123726,39.4589046],[-0.4141612,39.4592804],[-0.4283838,39.4621318],[-0.4289453,39.4622362],[-0.4297665,39.4623583],[-0.4304382,39.4624267],[-0.4310169,39.4624587],[-0.4314956,39.4624687],[-0.4323969,39.462451],[-0.4583222,39.4613878],[-0.4764372,39.4606228],[-0.4772139,39.4606252],[-0.4777359,39.4606508],[-0.4783705,39.4607098],[-0.4793323,39.4608572],[-0.4807442,39.4611535],[-0.5045276,39.466419],[-0.5393213,39.4741501],[-0.5460973,39.4756584],[-0.5468006,39.4758243],[-0.5475124,39.4760149],[-0.5480229,39.4761786],[-0.5487921,39.4764635],[-0.5494218,39.4767633],[-0.5502165,39.4771965],[-0.561791,39.4842134],[-0.5621441,39.4844146],[-0.5627551,39.4847248],[-0.5633854,39.4849852],[-0.5639121,39.4851572],[-0.5644421,39.4852918],[-0.5652385,39.4854288],[-0.5659217,39.4854939],[-0.5671982,39.4855063],[-0.5694005,39.4856054],[-0.5707612,39.4856502],[-0.5914502,39.4850416],[-0.5928774,39.485023],[-0.5936602,39.4850413],[-0.5945671,39.4851263],[-0.5951542,39.485215],[-0.5960662,39.4854057],[-0.5970071,39.4856647],[-0.6025086,39.4874236],[-0.6029544,39.4875782],[-0.6038083,39.4879101],[-0.6043414,39.4881453],[-0.6158281,39.4934906],[-0.616642,39.4938428],[-0.617355,39.4941068],[-0.6178803,39.4942685],[-0.6183339,39.4943847],[-0.6192425,39.4945747],[-0.6278868,39.4959393],[-0.6289051,39.4961375],[-0.6294567,39.4962858],[-0.6297682,39.4963873],[-0.6303314,39.4966075],[-0.6306584,39.4967564],[-0.6315435,39.4972338],[-0.6337007,39.4984927],[-0.6344394,39.4988566],[-0.635007,39.4990847],[-0.643868,39.5022149],[-0.6444866,39.5024119],[-0.6451624,39.5025783],[-0.6457723,39.5026715],[-0.6464443,39.5027122],[-0.6469038,39.5027038],[-0.6473289,39.5026712],[-0.6476627,39.5026262],[-0.6480631,39.5025492],[-0.6486765,39.5023864],[-0.6492467,39.5021796],[-0.6498027,39.5019079],[-0.6506059,39.5014091],[-0.6555693,39.49798],[-0.6561237,39.4976203],[-0.6565243,39.4973849],[-0.6570091,39.4971384],[-0.6575064,39.4969282],[-0.6579294,39.4967836],[-0.6585406,39.4966245],[-0.6592087,39.4965182],[-0.6597938,39.4964808],[-0.6604593,39.4965008],[-0.6610784,39.4965755],[-0.6616942,39.4967086],[-0.6623869,39.4969335],[-0.6631797,39.4972333],[-0.6636506,39.4973894],[-0.664133,39.4975231],[-0.6648292,39.4976495],[-0.6655398,39.4977108],[-0.6660763,39.4977135],[-0.6663702,39.4976978],[-0.6669525,39.4976294],[-0.6675218,39.4975124],[-0.6681073,39.4973359],[-0.6685424,39.4971771],[-0.6728654,39.4953452],[-0.6737327,39.4950001],[-0.674288,39.4947994],[-0.6900031,39.4893541],[-0.6908405,39.4890999],[-0.6912257,39.4890111],[-0.6916446,39.4889387],[-0.6922389,39.488877],[-0.6928724,39.4888641],[-0.6934652,39.4888959],[-0.6940015,39.4889603],[-0.7165586,39.4926125],[-0.7177102,39.4927706],[-0.7181075,39.4927905],[-0.7185055,39.4927875],[-0.7189139,39.4927573],[-0.7192391,39.4927099],[-0.7196404,39.4926229],[-0.7200348,39.4925077],[-0.7204064,39.4923685],[-0.7207295,39.4922173],[-0.7209752,39.492081],[-0.7212776,39.491886],[-0.7218829,39.4914081],[-0.7243873,39.4891774],[-0.7246777,39.4889046],[-0.7250214,39.48855],[-0.7252766,39.4882433],[-0.7254733,39.48797],[-0.7256832,39.4876299],[-0.7258361,39.487341],[-0.7259711,39.4870285],[-0.7260853,39.4866995],[-0.7261856,39.4862946],[-0.7262269,39.4860522],[-0.7262646,39.4855246],[-0.7262544,39.4851102],[-0.7261695,39.4845616],[-0.7260899,39.4842034],[-0.7232435,39.4746076],[-0.7230799,39.4738802],[-0.7230368,39.4735067],[-0.7230144,39.473038],[-0.7230876,39.4710442],[-0.7232486,39.4677551],[-0.723289,39.4674313],[-0.7233977,39.4669956],[-0.7234841,39.4667716],[-0.7235903,39.4665527],[-0.7238244,39.4661463],[-0.7320135,39.4531519],[-0.7324547,39.4524981],[-0.7327136,39.4521708],[-0.7328271,39.45204],[-0.7333165,39.4515552],[-0.7335227,39.4513837],[-0.733934,39.4510737],[-0.7342765,39.4508518],[-0.7348536,39.450535],[-0.7353493,39.450305],[-0.7498501,39.4443946],[-0.7513989,39.4437599],[-0.7519883,39.4434894],[-0.7525337,39.443193],[-0.7531023,39.4428345],[-0.7587101,39.4388836],[-0.7591765,39.4386],[-0.759527,39.4384075],[-0.7602197,39.4380867],[-0.7608023,39.4378659],[-0.7612603,39.4377117],[-0.7682534,39.435502],[-0.7687268,39.4353246],[-0.7701129,39.4347105],[-0.7706936,39.4345009],[-0.7710472,39.4343964],[-0.7836696,39.4312486],[-0.7842377,39.4310904],[-0.7844753,39.4310095],[-0.7848623,39.4308494],[-0.7853975,39.4305556],[-0.7857532,39.4302986],[-0.7861495,39.4299293],[-0.7864101,39.4296074],[-0.7865352,39.4294232],[-0.7867454,39.4290131],[-0.7870276,39.4281879],[-0.7871531,39.4278672],[-0.7872455,39.4276773],[-0.7874107,39.427398],[-0.7876001,39.4271306],[-0.7879653,39.4267321],[-0.7884489,39.4263236],[-0.7889904,39.4259757],[-0.7901228,39.4253826],[-0.7909728,39.4249586],[-0.7911813,39.4248696],[-0.7917393,39.4246955],[-0.7921391,39.424616],[-0.7925794,39.4245746],[-0.7931353,39.4245864],[-0.7935227,39.4246371],[-0.793839,39.4247048],[-0.7964018,39.4254159],[-0.7969257,39.4255336],[-0.7975256,39.4255913],[-0.7979949,39.4255747],[-0.798474,39.425504],[-0.7988576,39.425406],[-0.7992883,39.4252463],[-0.7996897,39.4250326],[-0.799878,39.4249119],[-0.8000458,39.4247857],[-0.8002341,39.4246156],[-0.8005371,39.424282],[-0.800737,39.4239873],[-0.8008956,39.4236427],[-0.8012139,39.4223918],[-0.8012797,39.4222073],[-0.8014502,39.4218746],[-0.8015744,39.4216914],[-0.8018783,39.4213492],[-0.8020582,39.4211894],[-0.8023194,39.420993],[-0.802579,39.420839],[-0.8029066,39.4207002],[-0.8032398,39.4205852],[-0.8035657,39.4204956],[-0.8039349,39.420419],[-0.8044193,39.4203565],[-0.8057895,39.420285],[-0.8061682,39.420248],[-0.8067,39.4201496],[-0.8069368,39.4200859],[-0.8073689,39.4199408],[-0.8077071,39.4197985],[-0.8094308,39.4189812],[-0.8097475,39.4188594],[-0.8101854,39.4187266],[-0.8108876,39.4186489],[-0.8115446,39.4186184],[-0.8123012,39.4186329],[-0.8128795,39.41868],[-0.8131898,39.4187544],[-0.8135353,39.4188618],[-0.8150533,39.4194773],[-0.8157546,39.4197168],[-0.8187359,39.4204947],[-0.8193413,39.4206827],[-0.8201908,39.4209182],[-0.821521,39.4212242],[-0.8226041,39.4214126],[-0.8260849,39.4217341],[-0.8271488,39.4218487],[-0.8295214,39.4220545],[-0.8300663,39.4221563],[-0.8305709,39.4223205],[-0.8326234,39.423219],[-0.8331488,39.4234332],[-0.8336889,39.4236228],[-0.8344432,39.4238315],[-0.8348286,39.4239147],[-0.8385678,39.4245881],[-0.8394746,39.4247701],[-0.839992,39.4249208],[-0.8414711,39.4254835],[-0.8418214,39.425636],[-0.8424713,39.4259797],[-0.8429702,39.4263411],[-0.8432332,39.4265732],[-0.8434791,39.426825],[-0.8439564,39.4274361],[-0.8442615,39.4279316],[-0.8444401,39.4283068],[-0.8446194,39.4287898],[-0.8458723,39.4327462],[-0.8459476,39.4329453],[-0.846157,39.4333619],[-0.8463884,39.4337049],[-0.8466637,39.4340276],[-0.8469719,39.4343201],[-0.8473144,39.4345784],[-0.8477781,39.4348271],[-0.8482723,39.4350181],[-0.8487014,39.4351324],[-0.8495409,39.4352742],[-0.8532274,39.4357671],[-0.8536729,39.435852],[-0.8541226,39.4359736],[-0.8544467,39.436093],[-0.854763,39.4362371],[-0.8550435,39.4363928],[-0.8553152,39.4365706],[-0.8555773,39.4367791],[-0.8558148,39.4370068],[-0.85602,39.4372481],[-0.8562004,39.4375003],[-0.8563047,39.4376816],[-0.8564394,39.4379897],[-0.8565297,39.4382937],[-0.8565618,39.4384561],[-0.856593,39.4387945],[-0.856591,39.4389634],[-0.856558,39.4392704],[-0.8564796,39.439585],[-0.8563155,39.4399779],[-0.8560943,39.4403444],[-0.8556922,39.4408415],[-0.8546046,39.4420371],[-0.8544104,39.442299],[-0.854194,39.4426737],[-0.8540556,39.443006],[-0.853992,39.4432313],[-0.8539513,39.4434521],[-0.8539338,39.4436491],[-0.8539465,39.4440398],[-0.8540272,39.4444632],[-0.8542059,39.4448972],[-0.8544786,39.445336],[-0.8592101,39.4514127],[-0.8594493,39.4517107],[-0.8597573,39.4520422],[-0.8601212,39.4523444],[-0.8605581,39.4526226],[-0.8611754,39.4528949],[-0.8617119,39.4530509],[-0.8621652,39.4531333],[-0.862869,39.4532235],[-0.867939,39.4538164],[-0.868276,39.4538724],[-0.8686489,39.4539593],[-0.8691443,39.4541233],[-0.8694724,39.4542657],[-0.869759,39.4544157],[-0.870057,39.4546061],[-0.8704008,39.454874],[-0.8706282,39.455093],[-0.8707791,39.4552659],[-0.8713898,39.456077],[-0.8716,39.4562999],[-0.8718289,39.4564951],[-0.8721675,39.4567242],[-0.8724301,39.4568649],[-0.8727001,39.4569805],[-0.8731031,39.4571072],[-0.8737238,39.4572228],[-0.8742316,39.4572493],[-0.8751327,39.4572086],[-0.8794254,39.456941],[-0.8801579,39.4569503],[-0.880647,39.4569968],[-0.881458,39.4571446],[-0.8842051,39.4577617],[-0.8850047,39.4578775],[-0.8856365,39.4579152],[-0.8894875,39.4578929],[-0.8911933,39.4578573],[-0.8998842,39.4574628],[-0.9007226,39.4573973],[-0.9015501,39.4573008],[-0.902387,39.4571751],[-0.9030524,39.4570488],[-0.9041005,39.4567995],[-0.9093884,39.4553851],[-0.9098787,39.455267],[-0.9105471,39.4551396],[-0.9111997,39.4550663],[-0.9117404,39.455041],[-0.9121012,39.4550428],[-0.9128203,39.4550779],[-0.915278,39.4552649],[-0.9160062,39.4552739],[-0.9167306,39.4552295],[-0.9173666,39.4551429],[-0.9181507,39.4549954],[-0.9248508,39.4536586],[-0.9255124,39.4535592],[-0.9257674,39.4535426],[-0.9261681,39.4535435],[-0.9266747,39.4535816],[-0.9269522,39.4536213],[-0.9294392,39.4540626],[-0.9301811,39.4542209],[-0.930641,39.4543471],[-0.9312643,39.4545615],[-0.9318293,39.4548103],[-0.9320976,39.4549514],[-0.9325826,39.4552414],[-0.9330437,39.4555762],[-0.9334648,39.4559413],[-0.9336688,39.4561484],[-0.934081,39.4566194],[-0.9358228,39.4588162],[-0.9362771,39.4593034],[-0.9365951,39.4595913],[-0.9368721,39.4598119],[-0.9371833,39.4600311],[-0.9376269,39.4602997],[-0.9379344,39.4604609],[-0.9384284,39.4606795],[-0.9388249,39.4608287],[-0.9391825,39.4609413],[-0.9395564,39.4610393],[-0.9401835,39.4611715],[-0.9502635,39.4626955],[-0.9516803,39.4628918],[-0.9526267,39.4629636],[-0.95325,39.4629558],[-0.9536941,39.4629244],[-0.9545319,39.4628092],[-0.9553447,39.462655],[-0.9615941,39.4613606],[-0.9625862,39.4612097],[-0.963284,39.4611542],[-0.9641583,39.4611474],[-0.9650232,39.4612011],[-0.9690839,39.4616331],[-0.9698641,39.4617407],[-0.9707813,39.4618954],[-0.9712573,39.4619909],[-0.9722126,39.4622142],[-0.9736369,39.4626309],[-0.9743824,39.4628922],[-0.9752802,39.4632454],[-0.977753,39.4642991],[-0.9784112,39.4645285],[-0.9790068,39.4646958],[-0.9970745,39.4685313],[-1.0098534,39.4762268],[-1.0201961,39.4839649],[-1.0211464,39.4846487],[-1.0218353,39.48512],[-1.0232566,39.4860606],[-1.0239831,39.48652],[-1.0258579,39.4876435],[-1.0272375,39.4884173],[-1.0373413,39.4939293],[-1.0399593,39.4953019],[-1.0421641,39.4963835],[-1.0439631,39.4972164],[-1.0457741,39.4980164],[-1.0475692,39.4987672],[-1.0491522,39.4994001],[-1.0516538,39.5003327],[-1.0534017,39.5009478],[-1.0553335,39.5015908],[-1.0570979,39.5021409],[-1.0591117,39.5027276],[-1.0615736,39.5033922],[-1.0630319,39.5037564],[-1.0645237,39.5041078],[-1.0665752,39.5045584],[-1.0690976,39.5050578],[-1.0703554,39.505265],[-1.0718756,39.5054663],[-1.0730807,39.5055731],[-1.0738736,39.5056228],[-1.074957,39.5056641],[-1.075948,39.505682],[-1.078018,39.5057071],[-1.0797381,39.5056993],[-1.080432,39.5056633],[-1.0808963,39.5056211],[-1.0814196,39.5055579],[-1.082022,39.5054596],[-1.0825836,39.5053474],[-1.0832067,39.505194],[-1.0838277,39.5050146],[-1.084405,39.5048189],[-1.0852496,39.5044836],[-1.0883226,39.503154],[-1.0888067,39.5029252],[-1.089274,39.5026735],[-1.0896756,39.5024104],[-1.0900861,39.5020815],[-1.0903958,39.5017819],[-1.0906891,39.5014359],[-1.0908828,39.5011644],[-1.0910918,39.5008011],[-1.0912836,39.5003558],[-1.0914153,39.4998988],[-1.0915198,39.4993885],[-1.0918866,39.4973683],[-1.0919719,39.4970494],[-1.0921112,39.4966828],[-1.0922419,39.4964309],[-1.0924155,39.4961668],[-1.092605,39.4959278],[-1.0927529,39.4957695],[-1.0929258,39.4956014],[-1.0932064,39.4953733],[-1.0936678,39.4950717],[-1.0941196,39.494845],[-1.0944376,39.4947096],[-1.0994921,39.4927837],[-1.1023344,39.491713],[-1.1030622,39.4915048],[-1.103567,39.4914037],[-1.1040577,39.4913469],[-1.1047814,39.4913267],[-1.1052609,39.4913556],[-1.105701,39.4914118],[-1.1063,39.4915311],[-1.1067472,39.4916682],[-1.1071611,39.4918201],[-1.107934,39.4921742],[-1.1204639,39.4982713],[-1.1210392,39.4985624],[-1.1215097,39.4988225],[-1.1221288,39.4992078],[-1.1223815,39.4993857],[-1.1227603,39.4996697],[-1.1236246,39.5003726],[-1.153236,39.524842],[-1.1540792,39.5255681],[-1.1544647,39.5259513],[-1.1547707,39.5263059],[-1.1549326,39.5265223],[-1.1550653,39.5267155],[-1.1553158,39.5271469],[-1.1555061,39.5275531],[-1.1556856,39.5280216],[-1.1583599,39.5358733],[-1.1584887,39.5362242],[-1.1587461,39.5368325],[-1.1590388,39.5374024],[-1.1592073,39.5376885],[-1.1597487,39.5384917],[-1.160137,39.5389796],[-1.1603735,39.5392512],[-1.160924,39.5398419],[-1.161766,39.5405799],[-1.1624205,39.5410773],[-1.1632486,39.5416199],[-1.1638297,39.5419546],[-1.1649292,39.5425051],[-1.1771052,39.5482875],[-1.1776582,39.548565],[-1.1781959,39.5488647],[-1.1788324,39.5492886],[-1.1794874,39.54982],[-1.1802366,39.5505019],[-1.1926552,39.562049],[-1.1935632,39.5629071],[-1.1962492,39.565531],[-1.1997262,39.5687568],[-1.2000827,39.5691365],[-1.2007564,39.5697523],[-1.2009687,39.5699244],[-1.2023977,39.5709344]]}},{"type":"Feature","properties":{"shape_id":"40_C5","ref":"C5","name":"Puçol - Caudiel","route":"train","colour":"#018A27"},"geometry":{"type":"LineString","coordinates":[[-0.5722067,39.9473496],[-0.5720797,39.9471631],[-0.5719877,39.9469952],[-0.5719272,39.9468714],[-0.5718382,39.9466148],[-0.5717368,39.9461093],[-0.571619,39.9452711],[-0.5715471,39.9448716],[-0.5714696,39.9446005],[-0.571342,39.944284],[-0.571134,39.9439507],[-0.5708678,39.94364],[-0.57051,39.9433322],[-0.5702216,39.9431467],[-0.5698915,39.9429719],[-0.5694293,39.9427931],[-0.5688936,39.94267],[-0.5685526,39.9426238],[-0.5679076,39.9425996],[-0.5657122,39.9427051],[-0.5651727,39.9427167],[-0.5646227,39.9427],[-0.5640486,39.9426427],[-0.5635217,39.9425447],[-0.5631051,39.9424409],[-0.5626359,39.9422837],[-0.5620397,39.9420274],[-0.5615249,39.9417402],[-0.5610111,39.9414019],[-0.55965,39.940439],[-0.5593487,39.9402037],[-0.5590654,39.9399559],[-0.558777,39.9396554],[-0.558519,39.9393403],[-0.5575113,39.9378892],[-0.5571925,39.9374743],[-0.5569339,39.9371947],[-0.5566903,39.9369764],[-0.5564556,39.9367968],[-0.5561,39.9365618],[-0.5555953,39.9362785],[-0.5532451,39.9350426],[-0.5527112,39.934791],[-0.5524225,39.9346778],[-0.5519581,39.9345342],[-0.5502327,39.9340743],[-0.5498014,39.9339213],[-0.5494317,39.9337498],[-0.5489712,39.9334586],[-0.5487455,39.9332718],[-0.5484846,39.9330058],[-0.548331,39.9328063],[-0.5482072,39.9326084],[-0.548097,39.9323827],[-0.5480102,39.9321494],[-0.5479572,39.9319326],[-0.5479214,39.9316108],[-0.5479341,39.9313044],[-0.5479718,39.9310828],[-0.5480362,39.9308583],[-0.5481199,39.9306527],[-0.5482396,39.9304206],[-0.5483913,39.9301995],[-0.5486471,39.9299068],[-0.5488344,39.9297327],[-0.5490371,39.9295796],[-0.549355,39.9293764],[-0.5497334,39.929191],[-0.5500436,39.9290752],[-0.5503328,39.9289892],[-0.5506181,39.9289298],[-0.5510036,39.9288768],[-0.5513797,39.9288558],[-0.5520368,39.9288756],[-0.5613159,39.9296587],[-0.5617202,39.9296818],[-0.5622829,39.9296673],[-0.5628434,39.9295848],[-0.5632971,39.9294599],[-0.5637231,39.9292956],[-0.5641087,39.9290807],[-0.564471,39.9288214],[-0.5668493,39.9268092],[-0.5670315,39.926644],[-0.5672663,39.9263894],[-0.5674649,39.9261096],[-0.5676003,39.9258492],[-0.5677303,39.9254981],[-0.5681177,39.9242322],[-0.5682173,39.9239622],[-0.5683194,39.9237409],[-0.568453,39.9235154],[-0.5686037,39.9233122],[-0.5687379,39.9231601],[-0.569024,39.9229007],[-0.5694638,39.9226011],[-0.5699366,39.9223716],[-0.5701318,39.9223019],[-0.5704984,39.9221929],[-0.5718875,39.9219281],[-0.5726049,39.9217596],[-0.5732339,39.9215705],[-0.5737557,39.9213412],[-0.5739998,39.921206],[-0.5743412,39.9209793],[-0.5745508,39.9208134],[-0.5748356,39.9205442],[-0.5750833,39.9202152],[-0.5751462,39.9201008],[-0.57525,39.9198844],[-0.5753715,39.9195447],[-0.5754261,39.9192136],[-0.5754279,39.9189709],[-0.5754057,39.9187434],[-0.5753154,39.9183677],[-0.5751499,39.9179991],[-0.5749196,39.917646],[-0.5746986,39.9173948],[-0.5743477,39.9170867],[-0.5739386,39.9168275],[-0.5734092,39.9165939],[-0.5692133,39.9150077],[-0.5623355,39.9124891],[-0.5580958,39.9109112],[-0.5577807,39.9107595],[-0.5574638,39.9105671],[-0.557148,39.9103229],[-0.5568914,39.9100693],[-0.5567364,39.9098795],[-0.5565319,39.9095547],[-0.5564192,39.9093059],[-0.5563387,39.9090498],[-0.5562913,39.9087889],[-0.5562784,39.9084817],[-0.5563069,39.9081934],[-0.5563679,39.9079397],[-0.5564417,39.9077385],[-0.5565485,39.9075165],[-0.5567924,39.9071381],[-0.5569953,39.9068969],[-0.5580886,39.9057284],[-0.5582122,39.9055791],[-0.5583732,39.9053445],[-0.5585223,39.9050569],[-0.5586332,39.9047426],[-0.5586875,39.9044802],[-0.5587078,39.9041265],[-0.5586637,39.9037944],[-0.5585687,39.9034146],[-0.557705,39.9007544],[-0.5575133,39.9002286],[-0.5573877,39.8999574],[-0.5572158,39.8996898],[-0.557007,39.8994385],[-0.5567619,39.8992083],[-0.5563439,39.8989095],[-0.5561181,39.8987845],[-0.5558193,39.8986501],[-0.5552876,39.8984796],[-0.5547573,39.8983819],[-0.5542364,39.8983473],[-0.549991,39.8983684],[-0.5494751,39.8983573],[-0.5490467,39.8983282],[-0.5487532,39.8982894],[-0.5483998,39.8982188],[-0.5479538,39.898092],[-0.5473469,39.8978584],[-0.5428432,39.8959186],[-0.5422889,39.895656],[-0.5417257,39.8953365],[-0.541304,39.8950268],[-0.5409152,39.894674],[-0.5405872,39.894321],[-0.539193,39.8926808],[-0.5389003,39.8923861],[-0.5386432,39.8921735],[-0.5383093,39.8919395],[-0.5378071,39.8916662],[-0.5374285,39.8915053],[-0.5368615,39.8913295],[-0.5361824,39.8911942],[-0.527774,39.8899398],[-0.5268769,39.8897932],[-0.5266228,39.8897336],[-0.5261432,39.8895758],[-0.5258516,39.8894456],[-0.5255839,39.8892931],[-0.525167,39.8889889],[-0.5239136,39.8879287],[-0.5237115,39.8877739],[-0.5233159,39.8875238],[-0.522834,39.8873072],[-0.522329,39.8871596],[-0.5217361,39.887068],[-0.5198572,39.8869854],[-0.5194798,39.8869846],[-0.5190599,39.8869403],[-0.5186523,39.8868509],[-0.5183594,39.8867553],[-0.5180814,39.8866365],[-0.5177389,39.8864441],[-0.5174349,39.8862165],[-0.5171755,39.8859583],[-0.5168472,39.8855064],[-0.5166757,39.8852039],[-0.5165841,39.8849676],[-0.5165143,39.8847307],[-0.5161827,39.8833779],[-0.5160203,39.8829179],[-0.514153,39.8789252],[-0.5136252,39.8778412],[-0.5134414,39.8775567],[-0.5131936,39.8772472],[-0.5129276,39.876977],[-0.5126165,39.876718],[-0.5122962,39.8764988],[-0.5119911,39.8763246],[-0.5116969,39.8761834],[-0.5113362,39.8760433],[-0.5107923,39.8758742],[-0.5086927,39.8753606],[-0.5079555,39.8751532],[-0.5070661,39.8747849],[-0.5060045,39.8743166],[-0.5025319,39.8727294],[-0.5010975,39.8720435],[-0.4945827,39.8690734],[-0.4941136,39.8688238],[-0.493686,39.8685363],[-0.4933096,39.8682173],[-0.4929818,39.8678539],[-0.4927159,39.867467],[-0.4925016,39.8670384],[-0.4924161,39.8667982],[-0.4923512,39.8665347],[-0.4923157,39.8663167],[-0.4922952,39.8660466],[-0.4923052,39.8657255],[-0.4923426,39.8654708],[-0.4924078,39.865187],[-0.4925571,39.8647828],[-0.4927331,39.8644593],[-0.4929487,39.8641435],[-0.4933354,39.8637149],[-0.4936717,39.863425],[-0.4940257,39.8631789],[-0.4943453,39.862998],[-0.4947433,39.8628141],[-0.4976328,39.8616202],[-0.4978315,39.8615225],[-0.4980947,39.861366],[-0.4982935,39.8612263],[-0.4986,39.8609672],[-0.4988633,39.8606699],[-0.4990752,39.8603429],[-0.4992304,39.8599929],[-0.4993291,39.8595802],[-0.4993454,39.8591891],[-0.4992844,39.8587964],[-0.4991787,39.8584814],[-0.4990265,39.8581799],[-0.4988618,39.8579369],[-0.4987561,39.8578122],[-0.4984315,39.8574883],[-0.496396,39.8557618],[-0.4958877,39.8553728],[-0.4955713,39.8551762],[-0.495028,39.8549173],[-0.4945499,39.8547528],[-0.4940506,39.8546313],[-0.4935365,39.8545544],[-0.491067,39.8543406],[-0.4905012,39.8543413],[-0.4899887,39.8543986],[-0.4895189,39.8545113],[-0.4890345,39.8546953],[-0.4886485,39.8548802],[-0.4872729,39.8556171],[-0.4868214,39.8558107],[-0.4864526,39.8559323],[-0.4861386,39.8560059],[-0.4858038,39.8560568],[-0.4854877,39.8560805],[-0.4850929,39.8560813],[-0.4846503,39.8560337],[-0.4842451,39.8559531],[-0.4837891,39.8558129],[-0.4833883,39.8556365],[-0.4830394,39.8554341],[-0.4828096,39.855266],[-0.4825173,39.8550038],[-0.4809371,39.8532852],[-0.4806505,39.8529599],[-0.4804072,39.8526481],[-0.4802357,39.8523438],[-0.4801245,39.8520599],[-0.4800573,39.8517561],[-0.4800342,39.851401],[-0.4800543,39.8511874],[-0.480106,39.8509453],[-0.4801975,39.8506694],[-0.4803029,39.8504427],[-0.4827528,39.8459707],[-0.4829224,39.8456008],[-0.4829854,39.8454104],[-0.4830314,39.8451831],[-0.4830542,39.8449537],[-0.4830521,39.8447217],[-0.483026,39.8445057],[-0.482977,39.8442919],[-0.4829185,39.8441146],[-0.4828031,39.8438519],[-0.482648,39.8435984],[-0.482449,39.8433458],[-0.4822751,39.8431681],[-0.4820371,39.8429622],[-0.4784922,39.8404623],[-0.478074,39.8401135],[-0.4777828,39.839817],[-0.4774615,39.8394171],[-0.477163,39.8389297],[-0.4751252,39.8345998],[-0.4748091,39.8340243],[-0.4744438,39.8334925],[-0.4740797,39.833071],[-0.4736608,39.8326603],[-0.4696452,39.829073],[-0.468915,39.8284529],[-0.4684962,39.8281614],[-0.4681385,39.8279541],[-0.4678459,39.8278095],[-0.4675847,39.827695],[-0.4670416,39.8275012],[-0.4663659,39.8273289],[-0.4656883,39.8272234],[-0.4651345,39.8271743],[-0.4620497,39.8269836],[-0.4612453,39.8269139],[-0.4606188,39.8268075],[-0.4602828,39.8267263],[-0.4597956,39.8265773],[-0.4594661,39.826451],[-0.458865,39.8261595],[-0.4582399,39.8257645],[-0.4480243,39.8183785],[-0.4473862,39.8179566],[-0.446834,39.8176432],[-0.4464813,39.8174618],[-0.4399848,39.8143169],[-0.4394843,39.8140874],[-0.4389427,39.8138695],[-0.4382793,39.8136477],[-0.4378815,39.8135382],[-0.4375437,39.8134554],[-0.43697,39.8133436],[-0.4360912,39.8132085],[-0.4337746,39.8128952],[-0.4331376,39.8127905],[-0.4327089,39.8126985],[-0.4322218,39.8125598],[-0.4317,39.8123665],[-0.4310898,39.8120673],[-0.4306647,39.8118127],[-0.430172,39.811442],[-0.4297191,39.8110074],[-0.4294191,39.8106469],[-0.4291502,39.8102292],[-0.4289396,39.8097631],[-0.4287981,39.809314],[-0.4279107,39.8053717],[-0.4278149,39.8049971],[-0.4276627,39.8045234],[-0.4274971,39.8041074],[-0.4272987,39.8037005],[-0.4268702,39.8029944],[-0.4265053,39.8025196],[-0.4260455,39.8020436],[-0.4255836,39.8016354],[-0.4252302,39.8013562],[-0.4247188,39.8010032],[-0.4244106,39.8008131],[-0.4237396,39.80044],[-0.4209045,39.7989902],[-0.4204209,39.7987182],[-0.4199989,39.7984421],[-0.4144353,39.7943237],[-0.4074695,39.7891323],[-0.4071136,39.7888795],[-0.4067236,39.7886428],[-0.4060704,39.788333],[-0.4055703,39.7881539],[-0.4049572,39.7879919],[-0.4042436,39.7878733],[-0.4033828,39.7878176],[-0.3946757,39.78755],[-0.3941464,39.7875107],[-0.3935084,39.7874024],[-0.3932848,39.7873485],[-0.3928614,39.7872124],[-0.3924256,39.7870305],[-0.3919371,39.7867568],[-0.3916736,39.7865785],[-0.3867564,39.7826864],[-0.3862505,39.782342],[-0.3857689,39.7821136],[-0.385344,39.7819754],[-0.3849779,39.7818949],[-0.3845305,39.7818389],[-0.3840672,39.7818295],[-0.3834134,39.781896],[-0.3813963,39.7822975],[-0.3808698,39.782367],[-0.3803408,39.7823887],[-0.3799375,39.7823752],[-0.3792916,39.7822936],[-0.378821,39.7821844],[-0.3784109,39.7820544],[-0.3780308,39.7819019],[-0.3776508,39.7817072],[-0.3773295,39.7815067],[-0.3769652,39.7812295],[-0.3716939,39.7768312],[-0.3712159,39.7764133],[-0.3696842,39.77513],[-0.3692173,39.7746938],[-0.3687668,39.774149],[-0.3683011,39.7734329],[-0.3670551,39.7712343],[-0.3668378,39.7707742],[-0.3666945,39.7703686],[-0.3666275,39.7700949],[-0.3665715,39.7697535],[-0.3665514,39.7694592],[-0.3665548,39.7691966],[-0.3666208,39.7686504],[-0.3669465,39.7671434],[-0.366979,39.766763],[-0.3669532,39.7664703],[-0.3668973,39.7662236],[-0.3668155,39.7659845],[-0.3666341,39.7656013],[-0.365238,39.7628497],[-0.365071,39.7625674],[-0.364927,39.762361],[-0.3646062,39.7619618],[-0.3641704,39.7615447],[-0.3638507,39.7612881],[-0.3619785,39.7598853],[-0.3617234,39.7596727],[-0.3614748,39.7594288],[-0.3613285,39.7592491],[-0.3612059,39.7590666],[-0.3610935,39.7588633],[-0.3610056,39.7586583],[-0.3609431,39.7584581],[-0.3609006,39.7582343],[-0.3608798,39.7578239],[-0.3609331,39.7574609],[-0.3610568,39.7570964],[-0.3612394,39.7567591],[-0.3614794,39.756444],[-0.3617153,39.7562039],[-0.3620636,39.7559034],[-0.3653375,39.7533749],[-0.3657055,39.7530616],[-0.3660221,39.7527598],[-0.3665113,39.752218],[-0.3668687,39.751741],[-0.3679902,39.7501387],[-0.3681334,39.7499083],[-0.3683027,39.7495616],[-0.368378,39.749369],[-0.3684482,39.7491152],[-0.3685119,39.7486483],[-0.3685085,39.7482178],[-0.3684248,39.7477688],[-0.3682838,39.7473624],[-0.3680935,39.7469818],[-0.3678654,39.7465897],[-0.3666923,39.7447446],[-0.3665501,39.7444731],[-0.3664073,39.7441422],[-0.366228,39.7435603],[-0.3661596,39.7432011],[-0.3661308,39.7429265],[-0.3661248,39.7423566],[-0.3661576,39.7420232],[-0.3662089,39.7417439],[-0.3663144,39.7413664],[-0.3664803,39.740944],[-0.3666786,39.7405295],[-0.3668904,39.7401893],[-0.3677382,39.739039],[-0.3710907,39.7346307],[-0.3713529,39.7342705],[-0.3715562,39.7339254],[-0.3717726,39.7334975],[-0.3719158,39.7331552],[-0.3720662,39.7326917],[-0.3721455,39.732363],[-0.3722,39.7320404],[-0.3722359,39.7316276],[-0.3722382,39.7312946],[-0.3722034,39.7308129],[-0.3721504,39.730476],[-0.3720485,39.7300474],[-0.3719051,39.7296213],[-0.3717401,39.7292277],[-0.3715718,39.7288953],[-0.3713585,39.7285518],[-0.3708459,39.7278657],[-0.3706627,39.727666],[-0.3653376,39.7223661],[-0.3648536,39.7218455],[-0.3645582,39.7214768],[-0.3643668,39.7212033],[-0.3641345,39.7208268],[-0.3638731,39.7203353],[-0.3637497,39.7200469],[-0.3635762,39.7195573],[-0.3628187,39.7165693],[-0.3626994,39.7162435],[-0.3625261,39.7158836],[-0.3623823,39.7156417],[-0.3621163,39.7153064],[-0.3617704,39.7149576],[-0.3615309,39.7147584],[-0.3612407,39.7145576],[-0.3610337,39.714431],[-0.3606782,39.7142464],[-0.3604443,39.7141448],[-0.3600814,39.7140148],[-0.3597949,39.7139277],[-0.359476,39.7138531],[-0.3590384,39.7137775],[-0.3584808,39.7137341],[-0.3567993,39.7137572],[-0.35599,39.71372],[-0.3557231,39.7136863],[-0.3550953,39.7135717],[-0.3545715,39.7134322],[-0.3539571,39.7132164],[-0.353352,39.7129258],[-0.3528022,39.7125805],[-0.3523469,39.7122264],[-0.3521365,39.7120302],[-0.3518882,39.7117671],[-0.3515018,39.7112484],[-0.3509209,39.7103248],[-0.3500276,39.7088214],[-0.3469717,39.7039802],[-0.3464533,39.7032336],[-0.3459434,39.7026271],[-0.3457252,39.7023956],[-0.345262,39.7019414],[-0.3421247,39.6990809],[-0.3417796,39.6987818],[-0.3415325,39.698589],[-0.3412052,39.6983623],[-0.3406148,39.6980385],[-0.3401022,39.6978158],[-0.3381382,39.6971618],[-0.3375153,39.6969362],[-0.3370205,39.6967341],[-0.3367848,39.6966193],[-0.3362896,39.6963384],[-0.3358274,39.6960109],[-0.3355626,39.695789],[-0.3351446,39.6953575],[-0.3347785,39.694866],[-0.3332181,39.692336],[-0.3317038,39.6898218],[-0.3313776,39.6893171],[-0.3302555,39.6874894],[-0.329971,39.6870473],[-0.3297026,39.6866844],[-0.3293939,39.6863334],[-0.3291196,39.6860672],[-0.3287409,39.6857541],[-0.3284784,39.6855634],[-0.3279813,39.6852489],[-0.3249181,39.6835855],[-0.3244511,39.6833165],[-0.3241159,39.6831028],[-0.3237891,39.6828578],[-0.3234061,39.6825223],[-0.322992,39.6820926],[-0.3197422,39.6784717],[-0.3192605,39.6779557],[-0.318928,39.6776513],[-0.318483,39.6773136],[-0.318117,39.6770765],[-0.3177182,39.6768483],[-0.3172695,39.6766321],[-0.3165432,39.6763517],[-0.3159465,39.6761762],[-0.3152565,39.6760326],[-0.314575,39.6759473],[-0.3122955,39.6758135],[-0.3016757,39.6753897],[-0.3007916,39.6753139],[-0.3001996,39.6752258],[-0.2993592,39.6750513],[-0.2985545,39.674837],[-0.2947841,39.6736742],[-0.2885144,39.6718689],[-0.2877621,39.6717215],[-0.2872622,39.6716686],[-0.2868593,39.6716496],[-0.2764564,39.6717194],[-0.2759454,39.6717641],[-0.2753706,39.671884],[-0.274813,39.672065],[-0.2745613,39.6721782],[-0.2741937,39.672399],[-0.273937,39.6726124],[-0.2735024,39.6730677],[-0.2731142,39.6735885],[-0.2726624,39.6740699],[-0.2714163,39.6757675],[-0.2726339,39.6741087],[-0.2735983,39.6727138],[-0.2739887,39.6720487],[-0.2742969,39.6714851],[-0.2753254,39.6694054],[-0.2756348,39.668714],[-0.2759465,39.6678993],[-0.2767874,39.6656465],[-0.278026,39.6622245],[-0.278478,39.6610208],[-0.2787797,39.6602672],[-0.2844629,39.6472853],[-0.2851118,39.6458627],[-0.285497,39.6451056],[-0.2861186,39.6440207],[-0.2870611,39.6425871],[-0.2883913,39.640718],[-0.2895838,39.639088],[-0.2978334,39.6274614],[-0.29879,39.6261301],[-0.3012224,39.6228672],[-0.3030961,39.6202702],[-0.3032624,39.6200356],[-0.3036588,39.619387],[-0.3051095,39.6173562],[-0.3056734,39.6164938],[-0.3061353,39.6157127],[-0.3064152,39.6151903],[-0.3066765,39.6146482],[-0.307019,39.6138628],[-0.3073409,39.6130057],[-0.3075227,39.6124308],[-0.3078019,39.6113835],[-0.307952,39.6106335],[-0.3080717,39.6098891],[-0.3084222,39.6068228],[-0.3085961,39.605653],[-0.3087088,39.6050039],[-0.313598,39.579487],[-0.3146392,39.5739594],[-0.3152792,39.5706824],[-0.3235911,39.5271491],[-0.331676,39.4851258],[-0.3318626,39.484236],[-0.3323418,39.4823078],[-0.3324458,39.4818347],[-0.3335293,39.4761154],[-0.3346714,39.4703947],[-0.3347523,39.4698639],[-0.3349208,39.4682842],[-0.3350305,39.4676358],[-0.3351398,39.4671747],[-0.3352671,39.4667389],[-0.3354519,39.4662149],[-0.3356246,39.4657973],[-0.3358212,39.4653802],[-0.336029,39.4649875],[-0.3362676,39.4645824],[-0.3370326,39.4635047],[-0.3375293,39.4629291],[-0.3379043,39.4625401],[-0.3383152,39.4621508],[-0.3387717,39.4617572],[-0.3393532,39.4612883],[-0.3395155,39.4611307],[-0.3398892,39.4606883],[-0.3401245,39.4603191],[-0.3402675,39.460029],[-0.3404175,39.4596136],[-0.3406849,39.4585149],[-0.3412142,39.4564681],[-0.3414355,39.455457],[-0.3418081,39.4533387],[-0.3418547,39.452873],[-0.3418442,39.4523438],[-0.3417823,39.4518925],[-0.3414554,39.4502537],[-0.3413966,39.4497957],[-0.3407709,39.4435194],[-0.3407364,39.4429347],[-0.340768,39.4425989],[-0.3408339,39.4422845],[-0.3410547,39.4415696],[-0.3411405,39.4413199],[-0.3412323,39.4411211],[-0.341467,39.4407404],[-0.341609,39.4405602],[-0.3418136,39.44034],[-0.341992,39.440175],[-0.3422852,39.4399459],[-0.3424966,39.4398062],[-0.3428481,39.439607],[-0.3433489,39.4393833],[-0.3437509,39.4392442],[-0.3440295,39.4391664],[-0.3446025,39.4390522],[-0.3451878,39.4389942],[-0.3458581,39.439001],[-0.3464882,39.4390508],[-0.3792993,39.4422482],[-0.3801422,39.4423536],[-0.3807394,39.4424961],[-0.3810787,39.4426161],[-0.3814004,39.4427623],[-0.3817964,39.4429951],[-0.3820409,39.4431796],[-0.382267,39.4434072],[-0.3824086,39.4435926],[-0.3827346,39.4441837],[-0.3831954,39.4450747],[-0.3832448,39.4452377],[-0.3832938,39.4455245],[-0.3833069,39.4458136],[-0.3832831,39.4460837],[-0.3832191,39.4464287],[-0.3823595,39.4501857],[-0.3821626,39.4510215],[-0.3819442,39.4518542],[-0.3818081,39.4523237],[-0.3809089,39.4548956],[-0.380795,39.4553133],[-0.3805584,39.4564519],[-0.3803789,39.4571576],[-0.3772119,39.4662768]]}},{"type":"Feature","properties":{"shape_id":"40_C5_INV","ref":"C5","name":"Caudiel - Puçol","route":"train","colour":"#018A27"},"geometry":{"type":"LineString","coordinates":[[-0.3772119,39.4662768],[-0.3803789,39.4571576],[-0.3805584,39.4564519],[-0.380795,39.4553133],[-0.3809089,39.4548956],[-0.3818081,39.4523237],[-0.3819442,39.4518542],[-0.3821626,39.4510215],[-0.3823595,39.4501857],[-0.3832191,39.4464287],[-0.3832831,39.4460837],[-0.3833069,39.4458136],[-0.3832938,39.4455245],[-0.3832448,39.4452377],[-0.3831954,39.4450747],[-0.3827346,39.4441837],[-0.3824086,39.4435926],[-0.382267,39.4434072],[-0.3820409,39.4431796],[-0.3817964,39.4429951],[-0.3814004,39.4427623],[-0.3810787,39.4426161],[-0.3807394,39.4424961],[-0.3801422,39.4423536],[-0.3792993,39.4422482],[-0.3464882,39.4390508],[-0.3458581,39.439001],[-0.3451878,39.4389942],[-0.3446025,39.4390522],[-0.3440295,39.4391664],[-0.3437509,39.4392442],[-0.3433489,39.4393833],[-0.3428481,39.439607],[-0.3424966,39.4398062],[-0.3422852,39.4399459],[-0.341992,39.440175],[-0.3418136,39.44034],[-0.341609,39.4405602],[-0.341467,39.4407404],[-0.3412323,39.4411211],[-0.3411405,39.4413199],[-0.3410547,39.4415696],[-0.3408339,39.4422845],[-0.340768,39.4425989],[-0.3407364,39.4429347],[-0.3407709,39.4435194],[-0.3413966,39.4497957],[-0.3414554,39.4502537],[-0.3417823,39.4518925],[-0.3418442,39.4523438],[-0.3418547,39.452873],[-0.3418081,39.4533387],[-0.3414355,39.455457],[-0.3412142,39.4564681],[-0.3406849,39.4585149],[-0.3404175,39.4596136],[-0.3402675,39.460029],[-0.3401245,39.4603191],[-0.3398892,39.4606883],[-0.3395155,39.4611307],[-0.3393532,39.4612883],[-0.3387717,39.4617572],[-0.3383152,39.4621508],[-0.3379043,39.4625401],[-0.3375293,39.4629291],[-0.3370326,39.4635047],[-0.3362676,39.4645824],[-0.336029,39.4649875],[-0.3358212,39.4653802],[-0.3356246,39.4657973],[-0.3354519,39.4662149],[-0.3352671,39.4667389],[-0.3351398,39.4671747],[-0.3350305,39.4676358],[-0.3349208,39.4682842],[-0.3347523,39.4698639],[-0.3346714,39.4703947],[-0.3335293,39.4761154],[-0.3324458,39.4818347],[-0.3323418,39.4823078],[-0.3318626,39.484236],[-0.331676,39.4851258],[-0.3235911,39.5271491],[-0.3152792,39.5706824],[-0.3146392,39.5739594],[-0.313598,39.579487],[-0.3087088,39.6050039],[-0.3085961,39.605653],[-0.3084222,39.6068228],[-0.3080717,39.6098891],[-0.307952,39.6106335],[-0.3078019,39.6113835],[-0.3075227,39.6124308],[-0.3073409,39.6130057],[-0.307019,39.6138628],[-0.3066765,39.6146482],[-0.3064152,39.6151903],[-0.3061353,39.6157127],[-0.3056734,39.6164938],[-0.3051095,39.6173562],[-0.3036588,39.619387],[-0.3032624,39.6200356],[-0.3030961,39.6202702],[-0.3012224,39.6228672],[-0.29879,39.6261301],[-0.2978334,39.6274614],[-0.2895838,39.639088],[-0.2883913,39.640718],[-0.2870611,39.6425871],[-0.2861186,39.6440207],[-0.285497,39.6451056],[-0.2851118,39.6458627],[-0.2844629,39.6472853],[-0.2787797,39.6602672],[-0.278478,39.6610208],[-0.278026,39.6622245],[-0.2767874,39.6656465],[-0.2759465,39.6678993],[-0.2756348,39.668714],[-0.2753254,39.6694054],[-0.2742969,39.6714851],[-0.2739887,39.6720487],[-0.2735983,39.6727138],[-0.2726339,39.6741087],[-0.2714163,39.6757675],[-0.2726624,39.6740699],[-0.2731142,39.6735885],[-0.2735024,39.6730677],[-0.273937,39.6726124],[-0.2741937,39.672399],[-0.2745613,39.6721782],[-0.274813,39.672065],[-0.2753706,39.671884],[-0.2759454,39.6717641],[-0.2764564,39.6717194],[-0.2868593,39.6716496],[-0.2872622,39.6716686],[-0.2877621,39.6717215],[-0.2885144,39.6718689],[-0.2947841,39.6736742],[-0.2985545,39.674837],[-0.2993592,39.6750513],[-0.3001996,39.6752258],[-0.3007916,39.6753139],[-0.3016757,39.6753897],[-0.3122955,39.6758135],[-0.314575,39.6759473],[-0.3152565,39.6760326],[-0.3159465,39.6761762],[-0.3165432,39.6763517],[-0.3172695,39.6766321],[-0.3177182,39.6768483],[-0.318117,39.6770765],[-0.318483,39.6773136],[-0.318928,39.6776513],[-0.3192605,39.6779557],[-0.3197422,39.6784717],[-0.322992,39.6820926],[-0.3234061,39.6825223],[-0.3237891,39.6828578],[-0.3241159,39.6831028],[-0.3244511,39.6833165],[-0.3249181,39.6835855],[-0.3279813,39.6852489],[-0.3284784,39.6855634],[-0.3287409,39.6857541],[-0.3291196,39.6860672],[-0.3293939,39.6863334],[-0.3297026,39.6866844],[-0.329971,39.6870473],[-0.3302555,39.6874894],[-0.3313776,39.6893171],[-0.3317038,39.6898218],[-0.3332181,39.692336],[-0.3347785,39.694866],[-0.3351446,39.6953575],[-0.3355626,39.695789],[-0.3358274,39.6960109],[-0.3362896,39.6963384],[-0.3367848,39.6966193],[-0.3370205,39.6967341],[-0.3375153,39.6969362],[-0.3381382,39.6971618],[-0.3401022,39.6978158],[-0.3406148,39.6980385],[-0.3412052,39.6983623],[-0.3415325,39.698589],[-0.3417796,39.6987818],[-0.3421247,39.6990809],[-0.345262,39.7019414],[-0.3457252,39.7023956],[-0.3459434,39.7026271],[-0.3464533,39.7032336],[-0.3469717,39.7039802],[-0.3500276,39.7088214],[-0.3509209,39.7103248],[-0.3515018,39.7112484],[-0.3518882,39.7117671],[-0.3521365,39.7120302],[-0.3523469,39.7122264],[-0.3528022,39.7125805],[-0.353352,39.7129258],[-0.3539571,39.7132164],[-0.3545715,39.7134322],[-0.3550953,39.7135717],[-0.3557231,39.7136863],[-0.35599,39.71372],[-0.3567993,39.7137572],[-0.3584808,39.7137341],[-0.3590384,39.7137775],[-0.359476,39.7138531],[-0.3597949,39.7139277],[-0.3600814,39.7140148],[-0.3604443,39.7141448],[-0.3606782,39.7142464],[-0.3610337,39.714431],[-0.3612407,39.7145576],[-0.3615309,39.7147584],[-0.3617704,39.7149576],[-0.3621163,39.7153064],[-0.3623823,39.7156417],[-0.3625261,39.7158836],[-0.3626994,39.7162435],[-0.3628187,39.7165693],[-0.3635762,39.7195573],[-0.3637497,39.7200469],[-0.3638731,39.7203353],[-0.3641345,39.7208268],[-0.3643668,39.7212033],[-0.3645582,39.7214768],[-0.3648536,39.7218455],[-0.3653376,39.7223661],[-0.3706627,39.727666],[-0.3708459,39.7278657],[-0.3713585,39.7285518],[-0.3715718,39.7288953],[-0.3717401,39.7292277],[-0.3719051,39.7296213],[-0.3720485,39.7300474],[-0.3721504,39.730476],[-0.3722034,39.7308129],[-0.3722382,39.7312946],[-0.3722359,39.7316276],[-0.3722,39.7320404],[-0.3721455,39.732363],[-0.3720662,39.7326917],[-0.3719158,39.7331552],[-0.3717726,39.7334975],[-0.3715562,39.7339254],[-0.3713529,39.7342705],[-0.3710907,39.7346307],[-0.3677382,39.739039],[-0.3668904,39.7401893],[-0.3666786,39.7405295],[-0.3664803,39.740944],[-0.3663144,39.7413664],[-0.3662089,39.7417439],[-0.3661576,39.7420232],[-0.3661248,39.7423566],[-0.3661308,39.7429265],[-0.3661596,39.7432011],[-0.366228,39.7435603],[-0.3664073,39.7441422],[-0.3665501,39.7444731],[-0.3666923,39.7447446],[-0.3678654,39.7465897],[-0.3680935,39.7469818],[-0.3682838,39.7473624],[-0.3684248,39.7477688],[-0.3685085,39.7482178],[-0.3685119,39.7486483],[-0.3684482,39.7491152],[-0.368378,39.749369],[-0.3683027,39.7495616],[-0.3681334,39.7499083],[-0.3679902,39.7501387],[-0.3668687,39.751741],[-0.3665113,39.752218],[-0.3660221,39.7527598],[-0.3657055,39.7530616],[-0.3653375,39.7533749],[-0.3620636,39.7559034],[-0.3617153,39.7562039],[-0.3614794,39.756444],[-0.3612394,39.7567591],[-0.3610568,39.7570964],[-0.3609331,39.7574609],[-0.3608798,39.7578239],[-0.3609006,39.7582343],[-0.3609431,39.7584581],[-0.3610056,39.7586583],[-0.3610935,39.7588633],[-0.3612059,39.7590666],[-0.3613285,39.7592491],[-0.3614748,39.7594288],[-0.3617234,39.7596727],[-0.3619785,39.7598853],[-0.3638507,39.7612881],[-0.3641704,39.7615447],[-0.3646062,39.7619618],[-0.364927,39.762361],[-0.365071,39.7625674],[-0.365238,39.7628497],[-0.3666341,39.7656013],[-0.3668155,39.7659845],[-0.3668973,39.7662236],[-0.3669532,39.7664703],[-0.366979,39.766763],[-0.3669465,39.7671434],[-0.3666208,39.7686504],[-0.3665548,39.7691966],[-0.3665514,39.7694592],[-0.3665715,39.7697535],[-0.3666275,39.7700949],[-0.3666945,39.7703686],[-0.3668378,39.7707742],[-0.3670551,39.7712343],[-0.3683011,39.7734329],[-0.3687668,39.774149],[-0.3692173,39.7746938],[-0.3696842,39.77513],[-0.3712159,39.7764133],[-0.3716939,39.7768312],[-0.3769652,39.7812295],[-0.3773295,39.7815067],[-0.3776508,39.7817072],[-0.3780308,39.7819019],[-0.3784109,39.7820544],[-0.378821,39.7821844],[-0.3792916,39.7822936],[-0.3799375,39.7823752],[-0.3803408,39.7823887],[-0.3808698,39.782367],[-0.3813963,39.7822975],[-0.3834134,39.781896],[-0.3840672,39.7818295],[-0.3845305,39.7818389],[-0.3849779,39.7818949],[-0.385344,39.7819754],[-0.3857689,39.7821136],[-0.3862505,39.782342],[-0.3867564,39.7826864],[-0.3916736,39.7865785],[-0.3919371,39.7867568],[-0.3924256,39.7870305],[-0.3928614,39.7872124],[-0.3932848,39.7873485],[-0.3935084,39.7874024],[-0.3941464,39.7875107],[-0.3946757,39.78755],[-0.4033828,39.7878176],[-0.4042436,39.7878733],[-0.4049572,39.7879919],[-0.4055703,39.7881539],[-0.4060704,39.788333],[-0.4067236,39.7886428],[-0.4071136,39.7888795],[-0.4074695,39.7891323],[-0.4144353,39.7943237],[-0.4199989,39.7984421],[-0.4204209,39.7987182],[-0.4209045,39.7989902],[-0.4237396,39.80044],[-0.4244106,39.8008131],[-0.4247188,39.8010032],[-0.4252302,39.8013562],[-0.4255836,39.8016354],[-0.4260455,39.8020436],[-0.4265053,39.8025196],[-0.4268702,39.8029944],[-0.4272987,39.8037005],[-0.4274971,39.8041074],[-0.4276627,39.8045234],[-0.4278149,39.8049971],[-0.4279107,39.8053717],[-0.4287981,39.809314],[-0.4289396,39.8097631],[-0.4291502,39.8102292],[-0.4294191,39.8106469],[-0.4297191,39.8110074],[-0.430172,39.811442],[-0.4306647,39.8118127],[-0.4310898,39.8120673],[-0.4317,39.8123665],[-0.4322218,39.8125598],[-0.4327089,39.8126985],[-0.4331376,39.8127905],[-0.4337746,39.8128952],[-0.4360912,39.8132085],[-0.43697,39.8133436],[-0.4375437,39.8134554],[-0.4378815,39.8135382],[-0.4382793,39.8136477],[-0.4389427,39.8138695],[-0.4394843,39.8140874],[-0.4399848,39.8143169],[-0.4464813,39.8174618],[-0.446834,39.8176432],[-0.4473862,39.8179566],[-0.4480243,39.8183785],[-0.4582399,39.8257645],[-0.458865,39.8261595],[-0.4594661,39.826451],[-0.4597956,39.8265773],[-0.4602828,39.8267263],[-0.4606188,39.8268075],[-0.4612453,39.8269139],[-0.4620497,39.8269836],[-0.4651345,39.8271743],[-0.4656883,39.8272234],[-0.4663659,39.8273289],[-0.4670416,39.8275012],[-0.4675847,39.827695],[-0.4678459,39.8278095],[-0.4681385,39.8279541],[-0.4684962,39.8281614],[-0.468915,39.8284529],[-0.4696452,39.829073],[-0.4736608,39.8326603],[-0.4740797,39.833071],[-0.4744438,39.8334925],[-0.4748091,39.8340243],[-0.4751252,39.8345998],[-0.477163,39.8389297],[-0.4774615,39.8394171],[-0.4777828,39.839817],[-0.478074,39.8401135],[-0.4784922,39.8404623],[-0.4820371,39.8429622],[-0.4822751,39.8431681],[-0.482449,39.8433458],[-0.482648,39.8435984],[-0.4828031,39.8438519],[-0.4829185,39.8441146],[-0.482977,39.8442919],[-0.483026,39.8445057],[-0.4830521,39.8447217],[-0.4830542,39.8449537],[-0.4830314,39.8451831],[-0.4829854,39.8454104],[-0.4829224,39.8456008],[-0.4827528,39.8459707],[-0.4803029,39.8504427],[-0.4801975,39.8506694],[-0.480106,39.8509453],[-0.4800543,39.8511874],[-0.4800342,39.851401],[-0.4800573,39.8517561],[-0.4801245,39.8520599],[-0.4802357,39.8523438],[-0.4804072,39.8526481],[-0.4806505,39.8529599],[-0.4809371,39.8532852],[-0.4825173,39.8550038],[-0.4828096,39.855266],[-0.4830394,39.8554341],[-0.4833883,39.8556365],[-0.4837891,39.8558129],[-0.4842451,39.8559531],[-0.4846503,39.8560337],[-0.4850929,39.8560813],[-0.4854877,39.8560805],[-0.4858038,39.8560568],[-0.4861386,39.8560059],[-0.4864526,39.8559323],[-0.4868214,39.8558107],[-0.4872729,39.8556171],[-0.4886485,39.8548802],[-0.4890345,39.8546953],[-0.4895189,39.8545113],[-0.4899887,39.8543986],[-0.4905012,39.8543413],[-0.491067,39.8543406],[-0.4935365,39.8545544],[-0.4940506,39.8546313],[-0.4945499,39.8547528],[-0.495028,39.8549173],[-0.4955713,39.8551762],[-0.4958877,39.8553728],[-0.496396,39.8557618],[-0.4984315,39.8574883],[-0.4987561,39.8578122],[-0.4988618,39.8579369],[-0.4990265,39.8581799],[-0.4991787,39.8584814],[-0.4992844,39.8587964],[-0.4993454,39.8591891],[-0.4993291,39.8595802],[-0.4992304,39.8599929],[-0.4990752,39.8603429],[-0.4988633,39.8606699],[-0.4986,39.8609672],[-0.4982935,39.8612263],[-0.4980947,39.861366],[-0.4978315,39.8615225],[-0.4976328,39.8616202],[-0.4947433,39.8628141],[-0.4943453,39.862998],[-0.4940257,39.8631789],[-0.4936717,39.863425],[-0.4933354,39.8637149],[-0.4929487,39.8641435],[-0.4927331,39.8644593],[-0.4925571,39.8647828],[-0.4924078,39.865187],[-0.4923426,39.8654708],[-0.4923052,39.8657255],[-0.4922952,39.8660466],[-0.4923157,39.8663167],[-0.4923512,39.8665347],[-0.4924161,39.8667982],[-0.4925016,39.8670384],[-0.4927159,39.867467],[-0.4929818,39.8678539],[-0.4933096,39.8682173],[-0.493686,39.8685363],[-0.4941136,39.8688238],[-0.4945827,39.8690734],[-0.5010975,39.8720435],[-0.5025319,39.8727294],[-0.5060045,39.8743166],[-0.5070661,39.8747849],[-0.5079555,39.8751532],[-0.5086927,39.8753606],[-0.5107923,39.8758742],[-0.5113362,39.8760433],[-0.5116969,39.8761834],[-0.5119911,39.8763246],[-0.5122962,39.8764988],[-0.5126165,39.876718],[-0.5129276,39.876977],[-0.5131936,39.8772472],[-0.5134414,39.8775567],[-0.5136252,39.8778412],[-0.514153,39.8789252],[-0.5160203,39.8829179],[-0.5161827,39.8833779],[-0.5165143,39.8847307],[-0.5165841,39.8849676],[-0.5166757,39.8852039],[-0.5168472,39.8855064],[-0.5171755,39.8859583],[-0.5174349,39.8862165],[-0.5177389,39.8864441],[-0.5180814,39.8866365],[-0.5183594,39.8867553],[-0.5186523,39.8868509],[-0.5190599,39.8869403],[-0.5194798,39.8869846],[-0.5198572,39.8869854],[-0.5217361,39.887068],[-0.522329,39.8871596],[-0.522834,39.8873072],[-0.5233159,39.8875238],[-0.5237115,39.8877739],[-0.5239136,39.8879287],[-0.525167,39.8889889],[-0.5255839,39.8892931],[-0.5258516,39.8894456],[-0.5261432,39.8895758],[-0.5266228,39.8897336],[-0.5268769,39.8897932],[-0.527774,39.8899398],[-0.5361824,39.8911942],[-0.5368615,39.8913295],[-0.5374285,39.8915053],[-0.5378071,39.8916662],[-0.5383093,39.8919395],[-0.5386432,39.8921735],[-0.5389003,39.8923861],[-0.539193,39.8926808],[-0.5405872,39.894321],[-0.5409152,39.894674],[-0.541304,39.8950268],[-0.5417257,39.8953365],[-0.5422889,39.895656],[-0.5428432,39.8959186],[-0.5473469,39.8978584],[-0.5479538,39.898092],[-0.5483998,39.8982188],[-0.5487532,39.8982894],[-0.5490467,39.8983282],[-0.5494751,39.8983573],[-0.549991,39.8983684],[-0.5542364,39.8983473],[-0.5547573,39.8983819],[-0.5552876,39.8984796],[-0.5558193,39.8986501],[-0.5561181,39.8987845],[-0.5563439,39.8989095],[-0.5567619,39.8992083],[-0.557007,39.8994385],[-0.5572158,39.8996898],[-0.5573877,39.8999574],[-0.5575133,39.9002286],[-0.557705,39.9007544],[-0.5585687,39.9034146],[-0.5586637,39.9037944],[-0.5587078,39.9041265],[-0.5586875,39.9044802],[-0.5586332,39.9047426],[-0.5585223,39.9050569],[-0.5583732,39.9053445],[-0.5582122,39.9055791],[-0.5580886,39.9057284],[-0.5569953,39.9068969],[-0.5567924,39.9071381],[-0.5565485,39.9075165],[-0.5564417,39.9077385],[-0.5563679,39.9079397],[-0.5563069,39.9081934],[-0.5562784,39.9084817],[-0.5562913,39.9087889],[-0.5563387,39.9090498],[-0.5564192,39.9093059],[-0.5565319,39.9095547],[-0.5567364,39.9098795],[-0.5568914,39.9100693],[-0.557148,39.9103229],[-0.5574638,39.9105671],[-0.5577807,39.9107595],[-0.5580958,39.9109112],[-0.5623355,39.9124891],[-0.5692133,39.9150077],[-0.5734092,39.9165939],[-0.5739386,39.9168275],[-0.5743477,39.9170867],[-0.5746986,39.9173948],[-0.5749196,39.917646],[-0.5751499,39.9179991],[-0.5753154,39.9183677],[-0.5754057,39.9187434],[-0.5754279,39.9189709],[-0.5754261,39.9192136],[-0.5753715,39.9195447],[-0.57525,39.9198844],[-0.5751462,39.9201008],[-0.5750833,39.9202152],[-0.5748356,39.9205442],[-0.5745508,39.9208134],[-0.5743412,39.9209793],[-0.5739998,39.921206],[-0.5737557,39.9213412],[-0.5732339,39.9215705],[-0.5726049,39.9217596],[-0.5718875,39.9219281],[-0.5704984,39.9221929],[-0.5701318,39.9223019],[-0.5699366,39.9223716],[-0.5694638,39.9226011],[-0.569024,39.9229007],[-0.5687379,39.9231601],[-0.5686037,39.9233122],[-0.568453,39.9235154],[-0.5683194,39.9237409],[-0.5682173,39.9239622],[-0.5681177,39.9242322],[-0.5677303,39.9254981],[-0.5676003,39.9258492],[-0.5674649,39.9261096],[-0.5672663,39.9263894],[-0.5670315,39.926644],[-0.5668493,39.9268092],[-0.564471,39.9288214],[-0.5641087,39.9290807],[-0.5637231,39.9292956],[-0.5632971,39.9294599],[-0.5628434,39.9295848],[-0.5622829,39.9296673],[-0.5617202,39.9296818],[-0.5613159,39.9296587],[-0.5520368,39.9288756],[-0.5513797,39.9288558],[-0.5510036,39.9288768],[-0.5506181,39.9289298],[-0.5503328,39.9289892],[-0.5500436,39.9290752],[-0.5497334,39.929191],[-0.549355,39.9293764],[-0.5490371,39.9295796],[-0.5488344,39.9297327],[-0.5486471,39.9299068],[-0.5483913,39.9301995],[-0.5482396,39.9304206],[-0.5481199,39.9306527],[-0.5480362,39.9308583],[-0.5479718,39.9310828],[-0.5479341,39.9313044],[-0.5479214,39.9316108],[-0.5479572,39.9319326],[-0.5480102,39.9321494],[-0.548097,39.9323827],[-0.5482072,39.9326084],[-0.548331,39.9328063],[-0.5484846,39.9330058],[-0.5487455,39.9332718],[-0.5489712,39.9334586],[-0.5494317,39.9337498],[-0.5498014,39.9339213],[-0.5502327,39.9340743],[-0.5519581,39.9345342],[-0.5524225,39.9346778],[-0.5527112,39.934791],[-0.5532451,39.9350426],[-0.5555953,39.9362785],[-0.5561,39.9365618],[-0.5564556,39.9367968],[-0.5566903,39.9369764],[-0.5569339,39.9371947],[-0.5571925,39.9374743],[-0.5575113,39.9378892],[-0.558519,39.9393403],[-0.558777,39.9396554],[-0.5590654,39.9399559],[-0.5593487,39.9402037],[-0.55965,39.940439],[-0.5610111,39.9414019],[-0.5615249,39.9417402],[-0.5620397,39.9420274],[-0.5626359,39.9422837],[-0.5631051,39.9424409],[-0.5635217,39.9425447],[-0.5640486,39.9426427],[-0.5646227,39.9427],[-0.5651727,39.9427167],[-0.5657122,39.9427051],[-0.5679076,39.9425996],[-0.5685526,39.9426238],[-0.5688936,39.94267],[-0.5694293,39.9427931],[-0.5698915,39.9429719],[-0.5702216,39.9431467],[-0.57051,39.9433322],[-0.5708678,39.94364],[-0.571134,39.9439507],[-0.571342,39.944284],[-0.5714696,39.9446005],[-0.5715471,39.9448716],[-0.571619,39.9452711],[-0.5717368,39.9461093],[-0.5718382,39.9466148],[-0.5719272,39.9468714],[-0.5719877,39.9469952],[-0.5720797,39.9471631],[-0.5722067,39.9473496]]}},{"type":"Feature","properties":{"shape_id":"40_C6","ref":"C6","name":"Valencia Nord - Castelló de la Plana","route":"train","colour":"#0D3386"},"geometry":{"type":"LineString","coordinates":[[-0.0520723,39.9882116],[-0.0524404,39.9877724],[-0.0526704,39.9874651],[-0.0529489,39.9870372],[-0.0532225,39.9865746],[-0.0548719,39.9831814],[-0.0552248,39.9825396],[-0.055615,39.9819061],[-0.0560929,39.9812118],[-0.0566321,39.9805135],[-0.0581753,39.9787503],[-0.0584539,39.97838],[-0.0588334,39.9777902],[-0.0591106,39.9772686],[-0.0593582,39.9766915],[-0.0594971,39.9762878],[-0.0597416,39.9754107],[-0.0599422,39.9747849],[-0.0601295,39.9742837],[-0.0602656,39.9739685],[-0.0604571,39.9735823],[-0.0607701,39.9730378],[-0.0610458,39.9726271],[-0.0613566,39.972225],[-0.0617311,39.9717849],[-0.0636751,39.9696607],[-0.0870965,39.9435865],[-0.0876517,39.9429515],[-0.089796,39.9405722],[-0.0913773,39.9387391],[-0.0968924,39.9325862],[-0.098501,39.9308057],[-0.1005034,39.9286381],[-0.1013594,39.9276338],[-0.1016533,39.9272349],[-0.1020533,39.9266048],[-0.1022742,39.9261789],[-0.1024803,39.9257293],[-0.1027713,39.9247893],[-0.1028553,39.9244492],[-0.1029262,39.9240067],[-0.1029855,39.9233694],[-0.1029926,39.9229866],[-0.1028799,39.9197451],[-0.1028323,39.9188294],[-0.1021747,39.9021282],[-0.1021496,39.9009709],[-0.1021844,39.9004603],[-0.1022582,39.8999182],[-0.1024388,39.8992126],[-0.1025638,39.8988577],[-0.1027309,39.8984538],[-0.1030877,39.8977758],[-0.1033311,39.8974064],[-0.1034598,39.8972304],[-0.1042857,39.8963632],[-0.1049664,39.8957317],[-0.1058604,39.8949399],[-0.1065969,39.8942529],[-0.1086139,39.8924644],[-0.1090709,39.8920046],[-0.1472742,39.8581178],[-0.1491563,39.8564027],[-0.1507964,39.8549521],[-0.1511976,39.8545859],[-0.1517113,39.8540545],[-0.151948,39.8537762],[-0.1524131,39.8531543],[-0.1528588,39.8524323],[-0.1530224,39.8521255],[-0.1532409,39.8516356],[-0.1534359,39.8510697],[-0.1586509,39.8334934],[-0.1636025,39.8167333],[-0.1639097,39.8157736],[-0.1642059,39.8149709],[-0.164469,39.8143227],[-0.1649735,39.8132395],[-0.1654682,39.8123072],[-0.1661789,39.811127],[-0.1666993,39.8103665],[-0.1673352,39.8095112],[-0.1676438,39.8091151],[-0.168392,39.808237],[-0.1692909,39.8072731],[-0.1716767,39.8048794],[-0.1727376,39.8037364],[-0.1736497,39.8026854],[-0.2070217,39.7628512],[-0.2126638,39.7560996],[-0.2132705,39.7553664],[-0.2141936,39.7542046],[-0.2148191,39.753373],[-0.2197657,39.7465894],[-0.2561841,39.6965841],[-0.2631156,39.6871103],[-0.2656417,39.6836121],[-0.269357,39.6785309],[-0.2697325,39.6779002],[-0.2700411,39.6774406],[-0.2704772,39.6766676],[-0.2706791,39.6763897],[-0.2709149,39.6759709],[-0.272366,39.6740013],[-0.2724549,39.6738047],[-0.2726681,39.6734783],[-0.2727681,39.673294],[-0.274112,39.6702477],[-0.2746913,39.6691662],[-0.2752435,39.668187],[-0.2780138,39.6618774],[-0.2784874,39.660677],[-0.2794047,39.6585805],[-0.2795104,39.6583603],[-0.280004,39.6574588],[-0.2844629,39.6472853],[-0.2851118,39.6458627],[-0.285497,39.6451056],[-0.2860084,39.6442046],[-0.2865524,39.643337],[-0.2876226,39.6417946],[-0.3052665,39.6171194],[-0.3059237,39.616084],[-0.3063987,39.6152246],[-0.3069369,39.614069],[-0.3071679,39.6134892],[-0.3073409,39.6130057],[-0.3075522,39.6123376],[-0.307701,39.6118053],[-0.3078585,39.6111466],[-0.3080133,39.6102963],[-0.3081001,39.6096912],[-0.3084222,39.6068228],[-0.3085961,39.605653],[-0.3087088,39.6050039],[-0.313598,39.579487],[-0.3146392,39.5739594],[-0.3152792,39.5706824],[-0.3235911,39.5271491],[-0.331676,39.4851258],[-0.3318626,39.484236],[-0.3323418,39.4823078],[-0.3324458,39.4818347],[-0.3335293,39.4761154],[-0.3346714,39.4703947],[-0.3347523,39.4698639],[-0.3349208,39.4682842],[-0.3350305,39.4676358],[-0.3351398,39.4671747],[-0.3352671,39.4667389],[-0.3354519,39.4662149],[-0.3356246,39.4657973],[-0.3358212,39.4653802],[-0.336029,39.4649875],[-0.3362676,39.4645824],[-0.3365829,39.4641034],[-0.3370326,39.4635047],[-0.3376243,39.4628273],[-0.3383152,39.4621508],[-0.3387717,39.4617572],[-0.3393532,39.4612883],[-0.3395155,39.4611307],[-0.3398892,39.4606883],[-0.3401245,39.4603191],[-0.3402675,39.460029],[-0.3404175,39.4596136],[-0.3406849,39.4585149],[-0.3412142,39.4564681],[-0.3414355,39.455457],[-0.3418081,39.4533387],[-0.3418547,39.452873],[-0.3418442,39.4523438],[-0.3417823,39.4518925],[-0.3414554,39.4502537],[-0.3413966,39.4497957],[-0.3407709,39.4435194],[-0.3407364,39.4429347],[-0.340768,39.4425989],[-0.3408339,39.4422845],[-0.3410547,39.4415696],[-0.3411841,39.4412199],[-0.341402,39.4408332],[-0.341536,39.4406493],[-0.3417298,39.4404259],[-0.341992,39.440175],[-0.3421842,39.4400197],[-0.3423895,39.4398746],[-0.342729,39.4396706],[-0.3432203,39.4394345],[-0.3438893,39.4392036],[-0.3444576,39.4390754],[-0.3447789,39.4390278],[-0.3451878,39.4389942],[-0.3458581,39.439001],[-0.3464882,39.4390508],[-0.3792279,39.4422425],[-0.3801422,39.4423536],[-0.3806231,39.4424622],[-0.381036,39.4425996],[-0.3812954,39.4427107],[-0.3815032,39.4428166],[-0.3817964,39.4429951],[-0.3821013,39.4432342],[-0.3822232,39.4433579],[-0.3824086,39.4435926],[-0.3831366,39.4449403],[-0.3832205,39.445143],[-0.3832652,39.4453329],[-0.3833022,39.4456207],[-0.3833032,39.4459101],[-0.383255,39.4462566],[-0.3823595,39.4501857],[-0.3821626,39.4510215],[-0.3819442,39.4518542],[-0.3818081,39.4523237],[-0.3809089,39.4548956],[-0.380795,39.4553133],[-0.3805584,39.4564519],[-0.3804106,39.4570507],[-0.3802793,39.4574634],[-0.3795555,39.4595322],[-0.3794248,39.460223],[-0.3793412,39.4605432],[-0.379199,39.4613486],[-0.3789956,39.4620193],[-0.3787434,39.4627543],[-0.3787517,39.4628222],[-0.3785806,39.4633453],[-0.3783515,39.4644167],[-0.37812,39.4650655]]}},{"type":"Feature","properties":{"shape_id":"40_C6_INV","ref":"C6","name":"Castelló de la Plana - Valencia Nord","route":"train","colour":"#0D3386"},"geometry":{"type":"LineString","coordinates":[[-0.37812,39.4650655],[-0.3783515,39.4644167],[-0.3785806,39.4633453],[-0.3787517,39.4628222],[-0.3787434,39.4627543],[-0.3789956,39.4620193],[-0.379199,39.4613486],[-0.3793412,39.4605432],[-0.3794248,39.460223],[-0.3795555,39.4595322],[-0.3802793,39.4574634],[-0.3804106,39.4570507],[-0.3805584,39.4564519],[-0.380795,39.4553133],[-0.3809089,39.4548956],[-0.3818081,39.4523237],[-0.3819442,39.4518542],[-0.3821626,39.4510215],[-0.3823595,39.4501857],[-0.383255,39.4462566],[-0.3833032,39.4459101],[-0.3833022,39.4456207],[-0.3832652,39.4453329],[-0.3832205,39.445143],[-0.3831366,39.4449403],[-0.3824086,39.4435926],[-0.3822232,39.4433579],[-0.3821013,39.4432342],[-0.3817964,39.4429951],[-0.3815032,39.4428166],[-0.3812954,39.4427107],[-0.381036,39.4425996],[-0.3806231,39.4424622],[-0.3801422,39.4423536],[-0.3792279,39.4422425],[-0.3464882,39.4390508],[-0.3458581,39.439001],[-0.3451878,39.4389942],[-0.3447789,39.4390278],[-0.3444576,39.4390754],[-0.3438893,39.4392036],[-0.3432203,39.4394345],[-0.342729,39.4396706],[-0.3423895,39.4398746],[-0.3421842,39.4400197],[-0.341992,39.440175],[-0.3417298,39.4404259],[-0.341536,39.4406493],[-0.341402,39.4408332],[-0.3411841,39.4412199],[-0.3410547,39.4415696],[-0.3408339,39.4422845],[-0.340768,39.4425989],[-0.3407364,39.4429347],[-0.3407709,39.4435194],[-0.3413966,39.4497957],[-0.3414554,39.4502537],[-0.3417823,39.4518925],[-0.3418442,39.4523438],[-0.3418547,39.452873],[-0.3418081,39.4533387],[-0.3414355,39.455457],[-0.3412142,39.4564681],[-0.3406849,39.4585149],[-0.3404175,39.4596136],[-0.3402675,39.460029],[-0.3401245,39.4603191],[-0.3398892,39.4606883],[-0.3395155,39.4611307],[-0.3393532,39.4612883],[-0.3387717,39.4617572],[-0.3383152,39.4621508],[-0.3376243,39.4628273],[-0.3370326,39.4635047],[-0.3365829,39.4641034],[-0.3362676,39.4645824],[-0.336029,39.4649875],[-0.3358212,39.4653802],[-0.3356246,39.4657973],[-0.3354519,39.4662149],[-0.3352671,39.4667389],[-0.3351398,39.4671747],[-0.3350305,39.4676358],[-0.3349208,39.4682842],[-0.3347523,39.4698639],[-0.3346714,39.4703947],[-0.3335293,39.4761154],[-0.3324458,39.4818347],[-0.3323418,39.4823078],[-0.3318626,39.484236],[-0.331676,39.4851258],[-0.3235911,39.5271491],[-0.3152792,39.5706824],[-0.3146392,39.5739594],[-0.313598,39.579487],[-0.3087088,39.6050039],[-0.3085961,39.605653],[-0.3084222,39.6068228],[-0.3081001,39.6096912],[-0.3080133,39.6102963],[-0.3078585,39.6111466],[-0.307701,39.6118053],[-0.3075522,39.6123376],[-0.3073409,39.6130057],[-0.3071679,39.6134892],[-0.3069369,39.614069],[-0.3063987,39.6152246],[-0.3059237,39.616084],[-0.3052665,39.6171194],[-0.2876226,39.6417946],[-0.2865524,39.643337],[-0.2860084,39.6442046],[-0.285497,39.6451056],[-0.2851118,39.6458627],[-0.2844629,39.6472853],[-0.280004,39.6574588],[-0.2795104,39.6583603],[-0.2794047,39.6585805],[-0.2784874,39.660677],[-0.2780138,39.6618774],[-0.2752435,39.668187],[-0.2746913,39.6691662],[-0.274112,39.6702477],[-0.2727681,39.673294],[-0.2726681,39.6734783],[-0.2724549,39.6738047],[-0.272366,39.6740013],[-0.2709149,39.6759709],[-0.2706791,39.6763897],[-0.2704772,39.6766676],[-0.2700411,39.6774406],[-0.2697325,39.6779002],[-0.269357,39.6785309],[-0.2656417,39.6836121],[-0.2631156,39.6871103],[-0.2561841,39.6965841],[-0.2197657,39.7465894],[-0.2148191,39.753373],[-0.2141936,39.7542046],[-0.2132705,39.7553664],[-0.2126638,39.7560996],[-0.2070217,39.7628512],[-0.1736497,39.8026854],[-0.1727376,39.8037364],[-0.1716767,39.8048794],[-0.1692909,39.8072731],[-0.168392,39.808237],[-0.1676438,39.8091151],[-0.1673352,39.8095112],[-0.1666993,39.8103665],[-0.1661789,39.811127],[-0.1654682,39.8123072],[-0.1649735,39.8132395],[-0.164469,39.8143227],[-0.1642059,39.8149709],[-0.1639097,39.8157736],[-0.1636025,39.8167333],[-0.1586509,39.8334934],[-0.1534359,39.8510697],[-0.1532409,39.8516356],[-0.1530224,39.8521255],[-0.1528588,39.8524323],[-0.1524131,39.8531543],[-0.151948,39.8537762],[-0.1517113,39.8540545],[-0.1511976,39.8545859],[-0.1507964,39.8549521],[-0.1491563,39.8564027],[-0.1472742,39.8581178],[-0.1090709,39.8920046],[-0.1086139,39.8924644],[-0.1065969,39.8942529],[-0.1058604,39.8949399],[-0.1049664,39.8957317],[-0.1042857,39.8963632],[-0.1034598,39.8972304],[-0.1033311,39.8974064],[-0.1030877,39.8977758],[-0.1027309,39.8984538],[-0.1025638,39.8988577],[-0.1024388,39.8992126],[-0.1022582,39.8999182],[-0.1021844,39.9004603],[-0.1021496,39.9009709],[-0.1021747,39.9021282],[-0.1028323,39.9188294],[-0.1028799,39.9197451],[-0.1029926,39.9229866],[-0.1029855,39.9233694],[-0.1029262,39.9240067],[-0.1028553,39.9244492],[-0.1027713,39.9247893],[-0.1024803,39.9257293],[-0.1022742,39.9261789],[-0.1020533,39.9266048],[-0.1016533,39.9272349],[-0.1013594,39.9276338],[-0.1005034,39.9286381],[-0.098501,39.9308057],[-0.0968924,39.9325862],[-0.0913773,39.9387391],[-0.089796,39.9405722],[-0.0876517,39.9429515],[-0.0870965,39.9435865],[-0.0636751,39.9696607],[-0.0617311,39.9717849],[-0.0613566,39.972225],[-0.0610458,39.9726271],[-0.0607701,39.9730378],[-0.0604571,39.9735823],[-0.0602656,39.9739685],[-0.0601295,39.9742837],[-0.0599422,39.9747849],[-0.0597416,39.9754107],[-0.0594971,39.9762878],[-0.0593582,39.9766915],[-0.0591106,39.9772686],[-0.0588334,39.9777902],[-0.0584539,39.97838],[-0.0581753,39.9787503],[-0.0566321,39.9805135],[-0.0560929,39.9812118],[-0.055615,39.9819061],[-0.0552248,39.9825396],[-0.0548719,39.9831814],[-0.0532225,39.9865746],[-0.0529489,39.9870372],[-0.0526704,39.9874651],[-0.0524404,39.9877724],[-0.0520723,39.9882116]]}}]}